policy,n_jobs_completed,avg_jct_min,p95_jct_min,makespan_min,mean_gpu_utilization,fragmentation_rate,backfill_admissions,n_hosts,boot_rep
FIFO,656,727.1603963414634,2644.0300000000007,11354.0,0.4425607008910223,0.006590909090909091,0,120,0
QSSF_proxy,656,202.91263719512196,777.75,9047.0,0.5554144133874948,0.0018181818181818182,177,120,0
RF_SRPT_proxy,656,202.91263719512196,777.75,9047.0,0.5554144133874948,0.0018181818181818182,175,120,0
Backfill_FIFO,656,203.11842987804877,777.75,9047.0,0.5554144133874948,0.0020454545454545456,247,120,0
Wind_proxy,656,203.11842987804877,777.75,9047.0,0.5554144133874948,0.0025,247,120,0
PredSched_LLM,656,202.91568597560976,777.75,9047.0,0.5554144133874948,0.0027272727272727275,176,120,0
FIFO,656,173.48262195121953,663.25,10115.0,0.29220537362003624,0.003430984428609132,0,120,1
QSSF_proxy,656,170.41402439024392,663.25,10115.0,0.2922053736200361,0.003694906307732911,16,120,1
RF_SRPT_proxy,656,170.41402439024392,663.25,10115.0,0.2922053736200361,0.003694906307732911,16,120,1
Backfill_FIFO,656,170.46128048780488,663.25,10115.0,0.2922053736200361,0.003694906307732911,51,120,1
Wind_proxy,656,170.46128048780488,663.25,10115.0,0.2922053736200361,0.003694906307732911,51,120,1
PredSched_LLM,656,170.66858231707317,663.25,10115.0,0.2922053736200361,0.003430984428609132,16,120,1
FIFO,656,103.23239329268293,357.0,10115.0,0.1832968229939035,0.004401204540189946,0,120,2
QSSF_proxy,656,103.20798780487806,357.0,10115.0,0.1832968229939035,0.004401204540189946,1,120,2
RF_SRPT_proxy,656,103.20798780487806,357.0,10115.0,0.1832968229939035,0.004401204540189946,1,120,2
Backfill_FIFO,656,103.20800304878048,357.0,10115.0,0.1832968229939035,0.004401204540189946,2,120,2
Wind_proxy,656,103.28879573170731,357.0,10115.0,0.1832968229939035,0.0039379198517488995,4,120,2
PredSched_LLM,656,103.25221036585366,357.0,10115.0,0.18329682299390354,0.004169562195969423,2,120,2
FIFO,656,203.66268292682926,1053.25,9047.0,0.30980486625400694,0.0067733990147783255,0,120,3
QSSF_proxy,656,198.7343292682927,975.0,9047.0,0.30980486625400705,0.007389162561576354,1,120,3
RF_SRPT_proxy,656,198.7343292682927,975.0,9047.0,0.30980486625400705,0.007389162561576354,1,120,3
Backfill_FIFO,656,199.14896341463418,975.0,9047.0,0.30980486625400705,0.007389162561576354,26,120,3
Wind_proxy,656,199.14896341463418,975.0,9047.0,0.30980486625400705,0.007389162561576354,26,120,3
PredSched_LLM,656,198.7343292682927,975.0,9047.0,0.30980486625400705,0.005541871921182266,1,120,3
FIFO,656,120.43266768292683,399.25,10115.0,0.18179867049761084,0.006197790353004581,0,120,4
QSSF_proxy,656,120.42958841463414,399.25,10115.0,0.18179867049761084,0.021827000808407437,0,120,4
RF_SRPT_proxy,656,120.42958841463414,399.25,10115.0,0.18179867049761084,0.021827000808407437,0,120,4
Backfill_FIFO,656,120.42958841463414,399.25,10115.0,0.18179867049761084,0.006197790353004581,4,120,4
Wind_proxy,656,120.42196646341463,399.25,10115.0,0.18179867049761084,0.005928321207221773,3,120,4
PredSched_LLM,656,120.45243902439024,399.25,10115.0,0.18179867049761084,0.010778765831312315,0,120,4
FIFO,656,1192.2205030487808,4694.01,12919.01,0.3975187501467475,0.0033127208480565372,0,120,5
QSSF_proxy,656,164.368506097561,671.25,10232.0,0.5019105461623665,0.0015459363957597172,143,120,5
RF_SRPT_proxy,656,164.368506097561,671.25,10232.0,0.5019105461623665,0.0015459363957597172,141,120,5
Backfill_FIFO,656,165.85022865853657,775.75,10636.0,0.48284587329196443,0.0015459363957597172,171,120,5
Wind_proxy,656,165.85785060975607,775.75,10636.0,0.48284587329196443,0.0015459363957597172,171,120,5
PredSched_LLM,656,164.3593597560976,671.25,10232.0,0.5019105461623665,0.0015459363957597172,141,120,5
FIFO,656,690.9500914634148,2573.75,11126.01,0.3736318479925268,0.003706645485835319,0,120,6
QSSF_proxy,656,213.0041768292683,1440.0,10115.0,0.410976932979074,0.0029123643102991793,144,120,6
RF_SRPT_proxy,656,213.0041768292683,1440.0,10115.0,0.410976932979074,0.0029123643102991793,141,120,6
Backfill_FIFO,656,213.0041768292683,1440.0,10115.0,0.410976932979074,0.0026476039184537992,221,120,6
Wind_proxy,656,213.0041768292683,1440.0,10115.0,0.410976932979074,0.0026476039184537992,221,120,6
PredSched_LLM,656,213.0041768292683,1440.0,10115.0,0.410976932979074,0.0023828435266084196,141,120,6
FIFO,656,164.74512195121952,755.0,10115.0,0.3188619665513263,0.01823109140182311,0,120,7
QSSF_proxy,656,139.6673780487805,518.75,10115.0,0.3188619665513263,0.018477457501847747,16,120,7
RF_SRPT_proxy,656,139.6673780487805,518.75,10115.0,0.3188619665513263,0.018477457501847747,16,120,7
Backfill_FIFO,656,139.71768292682927,662.5,10115.0,0.31886196655132637,0.018970189701897018,65,120,7
Wind_proxy,656,139.9814024390244,662.5,10115.0,0.31886196655132637,0.014042867701404288,83,120,7
PredSched_LLM,656,149.94024390243902,681.5,10115.0,0.3188619665513263,0.013550135501355014,7,120,7
FIFO,656,163.98278963414634,632.0,10115.0,0.32681561006755644,0.0031660983925962008,0,120,8
QSSF_proxy,656,144.5153506097561,651.0,10115.0,0.3268156100675564,0.003896736483195324,39,120,8
RF_SRPT_proxy,656,144.5153506097561,651.0,10115.0,0.3268156100675564,0.003896736483195324,35,120,8
Backfill_FIFO,656,143.5505335365854,615.5,10115.0,0.3268156100675564,0.003653190452995616,82,120,8
Wind_proxy,656,143.85541158536586,615.5,10115.0,0.3268156100675564,0.0031660983925962008,99,120,8
PredSched_LLM,656,144.50169207317074,651.0,10115.0,0.3268156100675564,0.003653190452995616,40,120,8
FIFO,656,1273.3764939024393,4182.0,13035.0,0.35517291267101375,0.0036131774707757703,0,120,9
QSSF_proxy,656,225.26006097560978,1001.0,10115.0,0.4577042923051575,0.002763018065887354,151,120,9
RF_SRPT_proxy,656,225.26006097560978,1001.0,10115.0,0.4577042923051575,0.002763018065887354,151,120,9
Backfill_FIFO,656,225.23724085365853,1001.0,10115.0,0.4577042923051575,0.002975557917109458,203,120,9
Wind_proxy,656,225.23724085365853,1001.0,10115.0,0.4577042923051575,0.0023379383634431457,203,120,9
PredSched_LLM,656,225.19603658536587,1001.0,10115.0,0.4577042923051575,0.0023379383634431457,151,120,9
FIFO,656,173.8072865853659,928.75,10115.0,0.2306399901136925,0.016304347826086956,0,120,10
QSSF_proxy,656,168.17161585365855,911.25,10115.0,0.2306399901136926,0.028903162055335968,12,120,10
RF_SRPT_proxy,656,168.17161585365855,911.25,10115.0,0.2306399901136926,0.028903162055335968,12,120,10
Backfill_FIFO,656,168.70974085365853,911.25,10115.0,0.2306399901136926,0.0029644268774703555,47,120,10
Wind_proxy,656,168.75853658536587,911.25,10115.0,0.23063999011369252,0.002223320158102767,54,120,10
PredSched_LLM,656,172.39725609756098,911.25,10115.0,0.23063999011369252,0.010622529644268774,20,120,10
FIFO,656,130.39448170731708,453.5,6257.0,0.25428205076980437,0.005643075476134493,0,120,11
QSSF_proxy,656,130.07283536585368,453.5,6257.0,0.25428205076980437,0.005878203620973431,4,120,11
RF_SRPT_proxy,656,130.07283536585368,453.5,6257.0,0.25428205076980437,0.005878203620973431,4,120,11
Backfill_FIFO,656,129.66582317073173,453.5,6257.0,0.25428205076980437,0.005643075476134493,16,120,11
Wind_proxy,656,129.66582317073173,453.5,6257.0,0.25428205076980437,0.005878203620973431,16,120,11
PredSched_LLM,656,130.02097560975608,453.5,6257.0,0.25428205076980437,0.006348459910651305,2,120,11
FIFO,656,103.12283536585366,424.25,5583.0,0.25755462452982264,0.006053550640279395,0,120,12
QSSF_proxy,656,102.9582012195122,424.25,5583.0,0.25755462452982264,0.019557625145518044,6,120,12
RF_SRPT_proxy,656,102.9582012195122,424.25,5583.0,0.25755462452982264,0.019557625145518044,6,120,12
Backfill_FIFO,656,102.9582012195122,424.25,5583.0,0.25755462452982264,0.006519208381839348,20,120,12
Wind_proxy,656,102.97496951219513,424.25,5583.0,0.25755462452982264,0.005355064027939465,20,120,12
PredSched_LLM,656,105.18838414634146,439.25,5583.0,0.2575546245298226,0.010942956926658906,13,120,12
FIFO,656,138.8257012195122,535.25,9047.0,0.28183581228584054,0.020349595617010174,0,120,13
QSSF_proxy,656,132.73274390243904,535.25,9047.0,0.2818358122858406,0.004696060527002348,10,120,13
RF_SRPT_proxy,656,132.73274390243904,535.25,9047.0,0.2818358122858406,0.004696060527002348,10,120,13
Backfill_FIFO,656,132.9933841463415,535.25,9047.0,0.28183581228584065,0.020088703365510045,35,120,13
Wind_proxy,656,133.02387195121955,535.25,9047.0,0.28183581228584065,0.016697104096008348,38,120,13
PredSched_LLM,656,132.71900914634148,535.25,9047.0,0.2818358122858406,0.003652491521001826,9,120,13
FIFO,656,93.94634146341464,309.5,6257.0,0.25956928240370797,0.00741962077493817,0,120,14
QSSF_proxy,656,93.05762195121952,295.0,6257.0,0.2595692824037079,0.007694421544380325,6,120,14
RF_SRPT_proxy,656,93.05762195121952,295.0,6257.0,0.2595692824037079,0.007694421544380325,6,120,14
Backfill_FIFO,656,92.77408536585367,309.5,6257.0,0.2595692824037079,0.007694421544380325,25,120,14
Wind_proxy,656,92.77408536585367,309.5,6257.0,0.2595692824037079,0.007694421544380325,25,120,14
PredSched_LLM,656,93.05762195121952,295.0,6257.0,0.2595692824037079,0.006320417697169552,6,120,14
FIFO,656,332.4235060975611,1280.0025,9462.0,0.3079306083985062,0.004733727810650888,0,120,15
QSSF_proxy,656,159.66725609756097,863.5,9047.0,0.3220558656644929,0.0021301775147928993,107,120,15
RF_SRPT_proxy,656,159.66725609756097,863.5,9047.0,0.3220558656644929,0.0021301775147928993,104,120,15
Backfill_FIFO,656,159.6733536585366,863.5,9047.0,0.3220558656644929,0.002366863905325444,131,120,15
Wind_proxy,656,160.71759146341464,863.5,9824.0,0.29658381684310536,0.002366863905325444,139,120,15
PredSched_LLM,656,161.3288262195122,863.5,10066.0,0.2894535482482284,0.013964497041420118,106,120,15
FIFO,656,105.29105182926828,435.0,9047.0,0.18394198122766298,0.015416005440943096,0,120,16
QSSF_proxy,656,104.05176829268294,393.25,9047.0,0.18394198122766295,0.0034005894355021537,16,120,16
RF_SRPT_proxy,656,104.05176829268294,393.25,9047.0,0.18394198122766295,0.0034005894355021537,16,120,16
Backfill_FIFO,656,104.17975609756097,393.25,9047.0,0.18394198122766292,0.016096123328043527,28,120,16
Wind_proxy,656,104.20414634146341,393.25,9047.0,0.18394198122766295,0.015416005440943096,28,120,16
PredSched_LLM,656,104.24384146341464,393.25,9047.0,0.18394198122766292,0.0034005894355021537,13,120,16
FIFO,656,140.94423780487804,394.0,10115.0,0.27153100490196075,0.01570926143024619,0,120,17
QSSF_proxy,656,140.4747256097561,394.0,10115.0,0.27153100490196075,0.016647127784290738,17,120,17
RF_SRPT_proxy,656,140.4747256097561,394.0,10115.0,0.27153100490196075,0.016647127784290738,14,120,17
Backfill_FIFO,656,140.4747256097561,394.0,10115.0,0.27153100490196075,0.002579132473622509,28,120,17
Wind_proxy,656,140.4747256097561,394.0,10115.0,0.27153100490196075,0.002579132473622509,28,120,17
PredSched_LLM,656,140.51131097560975,394.0,10115.0,0.27153100490196075,0.017116060961313014,18,120,17
FIFO,656,132.85006097560975,651.0,9047.0,0.25801314086621707,0.014458351316357358,0,120,18
QSSF_proxy,656,132.68996951219512,651.0,9047.0,0.25801314086621707,0.014458351316357358,9,120,18
RF_SRPT_proxy,656,132.68996951219512,651.0,9047.0,0.25801314086621707,0.014458351316357358,9,120,18
Backfill_FIFO,656,132.68996951219512,651.0,9047.0,0.25801314086621707,0.0015105740181268882,20,120,18
Wind_proxy,656,132.78905487804877,651.0,9047.0,0.25801314086621707,0.001294777729823047,31,120,18
PredSched_LLM,656,132.84702743902437,651.0,9047.0,0.25801314086621707,0.014889943892965041,8,120,18
FIFO,656,1627.666981707317,4938.25,13155.02,0.3382346807213774,0.006790123456790123,0,120,19
QSSF_proxy,656,209.19016768292684,898.0,10115.0,0.4398896677788762,0.0024691358024691358,163,120,19
RF_SRPT_proxy,656,209.19016768292684,898.0,10115.0,0.4398896677788762,0.0024691358024691358,160,120,19
Backfill_FIFO,656,208.7983993902439,898.0,10115.0,0.4398896677788763,0.0024691358024691358,242,120,19
Wind_proxy,656,208.7983993902439,898.0,10115.0,0.4398896677788763,0.0012345679012345679,242,120,19
PredSched_LLM,656,209.19016768292684,898.0,10115.0,0.4398896677788762,0.001851851851851852,160,120,19
FIFO,656,136.72062499999998,367.0,10115.0,0.2581272851787773,0.020433905146316853,0,120,20
QSSF_proxy,656,136.63827743902436,367.0,10115.0,0.2581272851787773,0.01992936427850656,4,120,20
RF_SRPT_proxy,656,136.63827743902436,367.0,10115.0,0.2581272851787773,0.01992936427850656,4,120,20
Backfill_FIFO,656,136.63830792682927,367.0,10115.0,0.2581272851787773,0.020433905146316853,8,120,20
Wind_proxy,656,136.63830792682927,367.0,10115.0,0.2581272851787773,0.017154389505549948,8,120,20
PredSched_LLM,656,136.8440701219512,367.0,10115.0,0.25812728517877725,0.013118062563067608,8,120,20
FIFO,656,111.70083841463415,397.0,9047.0,0.24023827189491917,0.005012531328320802,0,120,21
QSSF_proxy,656,111.70083841463415,397.0,9047.0,0.24023827189491917,0.004761904761904762,0,120,21
RF_SRPT_proxy,656,111.70083841463415,397.0,9047.0,0.24023827189491917,0.004761904761904762,0,120,21
Backfill_FIFO,656,111.70083841463415,397.0,9047.0,0.24023827189491917,0.005012531328320802,0,120,21
Wind_proxy,656,111.7298018292683,397.0,9047.0,0.24023827189491917,0.005012531328320802,0,120,21
PredSched_LLM,656,111.921875,397.0,9047.0,0.24023827189491911,0.004761904761904762,1,120,21
FIFO,656,151.0953048780488,535.25,10115.0,0.20423707571263794,0.022944550669216062,0,120,22
QSSF_proxy,656,150.24012195121955,535.25,10115.0,0.204237075712638,0.007375034143676591,10,120,22
RF_SRPT_proxy,656,150.24012195121955,535.25,10115.0,0.204237075712638,0.007375034143676591,9,120,22
Backfill_FIFO,656,150.25536585365856,535.25,10115.0,0.20423707571263794,0.022944550669216062,27,120,22
Wind_proxy,656,150.45201219512197,535.25,10115.0,0.20423707571263794,0.01666211417645452,34,120,22
PredSched_LLM,656,150.25536585365856,535.25,10115.0,0.204237075712638,0.0038240917782026767,8,120,22
FIFO,656,127.68849085365855,700.0,10115.0,0.17000772367770636,0.017607332368547998,0,120,23
QSSF_proxy,656,126.8866768292683,700.0,10115.0,0.17000772367770636,0.017607332368547998,13,120,23
RF_SRPT_proxy,656,126.8866768292683,700.0,10115.0,0.17000772367770636,0.017607332368547998,13,120,23
Backfill_FIFO,656,126.900381097561,700.0,10115.0,0.17000772367770636,0.017366136034732273,42,120,23
Wind_proxy,656,127.24032012195121,700.0,10115.0,0.17000772367770636,0.008683068017366137,57,120,23
PredSched_LLM,656,127.82423780487807,700.0,10115.0,0.17000772367770625,0.013506994693680656,29,120,23
FIFO,656,105.09727134146341,379.5,6257.0,0.3711314910633425,0.0021598272138228943,0,120,24
QSSF_proxy,656,94.51952743902439,395.25,6257.0,0.37113149106334226,0.029517638588912886,11,120,24
RF_SRPT_proxy,656,94.51952743902439,395.25,6257.0,0.37113149106334226,0.029517638588912886,11,120,24
Backfill_FIFO,656,94.48751524390244,379.5,6257.0,0.3711314910633423,0.001919846412287017,55,120,24
Wind_proxy,656,94.80153963414634,379.5,6257.0,0.3711314910633423,0.0021598272138228943,55,120,24
PredSched_LLM,656,96.61556402439024,406.0,6257.0,0.37113149106334226,0.014398848092152628,11,120,24
FIFO,656,127.06955792682928,397.0,9047.0,0.2639636804097123,0.005893909626719057,0,120,25
QSSF_proxy,656,127.06193597560976,397.0,9047.0,0.2639636804097123,0.005893909626719057,0,120,25
RF_SRPT_proxy,656,127.06193597560976,397.0,9047.0,0.2639636804097123,0.005893909626719057,0,120,25
Backfill_FIFO,656,127.06193597560976,397.0,9047.0,0.2639636804097123,0.005893909626719057,1,120,25
Wind_proxy,656,127.2037042682927,397.0,9047.0,0.2639636804097123,0.006174571989896155,6,120,25
PredSched_LLM,656,129.90339939024392,407.5,9047.0,0.26396368040971224,0.006735896716250351,7,120,25
FIFO,656,119.48237804878049,602.5,9047.0,0.15471390378025854,0.005336721728081322,0,120,26
QSSF_proxy,656,119.47932926829269,602.5,9047.0,0.15471390378025854,0.00457433290978399,0,120,26
RF_SRPT_proxy,656,119.47932926829269,602.5,9047.0,0.15471390378025854,0.00457433290978399,0,120,26
Backfill_FIFO,656,119.47932926829269,602.5,9047.0,0.15471390378025854,0.005336721728081322,1,120,26
Wind_proxy,656,119.47932926829269,602.5,9047.0,0.15471390378025854,0.006607369758576874,1,120,26
PredSched_LLM,656,119.53722560975609,602.5,9047.0,0.15471390378025857,0.011944091486658195,0,120,26
FIFO,656,139.82996951219513,627.5,9047.0,0.35409933311226566,0.004426002766251729,0,120,27
QSSF_proxy,656,137.70496951219513,627.5,9047.0,0.35409933311226566,0.004702627939142462,14,120,27
RF_SRPT_proxy,656,137.70496951219513,627.5,9047.0,0.35409933311226566,0.004702627939142462,14,120,27
Backfill_FIFO,656,137.70496951219513,627.5,9047.0,0.35409933311226566,0.004702627939142462,28,120,27
Wind_proxy,656,137.72935975609758,627.5,9047.0,0.35409933311226566,0.004426002766251729,28,120,27
PredSched_LLM,656,137.72021341463415,627.5,9047.0,0.35409933311226566,0.004426002766251729,14,120,27
FIFO,656,126.70533536585366,393.25,10115.0,0.2809043798401713,0.0036363636363636364,0,120,28
QSSF_proxy,656,126.69466463414633,393.25,10115.0,0.2809043798401713,0.0036363636363636364,0,120,28
RF_SRPT_proxy,656,126.69466463414633,393.25,10115.0,0.2809043798401713,0.0036363636363636364,0,120,28
Backfill_FIFO,656,126.69466463414633,393.25,10115.0,0.2809043798401713,0.0036363636363636364,3,120,28
Wind_proxy,656,126.83490853658536,393.25,10115.0,0.2809043798401713,0.005681818181818182,10,120,28
PredSched_LLM,656,127.76326219512195,393.25,10115.0,0.2809043798401713,0.007272727272727273,4,120,28
FIFO,656,89.6138262195122,375.0,10115.0,0.0907392774756962,0.0038928326081978477,0,120,29
QSSF_proxy,656,89.55129573170733,375.0,10115.0,0.0907392774756962,0.0036638424547744447,0,120,29
RF_SRPT_proxy,656,89.55129573170733,375.0,10115.0,0.0907392774756962,0.0036638424547744447,0,120,29
Backfill_FIFO,656,89.56346036585367,375.0,10115.0,0.0907392774756962,0.0038928326081978477,15,120,29
Wind_proxy,656,89.56346036585367,375.0,10115.0,0.0907392774756962,0.00412182276162125,15,120,29
PredSched_LLM,656,89.65032012195122,375.0,10115.0,0.0907392774756962,0.002060911380810625,0,120,29
FIFO,656,206.71428353658538,870.0,10115.0,0.3259349501565332,0.005115778136779752,0,120,30
QSSF_proxy,656,170.78586890243903,856.75,10115.0,0.32593495015653323,0.005115778136779752,42,120,30
RF_SRPT_proxy,656,170.78586890243903,856.75,10115.0,0.32593495015653323,0.005115778136779752,41,120,30
Backfill_FIFO,656,171.51759146341465,868.0,10115.0,0.32593495015653323,0.005654281098546042,53,120,30
Wind_proxy,656,171.51759146341465,868.0,10115.0,0.32593495015653323,0.005654281098546042,53,120,30
PredSched_LLM,656,170.78586890243903,856.75,10115.0,0.32593495015653323,0.0045772751750134625,41,120,30
FIFO,656,120.13068597560977,622.0,9047.0,0.22558121246453702,0.0021101992966002345,0,120,31
QSSF_proxy,656,119.77855182926831,622.0,9047.0,0.22558121246453702,0.0011723329425556857,9,120,31
RF_SRPT_proxy,656,119.77855182926831,622.0,9047.0,0.22558121246453702,0.0011723329425556857,9,120,31
Backfill_FIFO,656,119.77855182926831,622.0,9047.0,0.22558121246453702,0.001406799531066823,18,120,31
Wind_proxy,656,119.77855182926831,622.0,9047.0,0.22558121246453702,0.0011723329425556857,18,120,31
PredSched_LLM,656,119.7785213414634,622.0,9047.0,0.22558121246453702,0.0009378663540445487,9,120,31
FIFO,656,253.26297256097558,987.0,10115.0,0.36298297083539316,0.006238003838771593,0,120,32
QSSF_proxy,656,191.6989481707317,902.5,10115.0,0.36298297083539294,0.018953934740882916,60,120,32
RF_SRPT_proxy,656,191.6989481707317,902.5,10115.0,0.36298297083539294,0.018953934740882916,58,120,32
Backfill_FIFO,656,191.72028963414635,902.5,10115.0,0.36298297083539294,0.00527831094049904,70,120,32
Wind_proxy,656,227.04402439024392,951.0,10115.0,0.362982970835393,0.0067178502879078695,83,120,32
PredSched_LLM,656,205.8437804878049,938.0,10115.0,0.36298297083539305,0.01583493282149712,59,120,32
FIFO,656,127.7387804878049,602.5,10115.0,0.28080105247981535,0.019258898098488544,0,120,33
QSSF_proxy,656,127.01317073170733,602.5,10115.0,0.28080105247981535,0.005363237445148708,16,120,33
RF_SRPT_proxy,656,127.01317073170733,602.5,10115.0,0.28080105247981535,0.005363237445148708,16,120,33
Backfill_FIFO,656,127.00707317073173,602.5,10115.0,0.28080105247981535,0.019502681618722574,34,120,33
Wind_proxy,656,145.17672256097563,622.0,10115.0,0.2808010524798154,0.016089712335446125,101,120,33
PredSched_LLM,656,136.15817073170734,644.0,10115.0,0.2808010524798154,0.0031691857630424185,20,120,33
FIFO,656,151.13838414634148,602.5,10115.0,0.23087788659581476,0.018295739348370928,0,120,34
QSSF_proxy,656,151.13838414634148,602.5,10115.0,0.23087788659581476,0.003258145363408521,0,120,34
RF_SRPT_proxy,656,151.13838414634148,602.5,10115.0,0.23087788659581476,0.003258145363408521,0,120,34
Backfill_FIFO,656,151.13838414634148,602.5,10115.0,0.23087788659581476,0.018295739348370928,0,120,34
Wind_proxy,656,151.13838414634148,602.5,10115.0,0.23087788659581476,0.017794486215538845,0,120,34
PredSched_LLM,656,151.13838414634148,602.5,10115.0,0.23087788659581476,0.003258145363408521,0,120,34
FIFO,656,136.39291158536585,394.0,10115.0,0.26422015673916627,0.0025477707006369425,0,120,35
QSSF_proxy,656,136.392881097561,394.0,10115.0,0.26422015673916627,0.0022929936305732482,0,120,35
RF_SRPT_proxy,656,136.392881097561,394.0,10115.0,0.26422015673916627,0.0022929936305732482,0,120,35
Backfill_FIFO,656,136.392881097561,394.0,10115.0,0.26422015673916627,0.0025477707006369425,2,120,35
Wind_proxy,656,136.392881097561,394.0,10115.0,0.26422015673916627,0.0022929936305732482,2,120,35
PredSched_LLM,656,136.39286585365855,394.0,10115.0,0.26422015673916627,0.006878980891719746,0,120,35
FIFO,656,129.1751524390244,406.0,9047.0,0.2747030023764784,0.025064599483204133,0,120,36
QSSF_proxy,656,124.63675304878049,406.0,9047.0,0.2747030023764784,0.022997416020671835,18,120,36
RF_SRPT_proxy,656,124.63675304878049,406.0,9047.0,0.2747030023764784,0.022997416020671835,18,120,36
Backfill_FIFO,656,125.33490853658539,406.0,9047.0,0.2747030023764784,0.025064599483204133,67,120,36
Wind_proxy,656,125.3471036585366,406.0,9047.0,0.2747030023764784,0.022739018087855296,67,120,36
PredSched_LLM,656,124.88216463414636,406.0,9047.0,0.2747030023764783,0.02739018087855297,15,120,36
FIFO,656,167.35458841463418,898.0,10115.0,0.2924111643186687,0.004545454545454545,0,120,37
QSSF_proxy,656,163.89727134146344,898.0,10115.0,0.2924111643186687,0.004797979797979798,4,120,37
RF_SRPT_proxy,656,163.89727134146344,898.0,10115.0,0.2924111643186687,0.004797979797979798,4,120,37
Backfill_FIFO,656,163.90032012195124,898.0,10115.0,0.2924111643186687,0.005050505050505051,27,120,37
Wind_proxy,656,163.76922256097563,898.0,10115.0,0.2924111643186687,0.004797979797979798,31,120,37
PredSched_LLM,656,164.57714939024393,898.0,10115.0,0.2924111643186687,0.006060606060606061,7,120,37
FIFO,656,272.64317073170736,920.7575000000002,10115.0,0.3218742739742955,0.0017595307917888563,0,120,38
QSSF_proxy,656,203.96141768292688,896.5025,10115.0,0.3218742739742956,0.001466275659824047,62,120,38
RF_SRPT_proxy,656,203.96141768292688,896.5025,10115.0,0.3218742739742956,0.001466275659824047,59,120,38
Backfill_FIFO,656,204.00260670731706,896.5025,10115.0,0.3218742739742956,0.0011730205278592375,72,120,38
Wind_proxy,656,236.2277439024391,918.5075000000002,10115.0,0.32187427397429563,0.0011730205278592375,82,120,38
PredSched_LLM,656,234.05393292682933,888.0,10115.0,0.3218742739742956,0.0008797653958944282,76,120,38
FIFO,656,147.0485823170732,535.25,10115.0,0.22182283222112373,0.002506265664160401,0,120,39
QSSF_proxy,656,138.41140243902439,535.25,10115.0,0.22182283222112378,0.00227842333105491,25,120,39
RF_SRPT_proxy,656,138.41140243902439,535.25,10115.0,0.22182283222112378,0.00227842333105491,25,120,39
Backfill_FIFO,656,138.47998475609756,535.25,10115.0,0.22182283222112378,0.00227842333105491,76,120,39
Wind_proxy,656,138.64309451219515,535.25,10115.0,0.22182283222112378,0.00227842333105491,88,120,39
PredSched_LLM,656,140.56080792682928,542.75,10115.0,0.22182283222112387,0.004784688995215311,25,120,39
FIFO,656,147.44309451219513,700.0,10115.0,0.21129039689405182,0.0017073170731707317,0,120,40
QSSF_proxy,656,141.58943597560977,700.0,10115.0,0.21129039689405177,0.001951219512195122,25,120,40
RF_SRPT_proxy,656,141.58943597560977,700.0,10115.0,0.21129039689405177,0.001951219512195122,25,120,40
Backfill_FIFO,656,142.40041158536587,700.0,10115.0,0.21129039689405177,0.0017073170731707317,82,120,40
Wind_proxy,656,143.82114329268293,700.0,10115.0,0.21129039689405174,0.0034146341463414634,91,120,40
PredSched_LLM,656,154.19309451219513,782.0,10115.0,0.21129039689405177,0.003658536585365854,30,120,40
FIFO,656,668.3282164634147,2499.01,6380.01,0.5858188816187853,0.022596033140848605,0,120,41
QSSF_proxy,656,149.00739329268293,753.0,6267.0,0.5963826907478328,0.018076826512678886,164,120,41
RF_SRPT_proxy,656,149.00739329268293,753.0,6267.0,0.5963826907478328,0.018076826512678886,163,120,41
Backfill_FIFO,656,149.09275914634148,753.0,6267.0,0.5963826907478328,0.047953803665578706,210,120,41
Wind_proxy,656,149.0927743902439,753.0,6267.0,0.5963826907478328,0.045945267386392166,210,120,41
PredSched_LLM,656,148.97233231707318,753.0,6267.0,0.5963826907478328,0.01732362540798393,163,120,41
FIFO,656,175.30117378048783,749.5,10115.0,0.3029642383423959,0.021464985242822646,0,120,42
QSSF_proxy,656,171.00391768292684,749.5,10115.0,0.3029642383423959,0.021464985242822646,19,120,42
RF_SRPT_proxy,656,171.00391768292684,749.5,10115.0,0.3029642383423959,0.021464985242822646,17,120,42
Backfill_FIFO,656,169.7813567073171,749.5,10115.0,0.3029642383423959,0.021464985242822646,66,120,42
Wind_proxy,656,169.7813567073171,749.5,10115.0,0.3029642383423959,0.017708612825328682,66,120,42
PredSched_LLM,656,171.00545731707314,749.5,10115.0,0.3029642383423959,0.007244432519452643,16,120,42
FIFO,656,420.2083231707318,1440.25,10172.0,0.37526319799449465,0.0239736290080911,0,120,43
QSSF_proxy,656,190.07125000000002,1071.7525,10160.0,0.3757064222440944,0.004495055439017081,118,120,43
RF_SRPT_proxy,656,190.07125000000002,1071.7525,10160.0,0.3757064222440944,0.004495055439017081,117,120,43
Backfill_FIFO,656,190.07125000000002,1071.7525,10160.0,0.3757064222440944,0.022175606832484266,150,120,43
Wind_proxy,656,190.25875000000002,1071.7525,10160.0,0.37570642224409445,0.02157626610728199,150,120,43
PredSched_LLM,656,190.07887195121955,1071.7525,10160.0,0.3757064222440944,0.00479472580161822,117,120,43
FIFO,656,160.52861280487807,651.0,10115.0,0.258850057670127,0.001941276389225916,0,120,44
QSSF_proxy,656,160.16733231707317,651.0,10115.0,0.258850057670127,0.001455957291919437,10,120,44
RF_SRPT_proxy,656,160.16733231707317,651.0,10115.0,0.258850057670127,0.001455957291919437,4,120,44
Backfill_FIFO,656,160.1673323170732,651.0,10115.0,0.258850057670127,0.001941276389225916,19,120,44
Wind_proxy,656,160.1673323170732,651.0,10115.0,0.258850057670127,0.0016986168405726766,19,120,44
PredSched_LLM,656,160.12160060975611,651.0,10115.0,0.258850057670127,0.001455957291919437,4,120,44
FIFO,656,154.7374237804878,704.0,10115.0,0.23476910734882198,0.021917808219178082,0,120,45
QSSF_proxy,656,145.81974085365854,700.0,10115.0,0.23476910734882203,0.00684931506849315,28,120,45
RF_SRPT_proxy,656,145.81974085365854,700.0,10115.0,0.23476910734882203,0.00684931506849315,23,120,45
Backfill_FIFO,656,146.14291158536585,700.0,10115.0,0.23476910734882198,0.022465753424657533,83,120,45
Wind_proxy,656,146.1612042682927,700.0,10115.0,0.23476910734882198,0.017534246575342465,83,120,45
PredSched_LLM,656,145.94778963414635,700.0,10115.0,0.23476910734882203,0.006301369863013699,25,120,45
FIFO,656,153.02265243902437,515.0,10115.0,0.32933558040863403,0.0055920252856795525,0,120,46
QSSF_proxy,656,152.31228658536585,515.0,10115.0,0.32933558040863403,0.020423048869438368,0,120,46
RF_SRPT_proxy,656,152.31228658536583,515.0,10115.0,0.32933558040863403,0.020423048869438368,0,120,46
Backfill_FIFO,656,152.31076219512198,515.0,10115.0,0.32933558040863403,0.005835156819839533,18,120,46
Wind_proxy,656,152.31076219512198,515.0,10115.0,0.32933558040863403,0.005835156819839533,18,120,46
PredSched_LLM,656,152.26960365853657,515.0,10115.0,0.32933558040863403,0.01312910284463895,0,120,46
FIFO,656,116.36670731707316,261.0,10115.0,0.16601957694842648,0.0351506456241033,0,120,47
QSSF_proxy,656,115.56792682926829,261.0,10115.0,0.16601957694842648,0.020564323290291727,9,120,47
RF_SRPT_proxy,656,115.56792682926829,261.0,10115.0,0.16601957694842648,0.020564323290291727,9,120,47
Backfill_FIFO,656,115.57402439024389,261.0,10115.0,0.16601957694842648,0.03443328550932568,38,120,47
Wind_proxy,656,115.57402439024389,261.0,10115.0,0.16601957694842648,0.031085604973696796,38,120,47
PredSched_LLM,656,116.02675304878052,269.25,10115.0,0.16601957694842648,0.02462936394069823,11,120,47
FIFO,656,118.09085365853659,399.25,9047.0,0.23277993856158583,0.019793640766477154,0,120,48
QSSF_proxy,656,113.32256097560976,397.5,9047.0,0.23277993856158577,0.019161928827121498,3,120,48
RF_SRPT_proxy,656,113.32256097560976,397.5,9047.0,0.23277993856158577,0.019161928827121498,3,120,48
Backfill_FIFO,656,113.87743902439023,399.25,9047.0,0.23277993856158577,0.019372499473573383,40,120,48
Wind_proxy,656,113.8637195121951,399.25,9047.0,0.23277993856158577,0.01558222783743946,41,120,48
PredSched_LLM,656,113.7829268292683,397.5,9047.0,0.23277993856158571,0.013055380080016846,7,120,48
FIFO,656,125.67928353658537,645.75,9047.0,0.2735726023359494,0.0028321318228630276,0,120,49
QSSF_proxy,656,125.58783536585365,645.75,9047.0,0.2735726023359494,0.0028321318228630276,4,120,49
RF_SRPT_proxy,656,125.58783536585365,645.75,9047.0,0.2735726023359494,0.0028321318228630276,3,120,49
Backfill_FIFO,656,125.59391768292683,645.75,9047.0,0.2735726023359494,0.003089598352214212,10,120,49
Wind_proxy,656,125.59391768292683,645.75,9047.0,0.2735726023359494,0.002317198764160659,10,120,49
PredSched_LLM,656,130.54515243902438,645.75,9047.0,0.2735726023359493,0.002317198764160659,7,120,49
FIFO,656,129.1365243902439,608.0,10115.0,0.18469373970176303,0.00442168955084943,0,120,50
QSSF_proxy,656,128.45208841463415,608.0,10115.0,0.18469373970176303,0.004188969048173144,8,120,50
RF_SRPT_proxy,656,128.45208841463415,608.0,10115.0,0.18469373970176303,0.004188969048173144,8,120,50
Backfill_FIFO,656,128.46579268292683,608.0,10115.0,0.18469373970176303,0.004188969048173144,41,120,50
Wind_proxy,656,128.46579268292683,608.0,10115.0,0.18469373970176303,0.00442168955084943,41,120,50
PredSched_LLM,656,128.84993902439024,608.0,10115.0,0.18469373970176298,0.002559925529439144,7,120,50
FIFO,656,125.97347560975611,650.0,10115.0,0.21002267053880372,0.018289541473467286,0,120,51
QSSF_proxy,656,125.95509146341465,650.0,10115.0,0.21002267053880372,0.01983513652756311,5,120,51
RF_SRPT_proxy,656,125.95509146341465,650.0,10115.0,0.21002267053880372,0.01983513652756311,5,120,51
Backfill_FIFO,656,125.93373475609756,650.0,10115.0,0.2100226705388037,0.01854714064914992,7,120,51
Wind_proxy,656,125.94592987804877,650.0,10115.0,0.2100226705388037,0.01622874806800618,10,120,51
PredSched_LLM,656,125.91544207317075,650.0,10115.0,0.2100226705388037,0.010046367851622875,7,120,51
FIFO,656,105.2964786585366,307.0,9047.0,0.18301015414870486,0.002959927140255009,0,120,52
QSSF_proxy,656,105.1714786585366,307.0,9047.0,0.18301015414870486,0.00273224043715847,6,120,52
RF_SRPT_proxy,656,105.1714786585366,307.0,9047.0,0.18301015414870486,0.00273224043715847,6,120,52
Backfill_FIFO,656,105.1714786585366,307.0,9047.0,0.18301015414870486,0.00273224043715847,13,120,52
Wind_proxy,656,105.1714786585366,307.0,9047.0,0.18301015414870486,0.00273224043715847,13,120,52
PredSched_LLM,656,105.1699237804878,307.0,9047.0,0.18301015414870486,0.00273224043715847,6,120,52
FIFO,656,192.8788262195122,911.25,10115.0,0.44785474439775896,0.004603828446813666,0,120,53
QSSF_proxy,656,199.7904268292683,975.0,10115.0,0.4478547443977591,0.005330748727889508,89,120,53
RF_SRPT_proxy,656,199.7904268292683,975.0,10115.0,0.4478547443977591,0.005330748727889508,89,120,53
Backfill_FIFO,656,199.80108231707317,975.0,10115.0,0.4478547443977591,0.004603828446813666,226,120,53
Wind_proxy,656,199.80108231707317,975.0,10115.0,0.4478547443977591,0.004119214926096438,226,120,53
PredSched_LLM,656,199.74318597560975,975.0,10115.0,0.4478547443977591,0.004603828446813666,88,120,53
FIFO,656,136.51478658536587,406.75,10115.0,0.2544807855495139,0.006580612503163756,0,120,54
QSSF_proxy,656,126.65198170731709,444.5,10115.0,0.2544807855495139,0.005821311060491015,13,120,54
RF_SRPT_proxy,656,126.65198170731709,444.5,10115.0,0.2544807855495139,0.005821311060491015,13,120,54
Backfill_FIFO,656,126.87454268292684,406.75,10115.0,0.25448078554951387,0.006327512022272842,39,120,54
Wind_proxy,656,147.1326829268293,650.0,10115.0,0.25448078554951387,0.006580612503163756,78,120,54
PredSched_LLM,656,126.9446036585366,471.5,10115.0,0.25448078554951387,0.005568210579600101,14,120,54
FIFO,656,171.20678353658536,928.75,10115.0,0.2549750504613611,0.006725970926448254,0,120,55
QSSF_proxy,656,170.74794207317072,928.75,10115.0,0.2549750504613611,0.03254502061184639,21,120,55
RF_SRPT_proxy,656,170.74794207317072,928.75,10115.0,0.2549750504613611,0.03254502061184639,19,120,55
Backfill_FIFO,656,170.74794207317072,928.75,10115.0,0.2549750504613611,0.01974397917118681,35,120,55
Wind_proxy,656,170.83025914634146,928.75,10115.0,0.2549750504613611,0.014536775873291387,50,120,55
PredSched_LLM,656,170.73881097560977,928.75,10115.0,0.2549750504613611,0.018225211542633978,17,120,55
FIFO,656,567.2131554878049,2218.0,10687.0,0.3672860377483549,0.003784570596797671,0,120,56
QSSF_proxy,656,173.04490853658538,1047.0,10115.0,0.38805594517218645,0.003784570596797671,144,120,56
RF_SRPT_proxy,656,173.04490853658538,1047.0,10115.0,0.38805594517218645,0.003784570596797671,138,120,56
Backfill_FIFO,656,173.01746951219513,1047.0,10115.0,0.38805594517218645,0.003784570596797671,176,120,56
Wind_proxy,656,173.03728658536588,1047.0,10115.0,0.3880559451721865,0.003784570596797671,187,120,56
PredSched_LLM,656,173.07996951219513,1047.0,10115.0,0.3880559451721865,0.003784570596797671,142,120,56
FIFO,656,126.18106707317075,645.5,10115.0,0.226236513428901,0.002186878727634195,0,120,57
QSSF_proxy,656,125.99506097560977,645.5,10115.0,0.226236513428901,0.002186878727634195,7,120,57
RF_SRPT_proxy,656,125.99506097560977,645.5,10115.0,0.226236513428901,0.002186878727634195,7,120,57
Backfill_FIFO,656,125.98134146341465,645.5,10115.0,0.226236513428901,0.002186878727634195,11,120,57
Wind_proxy,656,125.97219512195123,645.5,10115.0,0.226236513428901,0.0017892644135188867,11,120,57
PredSched_LLM,656,126.00260670731709,645.5,10115.0,0.22623651342890103,0.010139165009940358,6,120,57
FIFO,656,192.7576524390244,802.765,9047.0,0.3143929410301759,0.0041928721174004195,0,120,58
QSSF_proxy,656,180.67911585365857,830.75,9047.0,0.3143929410301759,0.003930817610062893,37,120,58
RF_SRPT_proxy,656,180.67911585365857,830.75,9047.0,0.3143929410301759,0.003930817610062893,30,120,58
Backfill_FIFO,656,174.97812499999998,793.015,9047.0,0.31439294103017595,0.0041928721174004195,61,120,58
Wind_proxy,656,178.92451219512193,830.75,9047.0,0.31439294103017595,0.003930817610062893,88,120,58
PredSched_LLM,656,180.93062500000002,830.75,9047.0,0.3143929410301759,0.003668763102725367,30,120,58
FIFO,656,201.88634146341462,776.0,10115.0,0.3300969887955182,0.005483959418700302,0,120,59
QSSF_proxy,656,165.13981707317075,776.0,10115.0,0.3300969887955181,0.005758157389635317,19,120,59
RF_SRPT_proxy,656,165.13981707317075,776.0,10115.0,0.3300969887955181,0.005758157389635317,19,120,59
Backfill_FIFO,656,163.12771341463417,719.0,10115.0,0.3300969887955181,0.005209761447765287,69,120,59
Wind_proxy,656,163.12771341463417,719.0,10115.0,0.3300969887955181,0.006032355360570332,69,120,59
PredSched_LLM,656,165.14592987804878,776.0,10115.0,0.3300969887955181,0.004112969564025226,19,120,59
FIFO,656,129.0879268292683,608.0,6257.0,0.34660615943476614,0.006034274680183442,0,120,60
QSSF_proxy,656,125.92785060975609,608.0,6257.0,0.3466061594347662,0.006034274680183442,22,120,60
RF_SRPT_proxy,656,125.92785060975609,608.0,6257.0,0.3466061594347662,0.006034274680183442,22,120,60
Backfill_FIFO,656,125.68394817073172,608.0,6257.0,0.3466061594347663,0.006034274680183442,71,120,60
Wind_proxy,656,125.68394817073172,608.0,6257.0,0.3466061594347663,0.005551532705768767,71,120,60
PredSched_LLM,656,125.89583841463414,608.0,6257.0,0.3466061594347662,0.005310161718561429,22,120,60
FIFO,656,105.46711890243901,393.25,9047.0,0.2514278179230684,0.00569935882213251,0,120,61
QSSF_proxy,656,102.43666158536585,393.25,9047.0,0.2514278179230683,0.00569935882213251,22,120,61
RF_SRPT_proxy,656,102.43666158536585,393.25,9047.0,0.2514278179230683,0.00569935882213251,20,120,61
Backfill_FIFO,656,102.54333841463416,393.25,9047.0,0.2514278179230683,0.006174305390643553,46,120,61
Wind_proxy,656,102.55248475609757,393.25,9047.0,0.2514278179230683,0.005936832106388032,43,120,61
PredSched_LLM,656,102.67292682926829,393.25,9047.0,0.2514278179230683,0.0033246259795772976,20,120,61
FIFO,656,146.1760823170732,645.75,10115.0,0.28524026404679514,0.0036040365209034117,0,120,62
QSSF_proxy,656,141.88649390243904,645.75,10115.0,0.28524026404679514,0.0031234983181162904,12,120,62
RF_SRPT_proxy,656,141.88649390243904,645.75,10115.0,0.28524026404679514,0.0031234983181162904,12,120,62
Backfill_FIFO,656,141.0708993902439,645.75,10115.0,0.28524026404679514,0.0031234983181162904,57,120,62
Wind_proxy,656,141.0708993902439,645.75,10115.0,0.28524026404679514,0.0031234983181162904,57,120,62
PredSched_LLM,656,147.4901524390244,645.75,10115.0,0.2852402640467951,0.0028832292167227293,36,120,62
FIFO,656,133.9764329268293,397.0,10115.0,0.26418111200362493,0.016891064871481027,0,120,63
QSSF_proxy,656,133.96118902439025,397.0,10115.0,0.26418111200362493,0.01762545899632803,3,120,63
RF_SRPT_proxy,656,133.96118902439025,397.0,10115.0,0.26418111200362493,0.01762545899632803,3,120,63
Backfill_FIFO,656,133.95509146341465,397.0,10115.0,0.26418111200362493,0.016891064871481027,2,120,63
Wind_proxy,656,133.9886280487805,397.0,10115.0,0.26418111200362493,0.012729498164014688,3,120,63
PredSched_LLM,656,133.95966463414635,397.0,10115.0,0.26418111200362493,0.01909424724602203,3,120,63
FIFO,656,108.61541158536586,310.0,10115.0,0.16408236735870824,0.0014011208967173738,0,120,64
QSSF_proxy,656,108.38672256097561,310.0,10115.0,0.16408236735870824,0.0012009607686148918,2,120,64
RF_SRPT_proxy,656,108.38672256097561,310.0,10115.0,0.16408236735870824,0.0012009607686148918,2,120,64
Backfill_FIFO,656,108.38672256097561,310.0,10115.0,0.16408236735870824,0.0014011208967173738,25,120,64
Wind_proxy,656,108.38672256097561,310.0,10115.0,0.16408236735870824,0.0014011208967173738,25,120,64
PredSched_LLM,656,108.3364024390244,310.0,10115.0,0.16408236735870824,0.0014011208967173738,1,120,64
FIFO,656,1252.260030487805,4234.25,12578.0,0.4225280764694971,0.005790533736153071,0,120,65
QSSF_proxy,656,237.0268445121951,1311.75,9047.0,0.5874387250838218,0.0037764350453172208,150,120,65
RF_SRPT_proxy,656,237.0268445121951,1311.75,9047.0,0.5874387250838218,0.0037764350453172208,146,120,65
Backfill_FIFO,656,238.58172256097558,1335.5,9047.0,0.5874387250838216,0.004028197381671702,202,120,65
Wind_proxy,656,238.58172256097558,1335.5,9047.0,0.5874387250838216,0.003272910372608258,202,120,65
PredSched_LLM,656,237.00245426829267,1311.75,9047.0,0.5874387250838218,0.005035246727089627,145,120,65
FIFO,656,113.94919207317075,406.0,10115.0,0.18317569307134612,0.017743403093721567,0,120,66
QSSF_proxy,656,113.21594512195122,406.0,10115.0,0.18317569307134612,0.004094631483166515,22,120,66
RF_SRPT_proxy,656,113.21594512195122,406.0,10115.0,0.18317569307134612,0.004094631483166515,21,120,66
Backfill_FIFO,656,113.21594512195122,406.0,10115.0,0.18317569307134612,0.017743403093721567,34,120,66
Wind_proxy,656,113.21594512195122,406.0,10115.0,0.18317569307134612,0.01569608735213831,34,120,66
PredSched_LLM,656,113.20525914634148,406.0,10115.0,0.18317569307134612,0.00818926296633303,21,120,66
FIFO,656,108.7936280487805,291.0,10115.0,0.16580390303180095,0.004767580452920143,0,120,67
QSSF_proxy,656,108.77381097560978,291.0,10115.0,0.16580390303180095,0.00500595947556615,1,120,67
RF_SRPT_proxy,656,108.77381097560978,291.0,10115.0,0.16580390303180095,0.00500595947556615,1,120,67
Backfill_FIFO,656,108.77990853658538,291.0,10115.0,0.16580390303180095,0.004767580452920143,2,120,67
Wind_proxy,656,108.76618902439026,291.0,10115.0,0.16580390303180095,0.004529201430274136,2,120,67
PredSched_LLM,656,108.6991006097561,291.0,10115.0,0.16580390303180095,0.009058402860548272,0,120,67
FIFO,656,108.08204268292684,394.75,5657.0,0.14970231939779624,0.005013673655423883,0,120,68
QSSF_proxy,656,108.03478658536586,394.75,5657.0,0.14970231939779624,0.018687329079307202,6,120,68
RF_SRPT_proxy,656,108.03478658536586,394.75,5657.0,0.14970231939779624,0.018687329079307202,6,120,68
Backfill_FIFO,656,108.02868902439026,394.75,5657.0,0.14970231939779624,0.005013673655423883,8,120,68
Wind_proxy,656,108.04393292682929,394.75,5657.0,0.14970231939779624,0.004329990884229718,12,120,68
PredSched_LLM,656,108.06830792682926,394.75,5657.0,0.14970231939779624,0.008432087511394713,5,120,68
FIFO,656,170.85611280487805,854.0,10115.0,0.1996323230762893,0.00904977375565611,0,120,69
QSSF_proxy,656,157.16556402439028,854.0,10115.0,0.19963232307628934,0.01001939237233355,16,120,69
RF_SRPT_proxy,656,157.16556402439028,854.0,10115.0,0.19963232307628934,0.01001939237233355,16,120,69
Backfill_FIFO,656,155.715868902439,854.0,10115.0,0.19963232307628923,0.010342598577892695,49,120,69
Wind_proxy,656,155.715868902439,854.0,10115.0,0.19963232307628923,0.008403361344537815,49,120,69
PredSched_LLM,656,157.16556402439028,854.0,10115.0,0.19963232307628934,0.008726567550096962,16,120,69
FIFO,656,123.72067073170733,397.0,6257.0,0.31904229762665814,0.002830455703368242,0,120,70
QSSF_proxy,656,122.43256097560977,393.0,6257.0,0.31904229762665814,0.002830455703368242,15,120,70
RF_SRPT_proxy,656,122.43256097560977,393.0,6257.0,0.31904229762665814,0.002830455703368242,13,120,70
Backfill_FIFO,656,122.43256097560977,393.0,6257.0,0.31904229762665814,0.002830455703368242,26,120,70
Wind_proxy,656,122.43256097560977,393.0,6257.0,0.31904229762665814,0.0019813189923577695,26,120,70
PredSched_LLM,656,122.43256097560977,393.0,6257.0,0.31904229762665814,0.0019813189923577695,13,120,70
FIFO,656,142.47689024390243,629.0,10115.0,0.32517978559070687,0.0076255587693925845,0,120,71
QSSF_proxy,656,138.1685518292683,629.0,10115.0,0.3251797855907069,0.008414409676571128,15,120,71
RF_SRPT_proxy,656,138.1685518292683,629.0,10115.0,0.3251797855907069,0.008414409676571128,13,120,71
Backfill_FIFO,656,137.78303353658535,629.0,10115.0,0.32517978559070687,0.0068367078622140415,35,120,71
Wind_proxy,656,137.78303353658535,629.0,10115.0,0.32517978559070687,0.0068367078622140415,35,120,71
PredSched_LLM,656,138.157881097561,629.0,10115.0,0.3251797855907069,0.009203260583749671,13,120,71
FIFO,656,145.0041768292683,541.75,10115.0,0.25773186583456925,0.005633112907176096,0,120,72
QSSF_proxy,656,139.39137195121953,541.75,10115.0,0.25773186583456914,0.004163605192260593,21,120,72
RF_SRPT_proxy,656,139.39137195121953,541.75,10115.0,0.25773186583456914,0.004163605192260593,18,120,72
Backfill_FIFO,656,139.52246951219513,541.75,10115.0,0.2577318658345691,0.004163605192260593,48,120,72
Wind_proxy,656,139.60173780487807,541.75,10115.0,0.25773186583456914,0.0039186872397746755,51,120,72
PredSched_LLM,656,140.03618902439024,541.75,10115.0,0.2577318658345691,0.00440852314474651,19,120,72
FIFO,656,151.61533536585367,596.0,10115.0,0.25711269566650186,0.007109652720809406,0,120,73
QSSF_proxy,656,135.54064024390243,651.25,10115.0,0.257112695666502,0.00847689362865737,13,120,73
RF_SRPT_proxy,656,135.54064024390243,651.25,10115.0,0.257112695666502,0.00847689362865737,13,120,73
Backfill_FIFO,656,132.44612804878048,593.0,10115.0,0.257112695666502,0.008203445447087777,40,120,73
Wind_proxy,656,148.91774390243904,627.5,10115.0,0.25711269566650186,0.007929997265518185,96,120,73
PredSched_LLM,656,152.1630792682927,764.75,10115.0,0.2571126956665018,0.01175827180749248,63,120,73
FIFO,656,190.28762195121953,761.75,10115.0,0.28672891641950904,0.001949317738791423,0,120,74
QSSF_proxy,656,169.85009146341463,651.75,10115.0,0.28672891641950915,0.003620161514898357,41,120,74
RF_SRPT_proxy,656,169.85009146341463,651.75,10115.0,0.28672891641950915,0.003620161514898357,39,120,74
Backfill_FIFO,656,167.89300304878049,659.5,10115.0,0.28672891641950915,0.003898635477582846,64,120,74
Wind_proxy,656,167.8960518292683,659.5,10115.0,0.28672891641950915,0.003063213589529379,64,120,74
PredSched_LLM,656,168.43541158536584,665.5,10115.0,0.2867289164195091,0.003341687552213868,39,120,74
FIFO,656,116.92310975609756,380.5,10115.0,0.21973059503213052,0.004547521600727604,0,120,75
QSSF_proxy,656,116.40324695121951,380.5,10115.0,0.21973059503213052,0.0047748976807639835,0,120,75
RF_SRPT_proxy,656,116.40324695121951,380.5,10115.0,0.21973059503213052,0.0047748976807639835,0,120,75
Backfill_FIFO,656,116.40324695121951,380.5,10115.0,0.21973059503213052,0.004547521600727604,15,120,75
Wind_proxy,656,116.57092987804877,380.5,10115.0,0.21973059503213047,0.004320145520691224,17,120,75
PredSched_LLM,656,116.41239329268292,380.5,10115.0,0.21973059503213047,0.004092769440654843,0,120,75
FIFO,656,131.48278963414634,650.25,10115.0,0.17852364990113687,0.019668985368193812,0,120,76
QSSF_proxy,656,131.4766768292683,650.25,10115.0,0.17852364990113687,0.020148716718637563,2,120,76
RF_SRPT_proxy,656,131.4766768292683,650.25,10115.0,0.17852364990113687,0.020148716718637563,2,120,76
Backfill_FIFO,656,131.47059451219513,650.25,10115.0,0.17852364990113687,0.005996641880546894,4,120,76
Wind_proxy,656,131.47059451219513,650.25,10115.0,0.17852364990113687,0.0064763732309906456,4,120,76
PredSched_LLM,656,131.47818597560976,650.25,10115.0,0.17852364990113687,0.008395298632765651,0,120,76
FIFO,656,144.01329268292682,602.5,10115.0,0.29119902372713785,0.005490391814324931,0,120,77
QSSF_proxy,656,140.46294207317072,602.5,10115.0,0.2911990237271378,0.005989518342899925,10,120,77
RF_SRPT_proxy,656,140.46294207317072,602.5,10115.0,0.2911990237271378,0.005989518342899925,10,120,77
Backfill_FIFO,656,140.36233231707317,602.5,10115.0,0.2911990237271378,0.005989518342899925,29,120,77
Wind_proxy,656,140.36233231707317,602.5,10115.0,0.2911990237271378,0.005989518342899925,29,120,77
PredSched_LLM,656,140.40196646341462,602.5,10115.0,0.2911990237271378,0.005739955078612428,10,120,77
FIFO,656,92.3942530487805,397.0,5657.0,0.1652932520918037,0.006826741996233522,0,120,78
QSSF_proxy,656,92.38196646341464,397.0,5657.0,0.1652932520918037,0.006591337099811676,0,120,78
RF_SRPT_proxy,656,92.38196646341464,397.0,5657.0,0.1652932520918037,0.006591337099811676,0,120,78
Backfill_FIFO,656,92.38196646341464,397.0,5657.0,0.1652932520918037,0.006826741996233522,4,120,78
Wind_proxy,656,92.38196646341464,397.0,5657.0,0.1652932520918037,0.006826741996233522,4,120,78
PredSched_LLM,656,92.34385670731709,397.0,5657.0,0.1652932520918037,0.004472693032015066,0,120,78
FIFO,656,104.01172256097561,602.5,5657.0,0.21077496722349878,0.02700348432055749,0,120,79
QSSF_proxy,656,104.01172256097561,602.5,5657.0,0.21077496722349878,0.01016260162601626,0,120,79
RF_SRPT_proxy,656,104.01172256097561,602.5,5657.0,0.21077496722349878,0.01016260162601626,0,120,79
Backfill_FIFO,656,104.01172256097561,602.5,5657.0,0.21077496722349878,0.02700348432055749,0,120,79
Wind_proxy,656,104.05289634146344,602.5,5657.0,0.21077496722349878,0.019744483159117306,5,120,79
PredSched_LLM,656,104.09402439024392,602.5,5657.0,0.21077496722349887,0.011614401858304297,0,120,79
FIFO,656,341.27730182926837,1408.25,6257.0,0.44628178107186656,0.006025746370857299,0,120,80
QSSF_proxy,656,125.56207317073174,608.0,6257.0,0.4462817810718662,0.002738975623116954,103,120,80
RF_SRPT_proxy,656,125.56207317073174,608.0,6257.0,0.4462817810718662,0.002738975623116954,100,120,80
Backfill_FIFO,656,125.56207317073174,608.0,6257.0,0.4462817810718662,0.0030128731854286495,144,120,80
Wind_proxy,656,126.47213414634149,608.0,6257.0,0.44628178107186633,0.0024650780608052587,161,120,80
PredSched_LLM,656,125.86237804878051,608.0,6257.0,0.4462817810718662,0.001369487811558477,102,120,80
FIFO,656,149.05147865853658,429.5,10115.0,0.3104761513428901,0.004476776720761052,0,120,81
QSSF_proxy,656,132.61397865853658,355.0,10115.0,0.3104761513428901,0.005316172355903749,6,120,81
RF_SRPT_proxy,656,132.61397865853658,355.0,10115.0,0.3104761513428901,0.005316172355903749,6,120,81
Backfill_FIFO,656,132.6962957317073,355.0,10115.0,0.31047615134289014,0.005316172355903749,39,120,81
Wind_proxy,656,132.6962957317073,355.0,10115.0,0.31047615134289014,0.004196978175713486,39,120,81
PredSched_LLM,656,132.61397865853658,355.0,10115.0,0.3104761513428901,0.00391717963066592,6,120,81
FIFO,656,388.6339786585366,1422.0,10420.0,0.30020467350447855,0.004253189892419315,0,120,82
QSSF_proxy,656,150.35004573170733,650.0,10115.0,0.3092568164030318,0.0012509382036527395,151,120,82
RF_SRPT_proxy,656,150.35004573170733,650.0,10115.0,0.3092568164030318,0.0012509382036527395,149,120,82
Backfill_FIFO,656,150.35004573170733,650.0,10115.0,0.3092568164030318,0.0012509382036527395,217,120,82
Wind_proxy,656,151.59547256097562,650.0,10195.0,0.30683008316985455,0.0012509382036527395,226,120,82
PredSched_LLM,656,153.27839939024392,650.0,10126.0,0.30892086686911585,0.0015011258443832875,151,120,82
FIFO,656,143.19879573170732,700.0,6257.0,0.2753809117122156,0.004559585492227979,0,120,83
QSSF_proxy,656,142.25972560975612,700.0,6257.0,0.2753809117122156,0.029015544041450778,21,120,83
RF_SRPT_proxy,656,142.25972560975612,700.0,6257.0,0.2753809117122156,0.029015544041450778,20,120,83
Backfill_FIFO,656,142.29786585365855,700.0,6257.0,0.2753809117122156,0.004559585492227979,57,120,83
Wind_proxy,656,142.37103658536586,700.0,6257.0,0.2753809117122156,0.004559585492227979,56,120,83
PredSched_LLM,656,142.50367378048782,700.0,6257.0,0.2753809117122155,0.010155440414507772,22,120,83
FIFO,656,106.03606707317074,357.0,9047.0,0.2064083605062451,0.020376974019358125,0,120,84
QSSF_proxy,656,102.66564024390244,357.0,9047.0,0.20640836050624517,0.020631686194600103,10,120,84
RF_SRPT_proxy,656,102.66564024390244,357.0,9047.0,0.20640836050624517,0.020631686194600103,10,120,84
Backfill_FIFO,656,102.66564024390244,357.0,9047.0,0.20640836050624517,0.020376974019358125,27,120,84
Wind_proxy,656,102.66868902439025,357.0,9047.0,0.20640836050624517,0.020376974019358125,27,120,84
PredSched_LLM,656,103.07263719512197,375.0,9047.0,0.2064083605062452,0.009933774834437087,10,120,84
FIFO,656,125.54506097560976,433.25,10115.0,0.22673374320316367,0.0033026657230478887,0,120,85
QSSF_proxy,656,122.68378048780488,433.25,10115.0,0.22673374320316358,0.016749233309742866,4,120,85
RF_SRPT_proxy,656,122.68378048780488,433.25,10115.0,0.22673374320316358,0.016749233309742866,4,120,85
Backfill_FIFO,656,122.37126524390244,433.25,10115.0,0.2267337432031636,0.0028308563340410475,29,120,85
Wind_proxy,656,122.35297256097562,433.25,10115.0,0.22673374320316358,0.0025949516395376267,30,120,85
PredSched_LLM,656,123.80571646341461,499.25,10115.0,0.2267337432031636,0.003066761028544468,10,120,85
FIFO,656,117.60038109756098,355.0,6257.0,0.24853364565020514,0.0028328611898017,0,120,86
QSSF_proxy,656,117.55466463414635,355.0,6257.0,0.24853364565020514,0.0025753283543651817,3,120,86
RF_SRPT_proxy,656,117.55466463414635,355.0,6257.0,0.24853364565020514,0.0025753283543651817,3,120,86
Backfill_FIFO,656,117.55463414634146,355.0,6257.0,0.24853364565020514,0.0028328611898017,6,120,86
Wind_proxy,656,117.55463414634146,355.0,6257.0,0.24853364565020514,0.0025753283543651817,6,120,86
PredSched_LLM,656,117.51347560975609,355.0,6257.0,0.24853364565020514,0.0084985835694051,2,120,86
FIFO,656,159.07263719512196,852.0,9047.0,0.28313285596514504,0.004060186290900406,0,120,87
QSSF_proxy,656,155.38818597560976,852.0,9047.0,0.28313285596514504,0.0038213518032003822,12,120,87
RF_SRPT_proxy,656,155.38818597560976,852.0,9047.0,0.28313285596514504,0.0038213518032003822,12,120,87
Backfill_FIFO,656,152.83330792682926,852.0,9047.0,0.28313285596514504,0.0038213518032003822,64,120,87
Wind_proxy,656,152.83330792682926,852.0,9047.0,0.28313285596514504,0.0038213518032003822,64,120,87
PredSched_LLM,656,155.47810975609755,852.0,9047.0,0.283132855965145,0.0035825173155003584,18,120,87
FIFO,656,183.94902439024392,777.75,10115.0,0.22051625267754157,0.0032556974705735034,0,120,88
QSSF_proxy,656,171.83774390243903,777.75,10115.0,0.22051625267754157,0.002253944402704733,15,120,88
RF_SRPT_proxy,656,171.83774390243906,777.75,10115.0,0.22051625267754157,0.002253944402704733,15,120,88
Backfill_FIFO,656,173.09231707317076,777.75,10115.0,0.22051625267754157,0.002504382669671926,47,120,88
Wind_proxy,656,173.09231707317076,777.75,10115.0,0.22051625267754157,0.0027548209366391185,47,120,88
PredSched_LLM,656,178.7371341463415,777.75,10115.0,0.22051625267754157,0.0027548209366391185,17,120,88
FIFO,656,127.3317530487805,373.5,9047.0,0.32681795415607384,0.002651241262954929,0,120,89
QSSF_proxy,656,127.30583841463415,373.5,9047.0,0.32681795415607384,0.002651241262954929,0,120,89
RF_SRPT_proxy,656,127.30583841463415,373.5,9047.0,0.32681795415607384,0.002651241262954929,0,120,89
Backfill_FIFO,656,127.30583841463415,373.5,9047.0,0.32681795415607384,0.002651241262954929,5,120,89
Wind_proxy,656,127.32108231707318,373.5,9047.0,0.32681795415607384,0.0028922631959508315,5,120,89
PredSched_LLM,656,127.26315548780488,373.5,9047.0,0.3268179541560739,0.0040973728609303445,0,120,89
FIFO,656,161.18219512195122,650.0,10115.0,0.2685963626627121,0.018606990193613275,0,120,90
QSSF_proxy,656,153.24175304878048,650.0,10115.0,0.26859636266271225,0.004274578828262509,15,120,90
RF_SRPT_proxy,656,153.24175304878048,650.0,10115.0,0.26859636266271225,0.004274578828262509,15,120,90
Backfill_FIFO,656,153.29504573170732,650.0,10115.0,0.26859636266271225,0.019361327633894896,57,120,90
Wind_proxy,656,218.75286585365853,933.5,10115.0,0.26859636266271225,0.015086748805632386,99,120,90
PredSched_LLM,656,167.80114329268295,852.5,10115.0,0.2685963626627122,0.007291928589388987,21,120,90
FIFO,656,192.92611280487807,865.0,9047.0,0.36303910366235564,0.004160887656033287,0,120,91
QSSF_proxy,656,172.52823170731708,865.0,9047.0,0.3630391036623557,0.004160887656033287,8,120,91
RF_SRPT_proxy,656,172.52823170731708,865.0,9047.0,0.3630391036623557,0.004160887656033287,8,120,91
Backfill_FIFO,656,170.14103658536587,865.0,9047.0,0.3630391036623557,0.003929727230698105,51,120,91
Wind_proxy,656,195.499756097561,929.0,9047.0,0.3630391036623557,0.004623208506703652,86,120,91
PredSched_LLM,656,195.0711280487805,941.25,9047.0,0.3630391036623556,0.0048543689320388345,82,120,91
FIFO,656,191.43704268292686,814.75,6257.0,0.37363149439294646,0.006310807257428346,0,120,92
QSSF_proxy,656,159.30743902439022,814.75,6257.0,0.37363149439294663,0.006310807257428346,19,120,92
RF_SRPT_proxy,656,159.30743902439022,814.75,6257.0,0.37363149439294663,0.006310807257428346,19,120,92
Backfill_FIFO,656,159.33182926829267,814.75,6257.0,0.3736314943929465,0.006310807257428346,57,120,92
Wind_proxy,656,159.33182926829267,814.75,6257.0,0.3736314943929465,0.006310807257428346,57,120,92
PredSched_LLM,656,159.30743902439022,814.75,6257.0,0.37363149439294663,0.004996055745464107,19,120,92
FIFO,656,147.00103658536585,644.0,10115.0,0.22143326948426428,0.017295980511571253,0,120,93
QSSF_proxy,656,135.61384146341462,676.0,10115.0,0.22143326948426414,0.002679658952496955,9,120,93
RF_SRPT_proxy,656,135.61384146341462,676.0,10115.0,0.22143326948426414,0.002679658952496955,9,120,93
Backfill_FIFO,656,135.61384146341462,644.0,10115.0,0.2214332694842642,0.017295980511571253,29,120,93
Wind_proxy,656,137.9171951219512,672.0,10115.0,0.22143326948426414,0.014859926918392205,31,120,93
PredSched_LLM,656,144.6855030487805,816.25,10115.0,0.2214332694842642,0.005115712545676005,20,120,93
FIFO,656,802.1980945121952,2795.25,10441.0,0.3685293394630144,0.002094972067039106,0,120,94
QSSF_proxy,656,173.04213414634148,865.0,9047.0,0.42531389779300677,0.004422718808193668,75,120,94
RF_SRPT_proxy,656,173.04213414634148,865.0,9047.0,0.42531389779300677,0.004422718808193668,73,120,94
Backfill_FIFO,656,173.06653963414635,865.0,9047.0,0.42531389779300677,0.004422718808193668,230,120,94
Wind_proxy,656,173.11532012195124,865.0,9047.0,0.42531389779300677,0.003026070763500931,231,120,94
PredSched_LLM,656,173.31195121951222,865.0,9047.0,0.42531389779300677,0.004189944134078212,91,120,94
FIFO,656,161.0617987804878,865.0025,10115.0,0.3464312304333497,0.016729088639200997,0,120,95
QSSF_proxy,656,160.8742225609756,865.0,10115.0,0.3464312304333497,0.0449438202247191,15,120,95
RF_SRPT_proxy,656,160.8742225609756,865.0,10115.0,0.3464312304333497,0.0449438202247191,14,120,95
Backfill_FIFO,656,160.85897865853656,865.0,10115.0,0.3464312304333497,0.016978776529338328,25,120,95
Wind_proxy,656,161.2782012195122,865.0025,10115.0,0.3464312304333497,0.011235955056179775,41,120,95
PredSched_LLM,656,160.88798780487804,865.0,10115.0,0.3464312304333497,0.02671660424469413,13,120,95
FIFO,656,95.39003048780489,307.0,6257.0,0.23847880373981126,0.0045993706124425075,0,120,96
QSSF_proxy,656,95.39003048780488,307.0,6257.0,0.23847880373981126,0.0045993706124425075,0,120,96
RF_SRPT_proxy,656,95.39003048780488,307.0,6257.0,0.23847880373981126,0.0045993706124425075,0,120,96
Backfill_FIFO,656,95.39003048780489,307.0,6257.0,0.23847880373981126,0.0045993706124425075,0,120,96
Wind_proxy,656,95.39003048780489,307.0,6257.0,0.23847880373981126,0.004357298474945534,0,120,96
PredSched_LLM,656,95.39003048780488,307.0,6257.0,0.23847880373981126,0.004357298474945534,0,120,96
FIFO,656,1069.4688262195123,3150.0,11622.0,0.3392361209702863,0.0034408602150537634,0,120,97
QSSF_proxy,656,203.66528963414632,1051.0,10115.0,0.38977777537485586,0.0012903225806451613,173,120,97
RF_SRPT_proxy,656,203.66528963414632,1051.0,10115.0,0.38977777537485586,0.0012903225806451613,168,120,97
Backfill_FIFO,656,203.75370426829267,1051.0,10115.0,0.38977777537485586,0.0017204301075268817,235,120,97
Wind_proxy,656,203.93205792682926,1051.0,10115.0,0.38977777537485586,0.0017204301075268817,236,120,97
PredSched_LLM,656,203.8436432926829,1051.0,10115.0,0.3897777753748558,0.0012903225806451613,169,120,97
FIFO,656,304.4378963414635,1219.0100000000002,10115.0,0.24304779720711814,0.002271580010095911,0,120,98
QSSF_proxy,656,140.73570121951218,713.25,10115.0,0.24304779720711822,0.003028773346794548,104,120,98
RF_SRPT_proxy,656,140.73570121951218,713.25,10115.0,0.24304779720711822,0.003028773346794548,100,120,98
Backfill_FIFO,656,140.7494054878049,713.25,10115.0,0.24304779720711822,0.002523977788995457,139,120,98
Wind_proxy,656,140.7494054878049,713.25,10115.0,0.24304779720711822,0.0020191822311963654,139,120,98
PredSched_LLM,656,140.72196646341465,713.25,10115.0,0.24304779720711822,0.007067137809187279,99,120,98
FIFO,656,455.7700000000001,1559.0,10066.0,0.293117027617723,0.01005305780508238,0,120,99
QSSF_proxy,656,128.915625,393.25,9047.0,0.326131977451089,0.0036302708740575257,159,120,99
RF_SRPT_proxy,656,128.915625,393.25,9047.0,0.326131977451089,0.0036302708740575257,156,120,99
Backfill_FIFO,656,128.915625,393.25,9047.0,0.326131977451089,0.003909522479754258,208,120,99
Wind_proxy,656,128.9720274390244,393.25,9047.0,0.326131977451089,0.003909522479754258,208,120,99
PredSched_LLM,656,128.9171493902439,393.25,9047.0,0.326131977451089,0.003351019268360793,156,120,99
FIFO,656,105.16562500000002,433.25,10115.0,0.1363434729774263,0.0017543859649122807,0,120,100
QSSF_proxy,656,104.98413109756099,433.25,10115.0,0.1363434729774263,0.016541353383458645,1,120,100
RF_SRPT_proxy,656,104.98413109756099,433.25,10115.0,0.1363434729774263,0.016541353383458645,1,120,100
Backfill_FIFO,656,104.99782012195124,433.25,10115.0,0.1363434729774263,0.0017543859649122807,17,120,100
Wind_proxy,656,104.99782012195124,433.25,10115.0,0.1363434729774263,0.0012531328320802004,17,120,100
PredSched_LLM,656,104.84384146341465,433.25,10115.0,0.1363434729774263,0.005012531328320802,2,120,100
FIFO,656,161.60931402439024,852.0,10115.0,0.29091535055198553,0.01933301111648139,0,120,101
QSSF_proxy,656,161.60929878048782,852.0,10115.0,0.29091535055198553,0.019574673755437408,0,120,101
RF_SRPT_proxy,656,161.60929878048782,852.0,10115.0,0.29091535055198553,0.019574673755437408,0,120,101
Backfill_FIFO,656,161.60929878048782,852.0,10115.0,0.29091535055198553,0.01933301111648139,1,120,101
Wind_proxy,656,161.6840243902439,852.0,10115.0,0.29091535055198553,0.013774770420492992,7,120,101
PredSched_LLM,656,161.60934451219515,852.0,10115.0,0.29091535055198553,0.012808119864668923,3,120,101
FIFO,656,132.89733231707316,651.0,10115.0,0.3143467642939529,0.00277623542476402,0,120,102
QSSF_proxy,656,132.89733231707316,651.0,10115.0,0.3143467642939529,0.002498611882287618,0,120,102
RF_SRPT_proxy,656,132.89733231707316,651.0,10115.0,0.3143467642939529,0.002498611882287618,0,120,102
Backfill_FIFO,656,132.89733231707316,651.0,10115.0,0.3143467642939529,0.00277623542476402,0,120,102
Wind_proxy,656,143.07338414634148,651.0,10115.0,0.31434676429395286,0.00416435313714603,80,120,102
PredSched_LLM,656,133.96745426829267,651.0,10115.0,0.3143467642939529,0.00277623542476402,10,120,102
FIFO,656,109.72984756097561,622.0,9047.0,0.2016859974300873,0.003470213996529786,0,120,103
QSSF_proxy,656,109.57283536585366,622.0,9047.0,0.20168599743008728,0.002891844997108155,0,120,103
RF_SRPT_proxy,656,109.57283536585366,622.0,9047.0,0.20168599743008728,0.002891844997108155,0,120,103
Backfill_FIFO,656,109.57283536585366,622.0,9047.0,0.20168599743008728,0.003470213996529786,2,120,103
Wind_proxy,656,109.63990853658537,622.0,9047.0,0.2016859974300873,0.004916136495083863,3,120,103
PredSched_LLM,656,116.08350609756097,622.0,9047.0,0.2016859974300873,0.004337767495662233,8,120,103
FIFO,656,132.7219969512195,602.5,10115.0,0.24326438560718405,0.016462557719333467,0,120,104
QSSF_proxy,656,132.5741158536585,602.5,10115.0,0.24326438560718405,0.005019072475406545,10,120,104
RF_SRPT_proxy,656,132.5741158536585,602.5,10115.0,0.24326438560718405,0.005019072475406545,10,120,104
Backfill_FIFO,656,132.552743902439,602.5,10115.0,0.24326438560718405,0.016462557719333467,17,120,104
Wind_proxy,656,132.5390243902439,602.5,10115.0,0.24326438560718405,0.01586026902228468,17,120,104
PredSched_LLM,656,132.6350914634146,602.5,10115.0,0.24326438560718405,0.010640433647861875,11,120,104
FIFO,656,169.51467987804878,753.0,10115.0,0.25608788618388534,0.0062605345533349385,0,120,105
QSSF_proxy,656,157.26467987804878,753.0,10115.0,0.2560878861838852,0.006501324343847821,25,120,105
RF_SRPT_proxy,656,157.26467987804878,753.0,10115.0,0.2560878861838852,0.006501324343847821,22,120,105
Backfill_FIFO,656,157.74333841463417,753.0,10115.0,0.2560878861838853,0.006501324343847821,61,120,105
Wind_proxy,656,160.45524390243904,757.75,10115.0,0.2560878861838852,0.006019744762822056,76,120,105
PredSched_LLM,656,158.6945274390244,753.0,10115.0,0.2560878861838853,0.0062605345533349385,21,120,105
FIFO,656,150.0587195121951,651.0,10115.0,0.29067767754160484,0.03193361830525522,0,120,106
QSSF_proxy,656,149.6806707317073,651.0,10115.0,0.29067767754160484,0.017349761126477244,6,120,106
RF_SRPT_proxy,656,149.6806707317073,651.0,10115.0,0.29067767754160484,0.017349761126477244,6,120,106
Backfill_FIFO,656,149.5510975609756,651.0,10115.0,0.29067767754160484,0.03193361830525522,26,120,106
Wind_proxy,656,149.58006097560974,651.0,10115.0,0.29067767754160484,0.024893135529293436,26,120,106
PredSched_LLM,656,149.51451219512194,651.0,10115.0,0.29067767754160484,0.01760120693990445,6,120,106
FIFO,656,148.84881097560978,622.0,10115.0,0.2169404185203494,0.004853060124022647,0,120,107
QSSF_proxy,656,137.69942073170733,622.0,10115.0,0.2169404185203494,0.0037746023186842814,6,120,107
RF_SRPT_proxy,656,137.69942073170733,622.0,10115.0,0.2169404185203494,0.0037746023186842814,6,120,107
Backfill_FIFO,656,138.2969817073171,622.0,10115.0,0.21694041852034934,0.0037746023186842814,35,120,107
Wind_proxy,656,139.8015853658537,622.0,10115.0,0.21694041852034932,0.0029657589646805067,37,120,107
PredSched_LLM,656,153.81852134146342,836.5025,10115.0,0.2169404185203494,0.0032353734160150984,51,120,107
FIFO,656,164.72367378048781,536.75,9047.0,0.4335004582550386,0.019038774088692825,0,120,108
QSSF_proxy,656,140.16260670731708,536.75,9047.0,0.43350045825503863,0.019735314604132807,67,120,108
RF_SRPT_proxy,656,140.16260670731708,536.75,9047.0,0.43350045825503863,0.019735314604132807,63,120,108
Backfill_FIFO,656,140.25100609756097,536.75,9047.0,0.4335004582550387,0.019967494775946133,91,120,108
Wind_proxy,656,140.25557926829268,536.75,9047.0,0.4335004582550387,0.01787787322962619,91,120,108
PredSched_LLM,656,140.36535060975612,536.75,9047.0,0.4335004582550387,0.024146737868586024,65,120,108
FIFO,656,154.4675304878049,852.0,10115.0,0.39978116555445714,0.0176441351888668,0,120,109
QSSF_proxy,656,154.22818597560976,852.0,10115.0,0.39978116555445714,0.0032306163021868788,9,120,109
RF_SRPT_proxy,656,154.22818597560976,852.0,10115.0,0.39978116555445714,0.0032306163021868788,8,120,109
Backfill_FIFO,656,154.22818597560976,852.0,10115.0,0.39978116555445714,0.01739562624254473,21,120,109
Wind_proxy,656,154.25106707317073,852.0,10115.0,0.39978116555445714,0.013170974155069582,21,120,109
PredSched_LLM,656,154.22664634146344,852.0,10115.0,0.39978116555445714,0.0034791252485089465,8,120,109
FIFO,656,138.3392987804878,373.75,10115.0,0.22466954605371559,0.001734390485629336,0,120,110
QSSF_proxy,656,138.13350609756097,373.75,10115.0,0.22466954605371559,0.001734390485629336,1,120,110
RF_SRPT_proxy,656,138.13350609756097,373.75,10115.0,0.22466954605371559,0.001734390485629336,1,120,110
Backfill_FIFO,656,138.13350609756097,373.75,10115.0,0.22466954605371559,0.001734390485629336,22,120,110
Wind_proxy,656,138.16856707317072,373.75,10115.0,0.22466954605371559,0.002477700693756194,23,120,110
PredSched_LLM,656,148.8255792682927,645.5,10115.0,0.22466954605371559,0.002973240832507433,7,120,110
FIFO,656,135.4764786585366,777.75,9047.0,0.22307150505692502,0.006430041152263375,0,120,111
QSSF_proxy,656,135.4734298780488,777.75,9047.0,0.22307150505692502,0.006172839506172839,0,120,111
RF_SRPT_proxy,656,135.4734298780488,777.75,9047.0,0.22307150505692502,0.006172839506172839,0,120,111
Backfill_FIFO,656,135.4734298780488,777.75,9047.0,0.22307150505692502,0.006430041152263375,2,120,111
Wind_proxy,656,135.4734298780488,777.75,9047.0,0.22307150505692502,0.0059156378600823045,2,120,111
PredSched_LLM,656,136.51155487804877,777.75,9047.0,0.22307150505692502,0.006172839506172839,2,120,111
FIFO,656,193.16978658536587,928.75,9047.0,0.30646375870454307,0.005878894767783657,0,120,112
QSSF_proxy,656,169.03564024390244,911.25,9047.0,0.30646375870454295,0.006172839506172839,7,120,112
RF_SRPT_proxy,656,169.03564024390244,911.25,9047.0,0.30646375870454295,0.006172839506172839,7,120,112
Backfill_FIFO,656,170.02039634146342,911.25,9047.0,0.306463758704543,0.006172839506172839,42,120,112
Wind_proxy,656,170.02039634146342,911.25,9047.0,0.306463758704543,0.006172839506172839,42,120,112
PredSched_LLM,656,172.79935975609757,911.25,9047.0,0.30646375870454295,0.005878894767783657,15,120,112
FIFO,656,174.79474085365854,755.0,6257.0,0.4642120008923339,0.0030523597088518433,0,120,113
QSSF_proxy,656,142.70888719512195,805.75,6257.0,0.46421200089233394,0.003287156609532754,22,120,113
RF_SRPT_proxy,656,142.70888719512195,805.75,6257.0,0.46421200089233394,0.003287156609532754,22,120,113
Backfill_FIFO,656,137.82660060975613,724.5300000000007,6257.0,0.46421200089233383,0.003521953510213665,69,120,113
Wind_proxy,656,137.85556402439028,724.5300000000007,6257.0,0.46421200089233383,0.002582765907490021,75,120,113
PredSched_LLM,656,164.3490243902439,882.7800000000007,6267.0,0.4634712764613585,0.002817562808170932,71,120,113
FIFO,656,141.04326219512197,644.0,10115.0,0.16718999835228207,0.005592841163310962,0,120,114
QSSF_proxy,656,140.38169207317074,644.0,10115.0,0.16718999835228207,0.018568232662192395,22,120,114
RF_SRPT_proxy,656,140.38169207317074,644.0,10115.0,0.16718999835228207,0.018568232662192395,21,120,114
Backfill_FIFO,656,140.44873475609756,644.0,10115.0,0.16718999835228207,0.0058165548098434005,46,120,114
Wind_proxy,656,140.66367378048778,644.0,10115.0,0.16718999835228207,0.005592841163310962,64,120,114
PredSched_LLM,656,140.64542682926827,644.0,10115.0,0.16718999835228207,0.013870246085011185,21,120,114
FIFO,656,170.95384146341465,911.25,10115.0,0.23809938931454927,0.0030596634370219276,0,120,115
QSSF_proxy,656,170.93858231707316,911.25,10115.0,0.23809938931454927,0.0033146353901070884,2,120,115
RF_SRPT_proxy,656,170.93858231707316,911.25,10115.0,0.23809938931454927,0.0033146353901070884,2,120,115
Backfill_FIFO,656,170.93856707317073,911.25,10115.0,0.23809938931454927,0.0030596634370219276,7,120,115
Wind_proxy,656,170.93856707317073,911.25,10115.0,0.23809938931454927,0.0030596634370219276,7,120,115
PredSched_LLM,656,170.95379573170732,911.25,10115.0,0.23809938931454927,0.00815910249872514,0,120,115
FIFO,656,107.83185975609756,406.0,6257.0,0.31434555797506786,0.014524472741742936,0,120,116
QSSF_proxy,656,106.75858231707318,406.0,6257.0,0.3143455579750678,0.0031834460803820135,24,120,116
RF_SRPT_proxy,656,106.75858231707318,406.0,6257.0,0.3143455579750678,0.0031834460803820135,21,120,116
Backfill_FIFO,656,106.7707774390244,406.0,6257.0,0.3143455579750678,0.02586549940310386,40,120,116
Wind_proxy,656,107.2007774390244,406.0,6257.0,0.3143455579750678,0.015519299641862315,61,120,116
PredSched_LLM,656,106.74030487804878,406.0,6257.0,0.3143455579750678,0.011341026661360923,23,120,116
FIFO,656,217.89711890243905,1053.25,10115.0,0.32688229424122606,0.02267630201844007,0,120,117
QSSF_proxy,656,199.49158536585367,975.0,10115.0,0.32688229424122606,0.02267630201844007,38,120,117
RF_SRPT_proxy,656,199.49158536585367,975.0,10115.0,0.32688229424122606,0.02267630201844007,35,120,117
Backfill_FIFO,656,198.99013719512195,975.0,10115.0,0.32688229424122606,0.008223274358335409,97,120,117
Wind_proxy,656,198.99013719512195,975.0,10115.0,0.32688229424122606,0.00697732369798156,97,120,117
PredSched_LLM,656,199.7842835365854,975.0,10115.0,0.32688229424122606,0.01893845003737852,34,120,117
FIFO,656,138.19724085365857,700.0,10115.0,0.18561516518372048,0.005542957923910304,0,120,118
QSSF_proxy,656,137.91827743902442,700.0,10115.0,0.18561516518372048,0.005542957923910304,1,120,118
RF_SRPT_proxy,656,137.91827743902442,700.0,10115.0,0.18561516518372048,0.005542957923910304,1,120,118
Backfill_FIFO,656,137.91827743902442,700.0,10115.0,0.18561516518372048,0.005542957923910304,12,120,118
Wind_proxy,656,137.90608231707319,700.0,10115.0,0.18561516518372048,0.005291005291005291,12,120,118
PredSched_LLM,656,137.89693597560978,700.0,10115.0,0.18561516518372048,0.005542957923910304,1,120,118
FIFO,656,147.25219512195122,651.0,10115.0,0.23581244232987314,0.0027527527527527527,0,120,119
QSSF_proxy,656,146.77963414634146,651.0,10115.0,0.23581244232987308,0.0022522522522522522,2,120,119
RF_SRPT_proxy,656,146.77963414634146,651.0,10115.0,0.23581244232987308,0.0022522522522522522,2,120,119
Backfill_FIFO,656,146.8055487804878,651.0,10115.0,0.23581244232987306,0.0022522522522522522,17,120,119
Wind_proxy,656,146.81317073170732,651.0,10115.0,0.23581244232987306,0.002002002002002002,17,120,119
PredSched_LLM,656,146.7933536585366,651.0,10115.0,0.23581244232987308,0.002002002002002002,2,120,119
FIFO,656,180.25076219512195,651.0,10115.0,0.3347267805651673,0.0045045045045045045,0,120,120
QSSF_proxy,656,151.25990853658536,650.25,10115.0,0.3347267805651673,0.0045045045045045045,6,120,120
RF_SRPT_proxy,656,151.25990853658536,650.25,10115.0,0.3347267805651673,0.0045045045045045045,6,120,120
Backfill_FIFO,656,152.421493902439,650.25,10115.0,0.3347267805651673,0.0045045045045045045,48,120,120
Wind_proxy,656,152.4657012195122,650.25,10115.0,0.3347267805651673,0.00397456279809221,52,120,120
PredSched_LLM,656,151.28125,650.25,10115.0,0.3347267805651673,0.007154213036565978,6,120,120
FIFO,656,155.27067073170733,607.75,10115.0,0.21659284993409125,0.0023540489642184556,0,120,121
QSSF_proxy,656,138.20054878048782,602.5,10115.0,0.2165928499340913,0.0023540489642184556,15,120,121
RF_SRPT_proxy,656,138.20054878048782,602.5,10115.0,0.2165928499340913,0.0023540489642184556,14,120,121
Backfill_FIFO,656,142.24170731707318,607.75,10115.0,0.21659284993409136,0.0018832391713747645,37,120,121
Wind_proxy,656,139.68227134146343,602.5,10115.0,0.21659284993409136,0.0018832391713747645,45,120,121
PredSched_LLM,656,139.86367378048783,602.5,10115.0,0.21659284993409145,0.008945386064030132,18,120,121
FIFO,656,114.94003048780489,453.5,6257.0,0.3693606860316446,0.006982392228293868,0,120,122
QSSF_proxy,656,110.69307926829269,453.5,6257.0,0.3693606860316446,0.007893139040680024,6,120,122
RF_SRPT_proxy,656,110.69307926829269,453.5,6257.0,0.3693606860316446,0.007893139040680024,6,120,122
Backfill_FIFO,656,110.77539634146342,453.5,6257.0,0.3693606860316445,0.007589556769884639,23,120,122
Wind_proxy,656,110.77539634146342,453.5,6257.0,0.3693606860316445,0.007589556769884639,23,120,122
PredSched_LLM,656,111.58332317073172,453.5,6257.0,0.3693606860316445,0.007893139040680024,5,120,122
FIFO,656,107.52387195121952,394.75,6257.0,0.2838721182275851,0.0031376064545047063,0,120,123
QSSF_proxy,656,107.19609756097563,394.75,6257.0,0.2838721182275852,0.0031376064545047063,2,120,123
RF_SRPT_proxy,656,107.19609756097563,394.75,6257.0,0.2838721182275852,0.0031376064545047063,2,120,123
Backfill_FIFO,656,107.19609756097563,394.75,6257.0,0.2838721182275852,0.0033617212012550424,11,120,123
Wind_proxy,656,107.2037042682927,394.75,6257.0,0.2838721182275852,0.00291349170775437,11,120,123
PredSched_LLM,656,107.19606707317072,394.75,6257.0,0.2838721182275852,0.002689376961004034,2,120,123
FIFO,656,163.89282012195122,460.0,10115.0,0.3026514994232987,0.004107830551989731,0,120,124
QSSF_proxy,656,160.2510518292683,460.0,10115.0,0.30265149942329866,0.004621309370988447,13,120,124
RF_SRPT_proxy,656,160.2510518292683,460.0,10115.0,0.30265149942329866,0.004621309370988447,13,120,124
Backfill_FIFO,656,160.29525914634146,460.0,10115.0,0.30265149942329866,0.004621309370988447,41,120,124
Wind_proxy,656,160.29525914634146,460.0,10115.0,0.30265149942329866,0.0043645699614890884,41,120,124
PredSched_LLM,656,160.2510518292683,460.0,10115.0,0.30265149942329866,0.0043645699614890884,13,120,124
FIFO,656,110.66724085365854,351.0,10115.0,0.23284427109078917,0.0039701074264362445,0,120,125
QSSF_proxy,656,110.65198170731706,351.0,10115.0,0.23284427109078923,0.0037365716954694066,2,120,125
RF_SRPT_proxy,656,110.65198170731706,351.0,10115.0,0.23284427109078923,0.0037365716954694066,2,120,125
Backfill_FIFO,656,110.65198170731706,351.0,10115.0,0.23284427109078923,0.0039701074264362445,5,120,125
Wind_proxy,656,110.65198170731706,351.0,10115.0,0.23284427109078923,0.004203643157403083,5,120,125
PredSched_LLM,656,110.67788109756098,351.0,10115.0,0.23284427109078917,0.003035964502568893,2,120,125
FIFO,656,100.4963719512195,315.25,10115.0,0.11810776178118305,0.0034277879341864715,0,120,126
QSSF_proxy,656,100.47199695121952,315.25,10115.0,0.11810776178118305,0.0034277879341864715,0,120,126
RF_SRPT_proxy,656,100.47199695121952,315.25,10115.0,0.11810776178118305,0.0034277879341864715,0,120,126
Backfill_FIFO,656,100.4857012195122,315.25,10115.0,0.11810776178118305,0.0034277879341864715,1,120,126
Wind_proxy,656,100.45521341463414,315.25,10115.0,0.11810776178118305,0.0034277879341864715,1,120,126
PredSched_LLM,656,100.37746951219512,315.25,10115.0,0.11810776178118305,0.002970749542961609,0,120,126
FIFO,656,103.37739329268294,515.0,9047.0,0.22729551232452744,0.0055702140134857815,0,120,127
QSSF_proxy,656,103.00391768292684,515.0,9047.0,0.22729551232452744,0.005277044854881266,12,120,127
RF_SRPT_proxy,656,103.00391768292684,515.0,9047.0,0.22729551232452744,0.005277044854881266,11,120,127
Backfill_FIFO,656,103.00391768292684,515.0,9047.0,0.22729551232452744,0.0055702140134857815,31,120,127
Wind_proxy,656,103.00391768292684,515.0,9047.0,0.22729551232452744,0.004104368220463207,31,120,127
PredSched_LLM,656,104.31032012195121,515.0,9047.0,0.22729551232452744,0.009381413075344474,10,120,127
FIFO,656,146.2066768292683,650.0,10115.0,0.24736931949250288,0.006483790523690773,0,120,128
QSSF_proxy,656,141.76003048780487,650.0,10115.0,0.24736931949250285,0.005735660847880299,5,120,128
RF_SRPT_proxy,656,141.76003048780487,650.0,10115.0,0.24736931949250285,0.005735660847880299,5,120,128
Backfill_FIFO,656,141.76003048780487,650.0,10115.0,0.24736931949250285,0.005735660847880299,26,120,128
Wind_proxy,656,141.76003048780487,650.0,10115.0,0.24736931949250285,0.005735660847880299,26,120,128
PredSched_LLM,656,141.73868902439025,650.0,10115.0,0.24736931949250285,0.005735660847880299,5,120,128
FIFO,656,130.63234756097563,609.5,9047.0,0.22291643293356905,0.0035421740092982067,0,120,129
QSSF_proxy,656,130.33051829268294,609.5,9047.0,0.2229164329335691,0.003099402258135931,8,120,129
RF_SRPT_proxy,656,130.33051829268294,609.5,9047.0,0.2229164329335691,0.003099402258135931,8,120,129
Backfill_FIFO,656,130.26496951219514,609.5,9047.0,0.22291643293356905,0.0035421740092982067,17,120,129
Wind_proxy,656,130.34271341463415,609.5,9047.0,0.2229164329335691,0.003320788133717069,16,120,129
PredSched_LLM,656,130.90521341463415,609.5,9047.0,0.2229164329335691,0.003320788133717069,9,120,129
FIFO,656,143.80583841463417,394.75,10115.0,0.28778835063437136,0.0029216467463479417,0,120,130
QSSF_proxy,656,143.5847713414634,394.75,10115.0,0.28778835063437136,0.0029216467463479417,3,120,130
RF_SRPT_proxy,656,143.5847713414634,394.75,10115.0,0.28778835063437136,0.0029216467463479417,3,120,130
Backfill_FIFO,656,143.58477134146344,394.75,10115.0,0.28778835063437136,0.0029216467463479417,21,120,130
Wind_proxy,656,143.58477134146344,394.75,10115.0,0.28778835063437136,0.0029216467463479417,21,120,130
PredSched_LLM,656,143.5847713414634,394.75,10115.0,0.28778835063437136,0.0026560424966799467,3,120,130
FIFO,656,146.97961890243903,700.0,9047.0,0.22953112104380832,0.0029490616621983914,0,120,131
QSSF_proxy,656,146.77839939024392,700.0,9047.0,0.22953112104380832,0.0029490616621983914,1,120,131
RF_SRPT_proxy,656,146.77839939024392,700.0,9047.0,0.22953112104380832,0.0029490616621983914,1,120,131
Backfill_FIFO,656,146.77839939024392,700.0,9047.0,0.22953112104380832,0.0029490616621983914,19,120,131
Wind_proxy,656,146.77839939024392,700.0,9047.0,0.22953112104380832,0.002680965147453083,19,120,131
PredSched_LLM,656,146.77839939024392,700.0,9047.0,0.22953112104380832,0.002680965147453083,1,120,131
FIFO,656,138.51634146341465,408.5,9047.0,0.30395936268007806,0.0038975501113585748,0,120,132
QSSF_proxy,656,123.8349237804878,535.25,9047.0,0.30395936268007806,0.0038975501113585748,4,120,132
RF_SRPT_proxy,656,123.8349237804878,535.25,9047.0,0.30395936268007806,0.0038975501113585748,4,120,132
Backfill_FIFO,656,127.42638719512196,408.5,9047.0,0.3039593626800781,0.0041759465478841875,44,120,132
Wind_proxy,656,142.48736280487805,728.75,9047.0,0.303959362680078,0.0038975501113585748,82,120,132
PredSched_LLM,656,131.83338414634147,644.0,9047.0,0.3039593626800782,0.003062360801781737,12,120,132
FIFO,656,296.93382621951224,1086.7600000000002,10115.0,0.34951776754819575,0.006923076923076923,0,120,133
QSSF_proxy,656,173.317256097561,883.015,10115.0,0.3495177675481958,0.0017948717948717949,75,120,133
RF_SRPT_proxy,656,173.317256097561,883.015,10115.0,0.3495177675481958,0.0017948717948717949,71,120,133
Backfill_FIFO,656,173.35689024390246,880.765,10115.0,0.3495177675481958,0.002307692307692308,113,120,133
Wind_proxy,656,176.37673780487808,880.765,10115.0,0.34951776754819586,0.0020512820512820513,119,120,133
PredSched_LLM,656,176.69990853658538,883.015,10115.0,0.34951776754819586,0.0020512820512820513,77,120,133
FIFO,656,93.82429878048781,369.0,5657.0,0.12135070672028757,0.004353803849679193,0,120,134
QSSF_proxy,656,93.80905487804878,369.0,5657.0,0.12135070672028757,0.004124656278643446,0,120,134
RF_SRPT_proxy,656,93.80905487804878,369.0,5657.0,0.12135070672028757,0.004124656278643446,0,120,134
Backfill_FIFO,656,93.80905487804878,369.0,5657.0,0.12135070672028757,0.004353803849679193,4,120,134
Wind_proxy,656,93.80905487804878,369.0,5657.0,0.12135070672028757,0.004353803849679193,4,120,134
PredSched_LLM,656,93.76789634146343,369.0,5657.0,0.12135070672028757,0.0016040329972502293,0,120,134
FIFO,656,143.56810975609756,515.0,10115.0,0.26411476458230354,0.004502369668246445,0,120,135
QSSF_proxy,656,143.28306402439026,515.0,10115.0,0.26411476458230354,0.004976303317535545,11,120,135
RF_SRPT_proxy,656,143.28306402439026,515.0,10115.0,0.26411476458230354,0.004976303317535545,10,120,135
Backfill_FIFO,656,143.27696646341462,515.0,10115.0,0.26411476458230354,0.004976303317535545,28,120,135
Wind_proxy,656,143.27696646341462,515.0,10115.0,0.26411476458230354,0.004739336492890996,28,120,135
PredSched_LLM,656,143.26324695121951,515.0,10115.0,0.26411476458230354,0.00924170616113744,10,120,135
FIFO,656,134.70525914634146,394.75,9047.0,0.28155288585534805,0.004567368688150216,0,120,136
QSSF_proxy,656,130.0939786585366,376.75,9047.0,0.28155288585534805,0.005074854097944684,16,120,136
RF_SRPT_proxy,656,130.0939786585366,376.75,9047.0,0.28155288585534805,0.005074854097944684,16,120,136
Backfill_FIFO,656,130.11379573170734,394.75,9047.0,0.28155288585534805,0.004313625983252981,60,120,136
Wind_proxy,656,130.2372713414634,394.75,9047.0,0.28155288585534805,0.004313625983252981,66,120,136
PredSched_LLM,656,130.1595274390244,376.75,9047.0,0.28155288585534805,0.009134737376300432,18,120,136
FIFO,656,126.31407012195122,590.0,10115.0,0.28301997034107756,0.0038981884888786974,0,120,137
QSSF_proxy,656,121.0590243902439,535.25,10115.0,0.2830199703410776,0.0025223572575097455,32,120,137
RF_SRPT_proxy,656,121.0590243902439,535.25,10115.0,0.2830199703410776,0.0025223572575097455,32,120,137
Backfill_FIFO,656,121.0590243902439,535.25,10115.0,0.2830199703410777,0.0025223572575097455,93,120,137
Wind_proxy,656,121.0590243902439,535.25,10115.0,0.2830199703410777,0.0025223572575097455,93,120,137
PredSched_LLM,656,121.4904268292683,535.25,10115.0,0.2830199703410776,0.0025223572575097455,36,120,137
FIFO,656,280.4160518292683,935.25,9047.0,0.4732272875907299,0.0012828736369467607,0,120,138
QSSF_proxy,656,203.70365853658538,1173.25,9047.0,0.4732272875907297,0.001924310455420141,171,120,138
RF_SRPT_proxy,656,203.70365853658538,1173.25,9047.0,0.4732272875907297,0.001924310455420141,168,120,138
Backfill_FIFO,656,203.70365853658538,1173.25,9047.0,0.4732272875907297,0.0014966859097712208,236,120,138
Wind_proxy,656,203.70365853658538,1173.25,9047.0,0.4732272875907297,0.001924310455420141,236,120,138
PredSched_LLM,656,203.69146341463414,1173.25,9047.0,0.4732272875907297,0.005772931366260423,165,120,138
FIFO,656,147.2493292682927,535.25,10115.0,0.19790019566650194,0.0036800785083415115,0,120,139
QSSF_proxy,656,143.67006097560977,535.25,10115.0,0.19790019566650188,0.016683022571148183,15,120,139
RF_SRPT_proxy,656,143.67006097560977,535.25,10115.0,0.19790019566650188,0.016683022571148183,15,120,139
Backfill_FIFO,656,143.67006097560977,535.25,10115.0,0.19790019566650188,0.0034347399411187437,59,120,139
Wind_proxy,656,143.67006097560977,535.25,10115.0,0.19790019566650188,0.0034347399411187437,59,120,139
PredSched_LLM,656,143.64414634146343,535.25,10115.0,0.19790019566650188,0.006378802747791953,14,120,139
FIFO,656,140.8942835365854,602.5,10115.0,0.2560273953699126,0.006379585326953748,0,120,140
QSSF_proxy,656,140.85766768292683,602.5,10115.0,0.2560273953699126,0.006379585326953748,1,120,140
RF_SRPT_proxy,656,140.85766768292683,602.5,10115.0,0.2560273953699126,0.006379585326953748,1,120,140
Backfill_FIFO,656,140.85768292682926,602.5,10115.0,0.2560273953699126,0.006151742993848257,6,120,140
Wind_proxy,656,140.85768292682926,602.5,10115.0,0.2560273953699126,0.006151742993848257,6,120,140
PredSched_LLM,656,140.9933536585366,602.5,10115.0,0.2560273953699126,0.010708589655958077,1,120,140
FIFO,656,193.53603658536585,650.25,10115.0,0.4751764304251114,0.004577706569008927,0,120,141
QSSF_proxy,656,185.5085975609756,651.0,10115.0,0.4751764304251115,0.004577706569008927,21,120,141
RF_SRPT_proxy,656,185.5085975609756,651.0,10115.0,0.4751764304251115,0.004577706569008927,21,120,141
Backfill_FIFO,656,185.5771951219512,650.25,10115.0,0.4751764304251114,0.004577706569008927,57,120,141
Wind_proxy,656,190.64301829268294,650.25,10115.0,0.47517643042511126,0.004577706569008927,96,120,141
PredSched_LLM,656,187.8653048780488,662.5,10115.0,0.4751764304251114,0.0036621652552071412,30,120,141
FIFO,656,188.6488567073171,778.25,10115.0,0.305518760298237,0.007880434782608695,0,120,142
QSSF_proxy,656,184.88208841463418,777.75,10115.0,0.30551876029823705,0.024456521739130436,19,120,142
RF_SRPT_proxy,656,184.88208841463418,777.75,10115.0,0.30551876029823705,0.024456521739130436,18,120,142
Backfill_FIFO,656,184.728125,777.75,10115.0,0.30551876029823694,0.008695652173913044,53,120,142
Wind_proxy,656,184.8576981707317,777.75,10115.0,0.30551876029823694,0.008695652173913044,68,120,142
PredSched_LLM,656,185.58940548780492,777.75,10115.0,0.30551876029823694,0.013315217391304347,16,120,142
FIFO,656,284.44696646341464,1118.0,6667.0,0.46403002193640314,0.003080568720379147,0,120,143
QSSF_proxy,656,137.2146036585366,609.75,6257.0,0.4944363363033403,0.0033175355450236967,139,120,143
RF_SRPT_proxy,656,137.2146036585366,609.75,6257.0,0.4944363363033403,0.0033175355450236967,137,120,143
Backfill_FIFO,656,137.2146036585366,609.75,6257.0,0.4944363363033403,0.0033175355450236967,179,120,143
Wind_proxy,656,137.2816768292683,609.75,6257.0,0.4944363363033403,0.003080568720379147,181,120,143
PredSched_LLM,656,137.27556402439023,609.75,6257.0,0.4944363363033403,0.0035545023696682463,139,120,143
FIFO,656,441.60160060975613,1724.75,10387.0,0.42787321090465635,0.004046535154274153,0,120,144
QSSF_proxy,656,195.2629268292683,1001.0,10115.0,0.43937904514747056,0.0020232675771370764,145,120,144
RF_SRPT_proxy,656,195.2629268292683,1001.0,10115.0,0.43937904514747056,0.0020232675771370764,141,120,144
Backfill_FIFO,656,195.26292682926828,1001.0,10115.0,0.43937904514747056,0.0020232675771370764,185,120,144
Wind_proxy,656,195.26292682926828,1001.0,10115.0,0.43937904514747056,0.0015174506828528073,185,120,144
PredSched_LLM,656,195.2629268292683,1001.0,10115.0,0.43937904514747056,0.0015174506828528073,141,120,144
FIFO,656,129.84821646341462,602.5,10115.0,0.21057921712802755,0.0059329575793533075,0,120,145
QSSF_proxy,656,129.7155945121951,602.5,10115.0,0.21057921712802755,0.023435182438445563,3,120,145
RF_SRPT_proxy,656,129.7155945121951,602.5,10115.0,0.21057921712802755,0.023435182438445563,3,120,145
Backfill_FIFO,656,129.717118902439,602.5,10115.0,0.21057921712802755,0.0059329575793533075,12,120,145
Wind_proxy,656,129.73541158536585,602.5,10115.0,0.21057921712802755,0.0071195490952239695,18,120,145
PredSched_LLM,656,129.73083841463415,602.5,10115.0,0.21057921712802755,0.022248590922574904,3,120,145
FIFO,656,135.6014786585366,433.25,10115.0,0.20964957571263787,0.004230565838180857,0,120,146
QSSF_proxy,656,135.09844512195124,433.25,10115.0,0.20964957571263793,0.003966155473294554,4,120,146
RF_SRPT_proxy,656,135.09844512195124,433.25,10115.0,0.20964957571263793,0.003966155473294554,4,120,146
Backfill_FIFO,656,135.13349085365854,433.25,10115.0,0.20964957571263787,0.004494976203067161,16,120,146
Wind_proxy,656,135.13349085365854,433.25,10115.0,0.20964957571263787,0.005023796932839768,16,120,146
PredSched_LLM,656,135.07861280487805,433.25,10115.0,0.20964957571263793,0.0037017451084082496,2,120,146
FIFO,656,139.5925,602.5,10115.0,0.2729047958889439,0.004893564962074872,0,120,147
QSSF_proxy,656,127.45530487804879,602.5,10115.0,0.27290479588894384,0.004893564962074872,10,120,147
RF_SRPT_proxy,656,127.45530487804879,602.5,10115.0,0.27290479588894384,0.004893564962074872,10,120,147
Backfill_FIFO,656,127.79676829268294,602.5,10115.0,0.2729047958889439,0.004893564962074872,50,120,147
Wind_proxy,656,134.7623780487805,602.5,10115.0,0.2729047958889438,0.004893564962074872,100,120,147
PredSched_LLM,656,128.13213414634149,602.5,10115.0,0.27290479588894384,0.004893564962074872,15,120,147
FIFO,656,117.69443597560976,379.5,10115.0,0.23193515818091948,0.003919760202905234,0,120,148
QSSF_proxy,656,116.02370426829269,379.5,10115.0,0.23193515818091937,0.004380908462070556,2,120,148
RF_SRPT_proxy,656,116.02370426829269,379.5,10115.0,0.23193515818091937,0.004380908462070556,2,120,148
Backfill_FIFO,656,116.05876524390244,379.5,10115.0,0.23193515818091937,0.004380908462070556,13,120,148
Wind_proxy,656,116.05876524390244,379.5,10115.0,0.23193515818091937,0.004380908462070556,13,120,148
PredSched_LLM,656,116.82553353658537,393.0,10115.0,0.23193515818091937,0.009453539312889093,2,120,148
FIFO,656,136.37285060975609,645.5,9047.0,0.21086524193102685,0.016960651289009497,0,120,149
QSSF_proxy,656,133.47038109756096,645.5,9047.0,0.21086524193102685,0.018317503392130258,5,120,149
RF_SRPT_proxy,656,133.47038109756096,645.5,9047.0,0.21086524193102685,0.018317503392130258,5,120,149
Backfill_FIFO,656,133.64568597560975,645.5,9047.0,0.21086524193102682,0.018317503392130258,21,120,149
Wind_proxy,656,133.6304420731707,645.5,9047.0,0.21086524193102682,0.017186793306196293,21,120,149
PredSched_LLM,656,134.34690548780486,645.5,9047.0,0.21086524193102685,0.007236544549977386,6,120,149
FIFO,656,184.53884146341466,650.25,10115.0,0.35826882208765876,0.006192660550458716,0,120,150
QSSF_proxy,656,164.13178353658537,650.25,10115.0,0.3582688220876586,0.01743119266055046,63,120,150
RF_SRPT_proxy,656,164.13178353658537,650.25,10115.0,0.3582688220876586,0.01743119266055046,61,120,150
Backfill_FIFO,656,164.4733079268293,650.25,10115.0,0.3582688220876586,0.00481651376146789,78,120,150
Wind_proxy,656,170.9872256097561,650.25,10115.0,0.35826882208765864,0.00481651376146789,80,120,150
PredSched_LLM,656,172.3087042682927,650.25,10115.0,0.35826882208765876,0.017660550458715597,58,120,150
FIFO,656,129.05888719512197,399.25,10115.0,0.15562080655791735,0.005492184199408534,0,120,151
QSSF_proxy,656,126.78754573170733,399.25,10115.0,0.15562080655791735,0.007182087029995775,9,120,151
RF_SRPT_proxy,656,126.78754573170733,399.25,10115.0,0.15562080655791735,0.007182087029995775,8,120,151
Backfill_FIFO,656,126.86528963414635,399.25,10115.0,0.15562080655791735,0.007182087029995775,24,120,151
Wind_proxy,656,126.85157012195123,399.25,10115.0,0.15562080655791735,0.00612589776087875,24,120,151
PredSched_LLM,656,126.7174237804878,399.25,10115.0,0.15562080655791735,0.010139416983523447,7,120,151
FIFO,656,132.65353658536586,644.0,10115.0,0.15580756817432848,0.0058374494836102376,0,120,152
QSSF_proxy,656,132.5026219512195,644.0,10115.0,0.15580756817432848,0.006061966771441401,10,120,152
RF_SRPT_proxy,656,132.5026219512195,644.0,10115.0,0.15580756817432848,0.006061966771441401,10,120,152
Backfill_FIFO,656,132.5026219512195,644.0,10115.0,0.15580756817432848,0.0058374494836102376,17,120,152
Wind_proxy,656,132.5515091463415,644.0,10115.0,0.15580756817432848,0.005163897620116749,21,120,152
PredSched_LLM,656,132.5361432926829,644.0,10115.0,0.1558075681743285,0.004939380332285586,11,120,152
FIFO,656,653.8043140243904,2447.0,10812.01,0.3302118132598226,0.030923146884947704,0,120,153
QSSF_proxy,656,173.9569054878049,600.25,10115.0,0.352966231051244,0.0029558890404729424,162,120,153
RF_SRPT_proxy,656,173.9569054878049,600.25,10115.0,0.352966231051244,0.0029558890404729424,158,120,153
Backfill_FIFO,656,173.77246951219513,601.0,10115.0,0.3529662310512439,0.0029558890404729424,230,120,153
Wind_proxy,656,173.77246951219513,601.0,10115.0,0.3529662310512439,0.010231923601637109,230,120,153
PredSched_LLM,656,173.94623475609757,600.25,10115.0,0.352966231051244,0.007958162801273306,158,120,153
FIFO,656,176.48272865853662,788.0,10115.0,0.294453428283078,0.001961265015935278,0,120,154
QSSF_proxy,656,171.54826219512196,753.0,10115.0,0.2944534282830781,0.001961265015935278,14,120,154
RF_SRPT_proxy,656,171.54826219512196,753.0,10115.0,0.2944534282830781,0.001961265015935278,14,120,154
Backfill_FIFO,656,171.60009146341463,753.0,10115.0,0.2944534282830781,0.001961265015935278,43,120,154
Wind_proxy,656,171.68240853658537,753.0,10115.0,0.2944534282830781,0.0014709487619514587,49,120,154
PredSched_LLM,656,172.86382621951222,753.0,10115.0,0.294453428283078,0.004903162539838196,24,120,154
FIFO,656,146.07403963414635,644.0,10115.0,0.19312761884165425,0.004251700680272109,0,120,155
QSSF_proxy,656,141.4871493902439,644.0,10115.0,0.19312761884165416,0.00467687074829932,13,120,155
RF_SRPT_proxy,656,141.4871493902439,644.0,10115.0,0.19312761884165416,0.00467687074829932,11,120,155
Backfill_FIFO,656,141.6670274390244,644.0,10115.0,0.19312761884165422,0.004889455782312925,62,120,155
Wind_proxy,656,142.1685518292683,644.0,10115.0,0.19312761884165422,0.004464285714285714,60,120,155
PredSched_LLM,656,141.45817073170733,644.0,10115.0,0.19312761884165414,0.0040391156462585035,10,120,155
FIFO,656,136.5908231707317,645.5,10115.0,0.28507374876421154,0.004850651008424815,0,120,156
QSSF_proxy,656,136.55725609756098,645.5,10115.0,0.28507374876421154,0.004850651008424815,1,120,156
RF_SRPT_proxy,656,136.55725609756098,645.5,10115.0,0.28507374876421154,0.004850651008424815,1,120,156
Backfill_FIFO,656,136.56945121951222,645.5,10115.0,0.28507374876421154,0.004850651008424815,4,120,156
Wind_proxy,656,137.24323170731708,645.5,10115.0,0.2850737487642115,0.0030635690579525147,36,120,156
PredSched_LLM,656,147.17170731707316,650.0,10115.0,0.2850737487642115,0.005361245851416901,44,120,156
FIFO,656,108.45208841463416,397.0,10115.0,0.25520726746580974,0.0032976092333058533,0,120,157
QSSF_proxy,656,108.27525914634147,397.0,10115.0,0.25520726746580974,0.0032976092333058533,10,120,157
RF_SRPT_proxy,656,108.27525914634147,397.0,10115.0,0.25520726746580974,0.0032976092333058533,9,120,157
Backfill_FIFO,656,108.27525914634147,397.0,10115.0,0.25520726746580974,0.0032976092333058533,17,120,157
Wind_proxy,656,108.27525914634147,397.0,10115.0,0.25520726746580974,0.003022808463863699,17,120,157
PredSched_LLM,656,108.23562500000001,397.0,10115.0,0.25520726746580974,0.0032976092333058533,9,120,157
FIFO,656,120.30443597560975,627.5,5657.0,0.29999746810735944,0.017907393195190587,0,120,158
QSSF_proxy,656,116.14589939024388,627.5,5657.0,0.2999974681073595,0.01688411358403684,17,120,158
RF_SRPT_proxy,656,116.14589939024388,627.5,5657.0,0.2999974681073595,0.01688411358403684,17,120,158
Backfill_FIFO,656,115.99803353658535,627.5,5657.0,0.29999746810735944,0.01688411358403684,35,120,158
Wind_proxy,656,116.60628048780485,627.5,5657.0,0.2999974681073596,0.012279355333844973,35,120,158
PredSched_LLM,656,128.40353658536583,753.0,5657.0,0.2999974681073595,0.012023535431056536,14,120,158
FIFO,656,136.97961890243903,854.0,9047.0,0.2828164435263992,0.02388344877000239,0,120,159
QSSF_proxy,656,136.5131707317073,854.0,9047.0,0.2828164435263992,0.00979221399570098,5,120,159
RF_SRPT_proxy,656,136.5131707317073,854.0,9047.0,0.2828164435263992,0.00979221399570098,5,120,159
Backfill_FIFO,656,136.51925304878048,854.0,9047.0,0.2828164435263992,0.02388344877000239,22,120,159
Wind_proxy,656,136.51772865853658,854.0,9047.0,0.2828164435263992,0.01910675901600191,22,120,159
PredSched_LLM,656,136.51161585365855,854.0,9047.0,0.2828164435263992,0.009075710532600907,5,120,159
FIFO,656,155.72475609756097,713.25,9047.0,0.25403322924726435,0.006396588486140725,0,120,160
QSSF_proxy,656,155.68056402439026,713.25,9047.0,0.25403322924726435,0.006396588486140725,0,120,160
RF_SRPT_proxy,656,155.68056402439026,713.25,9047.0,0.25403322924726435,0.006396588486140725,0,120,160
Backfill_FIFO,656,155.68664634146342,713.25,9047.0,0.25403322924726435,0.006396588486140725,5,120,160
Wind_proxy,656,155.68664634146342,713.25,9047.0,0.25403322924726435,0.005685856432125089,5,120,160
PredSched_LLM,656,155.72018292682927,713.25,9047.0,0.25403322924726435,0.006159677801468846,0,120,160
FIFO,656,129.97490853658536,401.25,10115.0,0.22725530462184865,0.006214536611726561,0,120,161
QSSF_proxy,656,126.82246951219514,401.25,10115.0,0.22725530462184865,0.022966765738989463,12,120,161
RF_SRPT_proxy,656,126.82246951219514,401.25,10115.0,0.22725530462184865,0.022966765738989463,12,120,161
Backfill_FIFO,656,126.81643292682926,401.25,10115.0,0.22725530462184865,0.021885976763037017,27,120,161
Wind_proxy,656,126.87439024390245,401.25,10115.0,0.22725530462184865,0.017292623615239124,36,120,161
PredSched_LLM,656,127.2721798780488,401.25,10115.0,0.22725530462184865,0.024047554714941907,21,120,161
FIFO,656,107.94475609756097,315.25,10115.0,0.14142402990608008,0.003973181028060591,0,120,162
QSSF_proxy,656,105.84870426829268,315.25,10115.0,0.14142402990608008,0.01961758132604917,4,120,162
RF_SRPT_proxy,656,105.84870426829268,315.25,10115.0,0.14142402990608008,0.01961758132604917,4,120,162
Backfill_FIFO,656,105.87158536585365,315.25,10115.0,0.14142402990608008,0.004966476285075739,13,120,162
Wind_proxy,656,105.88073170731707,315.25,10115.0,0.14142402990608008,0.004966476285075739,16,120,162
PredSched_LLM,656,105.88679878048781,315.25,10115.0,0.14142402990608008,0.014154457412465855,6,120,162
FIFO,656,138.82260670731708,433.25,10115.0,0.18796201289339262,0.004243281471004243,0,120,163
QSSF_proxy,656,136.09547256097562,433.25,10115.0,0.18796201289339262,0.004243281471004243,7,120,163
RF_SRPT_proxy,656,136.09547256097562,433.25,10115.0,0.18796201289339262,0.004243281471004243,7,120,163
Backfill_FIFO,656,136.28754573170733,433.25,10115.0,0.18796201289339265,0.004243281471004243,23,120,163
Wind_proxy,656,136.28754573170733,433.25,10115.0,0.18796201289339265,0.004479019330504479,23,120,163
PredSched_LLM,656,136.94303353658538,433.25,10115.0,0.18796201289339268,0.0049504950495049506,6,120,163
FIFO,656,117.73262195121953,373.75,10115.0,0.14173401919591364,0.0030373831775700934,0,120,164
QSSF_proxy,656,117.69600609756098,373.75,10115.0,0.14173401919591364,0.016588785046728973,3,120,164
RF_SRPT_proxy,656,117.69600609756098,373.75,10115.0,0.14173401919591364,0.016588785046728973,3,120,164
Backfill_FIFO,656,117.69603658536586,373.75,10115.0,0.14173401919591364,0.0030373831775700934,7,120,164
Wind_proxy,656,117.73567073170733,373.75,10115.0,0.14173401919591364,0.0065420560747663555,11,120,164
PredSched_LLM,656,117.70817073170731,373.75,10115.0,0.14173401919591364,0.006775700934579439,0,120,164
FIFO,656,992.1236585365854,2830.75,11355.0,0.40292012145897543,0.005673408978786384,0,120,165
QSSF_proxy,656,211.92623475609759,1240.0,9047.0,0.5057099567996758,0.00123334977799704,204,120,165
RF_SRPT_proxy,656,211.92623475609759,1240.0,9047.0,0.5057099567996758,0.00123334977799704,198,120,165
Backfill_FIFO,656,211.9308079268293,1240.0,9047.0,0.5057099567996758,0.00123334977799704,309,120,165
Wind_proxy,656,211.9308079268293,1240.0,9047.0,0.5057099567996758,0.000986679822397632,309,120,165
PredSched_LLM,656,211.92623475609759,1240.0,9047.0,0.5057099567996758,0.0014800197335964479,198,120,165
FIFO,656,114.25847560975612,622.0,9047.0,0.20622515175380415,0.006878557874762809,0,120,166
QSSF_proxy,656,114.09231707317075,622.0,9047.0,0.20622515175380415,0.006641366223908918,0,120,166
RF_SRPT_proxy,656,114.09231707317075,622.0,9047.0,0.20622515175380415,0.006641366223908918,0,120,166
Backfill_FIFO,656,114.09384146341465,622.0,9047.0,0.20622515175380413,0.006641366223908918,10,120,166
Wind_proxy,656,114.13652439024392,622.0,9047.0,0.20622515175380413,0.006166982922201139,9,120,166
PredSched_LLM,656,114.44448170731708,622.0,9047.0,0.2062251517538042,0.004506641366223909,3,120,166
FIFO,656,116.47806402439025,406.0,10115.0,0.21488394401878397,0.008818342151675485,0,120,167
QSSF_proxy,656,114.09086890243903,406.0,10115.0,0.21488394401878397,0.007558578987150416,9,120,167
RF_SRPT_proxy,656,114.09086890243903,406.0,10115.0,0.21488394401878397,0.007558578987150416,9,120,167
Backfill_FIFO,656,114.09086890243903,406.0,10115.0,0.21488394401878397,0.00781053162005543,40,120,167
Wind_proxy,656,114.09086890243903,406.0,10115.0,0.21488394401878397,0.008062484252960444,40,120,167
PredSched_LLM,656,119.05432926829268,584.5,10115.0,0.21488394401878397,0.008566389518770472,8,120,167
FIFO,656,137.21599085365855,898.0,5657.0,0.29469012396146366,0.0037602300376023004,0,120,168
QSSF_proxy,656,133.27849085365855,898.0,5657.0,0.2946901239614636,0.004866180048661801,8,120,168
RF_SRPT_proxy,656,133.27849085365855,898.0,5657.0,0.2946901239614636,0.004866180048661801,8,120,168
Backfill_FIFO,656,133.39129573170732,898.0,5657.0,0.2946901239614636,0.0042026100420261,54,120,168
Wind_proxy,656,134.6900762195122,898.0,5657.0,0.2946901239614638,0.0022119000221190004,68,120,168
PredSched_LLM,656,145.26181402439025,898.0,5657.0,0.2946901239614638,0.0037602300376023004,33,120,168
FIFO,656,241.87660060975608,898.0,10115.0,0.3698429858708191,0.003474807644576818,0,120,169
QSSF_proxy,656,187.55498475609755,851.75,10115.0,0.36984298587081893,0.017622238768925293,72,120,169
RF_SRPT_proxy,656,187.55498475609755,851.75,10115.0,0.36984298587081893,0.017622238768925293,71,120,169
Backfill_FIFO,656,184.48187500000003,800.0,10115.0,0.3698429858708189,0.002730206006453214,75,120,169
Wind_proxy,656,199.42388719512198,813.5,10115.0,0.36984298587081893,0.0014892032762472078,78,120,169
PredSched_LLM,656,192.23207317073172,854.0,10115.0,0.3698429858708189,0.010176222387689253,85,120,169
FIFO,656,102.83928353658537,367.0,10115.0,0.15289534828637338,0.004804974561899378,0,120,170
QSSF_proxy,656,102.82251524390244,367.0,10115.0,0.15289534828637338,0.004804974561899378,0,120,170
RF_SRPT_proxy,656,102.82251524390244,367.0,10115.0,0.15289534828637338,0.004804974561899378,0,120,170
Backfill_FIFO,656,102.82251524390244,367.0,10115.0,0.15289534828637338,0.004804974561899378,6,120,170
Wind_proxy,656,102.82251524390244,367.0,10115.0,0.15289534828637338,0.004804974561899378,6,120,170
PredSched_LLM,656,102.82251524390244,367.0,10115.0,0.15289534828637338,0.002543810062182024,0,120,170
FIFO,656,110.61961890243903,393.25,10115.0,0.1735466726396441,0.0034810860988628454,0,120,171
QSSF_proxy,656,110.34217987804878,393.25,10115.0,0.1735466726396441,0.0034810860988628454,6,120,171
RF_SRPT_proxy,656,110.34217987804878,393.25,10115.0,0.1735466726396441,0.0034810860988628454,6,120,171
Backfill_FIFO,656,110.34217987804878,393.25,10115.0,0.1735466726396441,0.0034810860988628454,28,120,171
Wind_proxy,656,110.35591463414636,393.25,10115.0,0.1735466726396441,0.0037131585054537017,30,120,171
PredSched_LLM,656,110.33609756097563,393.25,10115.0,0.1735466726396441,0.0037131585054537017,2,120,171
FIFO,656,136.02213414634147,409.0,6257.0,0.39871520896595797,0.0038570326562098224,0,120,172
QSSF_proxy,656,122.5389024390244,602.5,6257.0,0.39871520896595797,0.0038570326562098224,10,120,172
RF_SRPT_proxy,656,122.5389024390244,602.5,6257.0,0.39871520896595797,0.0038570326562098224,10,120,172
Backfill_FIFO,656,123.68676829268293,409.0,6257.0,0.398715208965958,0.0038570326562098224,38,120,172
Wind_proxy,656,123.69439024390245,409.0,6257.0,0.398715208965958,0.0035998971457958345,38,120,172
PredSched_LLM,656,127.2919512195122,651.75,6257.0,0.3987152089659581,0.004114168166623811,13,120,172
FIFO,656,156.29399390243904,472.75,10115.0,0.31204543376174004,0.0034221461745294547,0,120,173
QSSF_proxy,656,155.74673780487808,460.0,10115.0,0.31204543376174004,0.0034221461745294547,9,120,173
RF_SRPT_proxy,656,155.74673780487808,460.0,10115.0,0.31204543376174004,0.0034221461745294547,9,120,173
Backfill_FIFO,656,155.74673780487808,460.0,10115.0,0.31204543376174004,0.0034221461745294547,15,120,173
Wind_proxy,656,155.74673780487808,460.0,10115.0,0.31204543376174004,0.0031777071620630653,15,120,173
PredSched_LLM,656,155.84734756097563,460.0,10115.0,0.31204543376174004,0.005622097286726962,8,120,173
FIFO,656,147.46876524390245,414.0,10115.0,0.3067640292881859,0.007646356033452807,0,120,174
QSSF_proxy,656,141.9992530487805,401.25,10115.0,0.3067640292881859,0.007646356033452807,27,120,174
RF_SRPT_proxy,656,141.9992530487805,401.25,10115.0,0.3067640292881859,0.007646356033452807,27,120,174
Backfill_FIFO,656,142.21724085365852,401.25,10115.0,0.3067640292881859,0.007885304659498209,75,120,174
Wind_proxy,656,142.21724085365852,401.25,10115.0,0.3067640292881859,0.007646356033452807,75,120,174
PredSched_LLM,656,141.991631097561,401.25,10115.0,0.3067640292881859,0.006690561529271207,27,120,174
FIFO,656,140.06198170731707,433.25,10115.0,0.247131973966057,0.0022222222222222222,0,120,175
QSSF_proxy,656,137.95984756097562,433.25,10115.0,0.247131973966057,0.0019753086419753087,7,120,175
RF_SRPT_proxy,656,137.95984756097562,433.25,10115.0,0.247131973966057,0.0019753086419753087,7,120,175
Backfill_FIFO,656,137.95984756097562,433.25,10115.0,0.247131973966057,0.0022222222222222222,21,120,175
Wind_proxy,656,137.95984756097562,433.25,10115.0,0.247131973966057,0.0022222222222222222,21,120,175
PredSched_LLM,656,140.39129573170732,439.25,10115.0,0.24713197396605704,0.003950617283950617,12,120,175
FIFO,656,107.83771341463415,361.0,10115.0,0.24164140097215367,0.014358294676386128,0,120,176
QSSF_proxy,656,107.25384146341464,340.0,10115.0,0.2416414009721536,0.0013253810470510272,9,120,176
RF_SRPT_proxy,656,107.25384146341464,340.0,10115.0,0.2416414009721536,0.0013253810470510272,9,120,176
Backfill_FIFO,656,107.26606707317075,340.0,10115.0,0.24164140097215367,0.014358294676386128,32,120,176
Wind_proxy,656,107.26606707317075,340.0,10115.0,0.24164140097215367,0.012812016788159929,32,120,176
PredSched_LLM,656,107.25693597560978,340.0,10115.0,0.24164140097215367,0.005964214711729622,10,120,176
FIFO,656,116.9673018292683,367.0,10115.0,0.1715454389108585,0.0026429601153291687,0,120,177
QSSF_proxy,656,116.8057012195122,367.0,10115.0,0.1715454389108585,0.016338298894762134,8,120,177
RF_SRPT_proxy,656,116.8057012195122,367.0,10115.0,0.1715454389108585,0.016338298894762134,8,120,177
Backfill_FIFO,656,116.79204268292683,367.0,10115.0,0.1715454389108585,0.002402691013935608,18,120,177
Wind_proxy,656,116.79356707317073,367.0,10115.0,0.1715454389108585,0.0026429601153291687,18,120,177
PredSched_LLM,656,116.85605182926831,367.0,10115.0,0.1715454389108585,0.0076886112445939455,6,120,177
FIFO,656,388.41239329268296,1358.25,10420.0,0.3578173234564941,0.028077753779697623,0,120,178
QSSF_proxy,656,154.47960365853658,662.5,10420.0,0.35781732345649403,0.02283245911755631,113,120,178
RF_SRPT_proxy,656,154.47960365853658,662.5,10420.0,0.35781732345649403,0.02283245911755631,111,120,178
Backfill_FIFO,656,154.33631097560976,645.5,10420.0,0.357817323456494,0.023449552607219995,152,120,178
Wind_proxy,656,154.33935975609756,645.5,10420.0,0.3578173234564941,0.020364085158901573,152,120,178
PredSched_LLM,656,154.48721036585368,662.5,10420.0,0.35781732345649403,0.011107682813946312,111,120,178
FIFO,656,871.4247713414635,2740.25,10943.0,0.44696217045142983,0.00575973669775096,0,120,179
QSSF_proxy,656,192.68399390243906,865.0,10115.0,0.4835498795106277,0.004114097641250686,83,120,179
RF_SRPT_proxy,656,192.68399390243906,865.0,10115.0,0.4835498795106277,0.004114097641250686,83,120,179
Backfill_FIFO,656,192.72971036585366,865.0,10115.0,0.4835498795106277,0.0038398244651673065,220,120,179
Wind_proxy,656,192.65806402439026,865.0,10115.0,0.4835498795106277,0.0027427317608337905,221,120,179
PredSched_LLM,656,192.67028963414634,865.0,10115.0,0.4835498795106277,0.0030170049369171695,86,120,179
FIFO,656,291.81806402439025,1237.7575000000002,9053.01,0.3212485969215396,0.003991484832357637,0,120,180
QSSF_proxy,656,137.07108231707318,663.25,9047.0,0.32146200513061424,0.002394890899414582,99,120,180
RF_SRPT_proxy,656,137.07108231707318,663.25,9047.0,0.32146200513061424,0.002394890899414582,95,120,180
Backfill_FIFO,656,137.07108231707318,663.25,9047.0,0.32146200513061424,0.002394890899414582,135,120,180
Wind_proxy,656,137.09242378048782,663.25,9047.0,0.32146200513061424,0.0021287919105907396,138,120,180
PredSched_LLM,656,137.06193597560977,663.25,9047.0,0.32146200513061424,0.002394890899414582,95,120,180
FIFO,656,163.90410060975609,753.0,10115.0,0.22966194286538152,0.03548062405636638,0,120,181
QSSF_proxy,656,161.77231707317074,753.0,10115.0,0.22966194286538155,0.006039255158530448,19,120,181
RF_SRPT_proxy,656,161.77231707317074,753.0,10115.0,0.22966194286538155,0.006039255158530448,19,120,181
Backfill_FIFO,656,161.82111280487803,753.0,10115.0,0.22966194286538155,0.02038248616004026,59,120,181
Wind_proxy,656,162.29062499999998,753.0,10115.0,0.22966194286538155,0.013588324106693507,54,120,181
PredSched_LLM,656,161.69612804878048,753.0,10115.0,0.22966194286538155,0.014846502264720684,19,120,181
FIFO,656,144.2065548780488,602.5,10115.0,0.166424700321305,0.002156205079060853,0,120,182
QSSF_proxy,656,144.1547256097561,602.5,10115.0,0.166424700321305,0.01581217057977959,1,120,182
RF_SRPT_proxy,656,144.1547256097561,602.5,10115.0,0.166424700321305,0.01581217057977959,1,120,182
Backfill_FIFO,656,144.1547256097561,602.5,10115.0,0.166424700321305,0.002156205079060853,5,120,182
Wind_proxy,656,144.16998475609756,602.5,10115.0,0.166424700321305,0.0019166267369429804,11,120,182
PredSched_LLM,656,144.5419207317073,602.5,10115.0,0.16642470032130496,0.01317680881648299,3,120,182
FIFO,656,207.7821341463415,852.0,9047.0,0.33167117437640464,0.0026672593909757725,0,120,183
QSSF_proxy,656,183.54370426829271,852.0,9047.0,0.33167117437640475,0.015781284729939987,37,120,183
RF_SRPT_proxy,656,183.54370426829271,852.0,9047.0,0.33167117437640475,0.015781284729939987,32,120,183
Backfill_FIFO,656,182.46292682926833,852.0,9047.0,0.3316711743764047,0.003556345854634363,74,120,183
Wind_proxy,656,217.4004725609756,938.0,9047.0,0.3316711743764048,0.0020004445432318294,93,120,183
PredSched_LLM,656,203.35907012195125,938.0,9047.0,0.3316711743764046,0.004889975550122249,74,120,183
FIFO,656,131.04053353658537,406.0,9047.0,0.14606740494086437,0.006872852233676976,0,120,184
QSSF_proxy,656,131.03596036585367,406.0,9047.0,0.14606740494086437,0.0074455899198167235,0,120,184
RF_SRPT_proxy,656,131.03596036585367,406.0,9047.0,0.14606740494086437,0.0074455899198167235,0,120,184
Backfill_FIFO,656,131.03443597560977,406.0,9047.0,0.14606740494086437,0.006872852233676976,2,120,184
Wind_proxy,656,131.03443597560977,406.0,9047.0,0.14606740494086437,0.006586483390607102,2,120,184
PredSched_LLM,656,131.01461890243905,406.0,9047.0,0.14606740494086437,0.010309278350515464,0,120,184
FIFO,656,146.79367378048784,453.5,10115.0,0.2569066021997034,0.001890359168241966,0,120,185
QSSF_proxy,656,138.78298780487808,453.5,10115.0,0.25690660219970335,0.001890359168241966,21,120,185
RF_SRPT_proxy,656,138.78298780487808,453.5,10115.0,0.25690660219970335,0.001890359168241966,20,120,185
Backfill_FIFO,656,138.78298780487808,453.5,10115.0,0.25690660219970335,0.001890359168241966,48,120,185
Wind_proxy,656,138.81652439024393,453.5,10115.0,0.25690660219970335,0.0016203078584931137,51,120,185
PredSched_LLM,656,138.78298780487808,453.5,10115.0,0.25690660219970335,0.0016203078584931137,20,120,185
FIFO,656,266.90250000000003,909.0,9047.0,0.35073584014958925,0.0026136957658128594,0,120,186
QSSF_proxy,656,195.5087042682927,953.5025,9047.0,0.35073584014958914,0.004966021955044433,76,120,186
RF_SRPT_proxy,656,195.5087042682927,953.5025,9047.0,0.35073584014958914,0.004966021955044433,69,120,186
Backfill_FIFO,656,195.60016768292684,953.5025,9047.0,0.35073584014958914,0.004966021955044433,97,120,186
Wind_proxy,656,195.59254573170733,953.5025,9047.0,0.35073584014958914,0.004966021955044433,97,120,186
PredSched_LLM,656,195.5010975609756,953.5025,9047.0,0.35073584014958914,0.005227391531625719,69,120,186
FIFO,656,135.8255335365854,700.0,9047.0,0.23178520043476655,0.0028993147074327886,0,120,187
QSSF_proxy,656,132.6990091463415,700.0,9047.0,0.2317852004347665,0.0036900369003690036,5,120,187
RF_SRPT_proxy,656,132.6990091463415,700.0,9047.0,0.2317852004347665,0.0036900369003690036,5,120,187
Backfill_FIFO,656,132.8224847560976,700.0,9047.0,0.23178520043476655,0.003953610964681075,21,120,187
Wind_proxy,656,133.0099847560976,700.0,9047.0,0.23178520043476655,0.0031628887717448603,21,120,187
PredSched_LLM,656,137.1456554878049,713.25,9047.0,0.23178520043476647,0.003953610964681075,7,120,187
FIFO,656,437.30428353658544,1632.0200000000004,10115.0,0.3771074981463174,0.03394383394383394,0,120,188
QSSF_proxy,656,159.18846036585367,556.0,10115.0,0.37710749814631744,0.01855921855921856,126,120,188
RF_SRPT_proxy,656,159.18846036585367,556.0,10115.0,0.37710749814631744,0.01855921855921856,120,120,188
Backfill_FIFO,656,159.3073323170732,556.0,10115.0,0.37710749814631744,0.03321123321123321,181,120,188
Wind_proxy,656,159.33324695121954,556.0,10115.0,0.37710749814631744,0.025396825396825397,181,120,188
PredSched_LLM,656,160.71141768292682,574.75,10115.0,0.37710749814631744,0.028083028083028084,132,120,188
FIFO,656,149.84086890243904,608.0,9047.0,0.30084450992041556,0.003889969435954432,0,120,189
QSSF_proxy,656,149.57867378048783,608.0,9047.0,0.30084450992041556,0.003889969435954432,1,120,189
RF_SRPT_proxy,656,149.57867378048783,608.0,9047.0,0.30084450992041556,0.003889969435954432,1,120,189
Backfill_FIFO,656,149.57867378048783,608.0,9047.0,0.30084450992041556,0.004167824395665463,6,120,189
Wind_proxy,656,149.57867378048783,608.0,9047.0,0.30084450992041556,0.005001389274798555,6,120,189
PredSched_LLM,656,149.57867378048783,608.0,9047.0,0.30084450992041556,0.003889969435954432,1,120,189
FIFO,656,287.1297408536586,995.5,9047.0,0.4507157552227259,0.0018717828731867104,0,120,190
QSSF_proxy,656,213.19371951219514,976.0075000000002,9047.0,0.4507157552227259,0.002339728591483388,82,120,190
RF_SRPT_proxy,656,213.19371951219514,976.0075000000002,9047.0,0.4507157552227259,0.002339728591483388,80,120,190
Backfill_FIFO,656,217.43352134146343,976.0075000000002,9047.0,0.45071575522272583,0.002339728591483388,84,120,190
Wind_proxy,656,245.55983231707322,1047.0,9047.0,0.45071575522272606,0.002339728591483388,64,120,190
PredSched_LLM,656,233.7894359756098,1047.0,9047.0,0.450715755222726,0.0014038371548900327,86,120,190
FIFO,656,482.727637195122,2138.0,10480.0,0.32935074844942763,0.0044411547002220575,0,120,191
QSSF_proxy,656,150.91251524390248,397.0,10115.0,0.3412353775333663,0.0019738465334320256,131,120,191
RF_SRPT_proxy,656,150.91251524390248,397.0,10115.0,0.3412353775333663,0.0019738465334320256,126,120,191
Backfill_FIFO,656,150.91251524390248,397.0,10115.0,0.3412353775333663,0.0019738465334320256,165,120,191
Wind_proxy,656,150.91099085365855,397.0,10115.0,0.3412353775333663,0.0014803849000740192,166,120,191
PredSched_LLM,656,150.9048780487805,397.0,10115.0,0.3412353775333663,0.003947693066864051,123,120,191
FIFO,656,202.9109756097561,928.75,9047.0,0.4210814957076011,0.005963675792897805,0,120,192
QSSF_proxy,656,181.94146341463414,911.25,9047.0,0.4210814957076011,0.005963675792897805,22,120,192
RF_SRPT_proxy,656,181.94146341463414,911.25,9047.0,0.4210814957076011,0.005963675792897805,21,120,192
Backfill_FIFO,656,181.0314024390244,911.25,9047.0,0.4210814957076011,0.005963675792897805,54,120,192
Wind_proxy,656,188.77291158536585,911.25,9047.0,0.42108149570760095,0.005963675792897805,65,120,192
PredSched_LLM,656,183.22196646341465,911.25,9047.0,0.421081495707601,0.005421523448088913,35,120,192
FIFO,656,109.21608231707319,254.0,9047.0,0.1282918198021443,0.002888655462184874,0,120,193
QSSF_proxy,656,109.20998475609758,254.0,9047.0,0.1282918198021443,0.018119747899159665,1,120,193
RF_SRPT_proxy,656,109.20998475609758,254.0,9047.0,0.1282918198021443,0.018119747899159665,1,120,193
Backfill_FIFO,656,109.20998475609758,254.0,9047.0,0.1282918198021443,0.002888655462184874,3,120,193
Wind_proxy,656,109.20998475609758,254.0,9047.0,0.1282918198021443,0.0026260504201680674,3,120,193
PredSched_LLM,656,109.21760670731709,254.25,9047.0,0.1282918198021443,0.012867647058823529,0,120,193
FIFO,656,111.10471036585366,535.25,9047.0,0.2750499083489923,0.007380073800738007,0,120,194
QSSF_proxy,656,110.95227134146342,535.25,9047.0,0.2750499083489923,0.007380073800738007,2,120,194
RF_SRPT_proxy,656,110.95227134146342,535.25,9047.0,0.2750499083489923,0.007380073800738007,2,120,194
Backfill_FIFO,656,110.95227134146342,535.25,9047.0,0.2750499083489923,0.007380073800738007,4,120,194
Wind_proxy,656,110.95227134146342,535.25,9047.0,0.2750499083489923,0.007380073800738007,4,120,194
PredSched_LLM,656,110.77239329268293,535.25,9047.0,0.27504990834899234,0.0052275522755227555,0,120,194
FIFO,656,136.41573170731706,382.75,9047.0,0.31254081002910744,0.016434038721296715,0,120,195
QSSF_proxy,656,124.51762195121951,425.01,9047.0,0.31254081002910744,0.01575866726699685,28,120,195
RF_SRPT_proxy,656,124.51762195121951,425.01,9047.0,0.31254081002910744,0.01575866726699685,28,120,195
Backfill_FIFO,656,124.29201219512197,425.01,9047.0,0.3125408100291074,0.04277352543899145,89,120,195
Wind_proxy,656,124.45969512195121,425.01,9047.0,0.31254081002910733,0.027915353444394417,93,120,195
PredSched_LLM,656,127.15024390243902,425.01,9047.0,0.31254081002910733,0.014407924358397118,32,120,195
FIFO,656,133.2097256097561,398.25,9047.0,0.33977826788806603,0.007717750826901874,0,120,196
QSSF_proxy,656,130.8347256097561,398.25,9047.0,0.33977826788806603,0.03858875413450937,4,120,196
RF_SRPT_proxy,656,130.8347256097561,398.25,9047.0,0.33977826788806603,0.03858875413450937,4,120,196
Backfill_FIFO,656,130.4703963414634,398.25,9047.0,0.33977826788806603,0.007993384785005513,31,120,196
Wind_proxy,656,130.4703963414634,398.25,9047.0,0.33977826788806603,0.007993384785005513,31,120,196
PredSched_LLM,656,131.40486280487806,398.25,9047.0,0.33977826788806603,0.022050716648291068,7,120,196
FIFO,656,137.44310975609756,406.0,10115.0,0.18671715789256882,0.0054525627044711015,0,120,197
QSSF_proxy,656,132.0315243902439,406.0,10115.0,0.1867171578925688,0.0054525627044711015,20,120,197
RF_SRPT_proxy,656,132.0315243902439,406.0,10115.0,0.1867171578925688,0.0054525627044711015,17,120,197
Backfill_FIFO,656,132.18701219512195,406.0,10115.0,0.1867171578925688,0.0054525627044711015,60,120,197
Wind_proxy,656,132.18701219512195,406.0,10115.0,0.1867171578925688,0.0057251908396946565,60,120,197
PredSched_LLM,656,132.02388719512192,406.0,10115.0,0.1867171578925688,0.0057251908396946565,17,120,197
FIFO,656,142.62269817073172,391.5,9047.0,0.32496311968055713,0.006858348720654181,0,120,198
QSSF_proxy,656,136.97025914634148,391.5,9047.0,0.32496311968055713,0.008704827222368768,5,120,198
RF_SRPT_proxy,656,136.97025914634148,391.5,9047.0,0.32496311968055713,0.008704827222368768,5,120,198
Backfill_FIFO,656,136.69282012195123,391.5,9047.0,0.32496311968055713,0.008968609865470852,30,120,198
Wind_proxy,656,136.69282012195123,391.5,9047.0,0.32496311968055713,0.007913479293062516,30,120,198
PredSched_LLM,656,136.97025914634148,391.5,9047.0,0.32496311968055713,0.007913479293062516,5,120,198
FIFO,656,134.23903963414634,541.75,9047.0,0.1577239117018533,0.0036735764891104696,0,120,199
QSSF_proxy,656,133.87900914634145,541.75,9047.0,0.15772391170185326,0.003935974809761217,6,120,199
RF_SRPT_proxy,656,133.87900914634145,541.75,9047.0,0.15772391170185326,0.003935974809761217,6,120,199
Backfill_FIFO,656,133.9339024390244,541.75,9047.0,0.1577239117018533,0.0036735764891104696,19,120,199
Wind_proxy,656,133.9354268292683,541.75,9047.0,0.1577239117018533,0.0036735764891104696,19,120,199
PredSched_LLM,656,133.97498475609757,541.75,9047.0,0.15772391170185326,0.010233534505379166,4,120,199
FIFO,656,151.15452743902438,666.505,9047.0,0.37248857931726903,0.03051948051948052,0,120,200
QSSF_proxy,656,149.2371493902439,662.5,9047.0,0.37248857931726903,0.030952380952380953,23,120,200
RF_SRPT_proxy,656,149.2371493902439,662.5,9047.0,0.37248857931726903,0.030952380952380953,21,120,200
Backfill_FIFO,656,149.26611280487805,662.5,9047.0,0.37248857931726903,0.03051948051948052,61,120,200
Wind_proxy,656,149.4216006097561,662.5,9047.0,0.37248857931726903,0.025324675324675326,61,120,200
PredSched_LLM,656,149.20661585365855,662.5,9047.0,0.37248857931726903,0.023376623376623377,22,120,200
FIFO,656,139.9462195121951,854.0,10115.0,0.21641844929148132,0.004344284550638067,0,120,201
QSSF_proxy,656,138.1348932926829,852.0,10115.0,0.21641844929148132,0.004344284550638067,10,120,201
RF_SRPT_proxy,656,138.13489329268293,852.0,10115.0,0.21641844929148132,0.004344284550638067,10,120,201
Backfill_FIFO,656,138.1379268292683,852.0,10115.0,0.21641844929148132,0.004344284550638067,16,120,201
Wind_proxy,656,138.46262195121952,852.0,10115.0,0.21641844929148132,0.005973391257127342,30,120,201
PredSched_LLM,656,138.27056402439024,852.0,10115.0,0.21641844929148132,0.004615802335052946,15,120,201
FIFO,656,590.7865396341464,2213.25,10637.0,0.366039575890759,0.02115869017632242,0,120,202
QSSF_proxy,656,194.32089939024388,1303.0,10115.0,0.38492960640138413,0.01662468513853904,151,120,202
RF_SRPT_proxy,656,194.32089939024388,1303.0,10115.0,0.38492960640138413,0.01662468513853904,149,120,202
Backfill_FIFO,656,194.37118902439025,1303.0,10115.0,0.38492960640138413,0.016876574307304788,195,120,202
Wind_proxy,656,194.7080792682927,1303.0,10115.0,0.38492960640138413,0.01057934508816121,207,120,202
PredSched_LLM,656,194.37120426829264,1303.0,10115.0,0.38492960640138413,0.014861460957178841,150,120,202
FIFO,656,153.38678353658537,700.0,9047.0,0.283359747476143,0.003231419338801889,0,120,203
QSSF_proxy,656,148.25868902439026,713.25,9047.0,0.28335974747614306,0.002734277902063137,7,120,203
RF_SRPT_proxy,656,148.25868902439026,713.25,9047.0,0.28335974747614306,0.002734277902063137,7,120,203
Backfill_FIFO,656,148.55596036585368,700.0,9047.0,0.28335974747614306,0.002734277902063137,26,120,203
Wind_proxy,656,149.47053353658535,700.0,9047.0,0.2833597474761431,0.002734277902063137,33,120,203
PredSched_LLM,656,156.6748475609756,701.25,9047.0,0.2833597474761431,0.015411384538901318,33,120,203
FIFO,656,107.63480182926828,399.25,9047.0,0.1373316212096091,0.005733944954128441,0,120,204
QSSF_proxy,656,107.16376524390243,399.25,9047.0,0.1373316212096091,0.019954128440366974,2,120,204
RF_SRPT_proxy,656,107.16376524390243,399.25,9047.0,0.1373316212096091,0.019954128440366974,2,120,204
Backfill_FIFO,656,107.16376524390243,399.25,9047.0,0.1373316212096091,0.006880733944954129,16,120,204
Wind_proxy,656,107.16376524390243,399.25,9047.0,0.1373316212096091,0.006192660550458716,16,120,204
PredSched_LLM,656,107.12565548780486,399.25,9047.0,0.1373316212096091,0.009403669724770643,0,120,204
FIFO,656,139.75685975609755,650.0,10115.0,0.17713620654144008,0.002184466019417476,0,120,205
QSSF_proxy,656,139.6151067073171,650.0,10115.0,0.17713620654144008,0.0024271844660194173,9,120,205
RF_SRPT_proxy,656,139.6151067073171,650.0,10115.0,0.17713620654144008,0.0024271844660194173,8,120,205
Backfill_FIFO,656,139.62728658536585,650.0,10115.0,0.17713620654144008,0.002184466019417476,14,120,205
Wind_proxy,656,139.62881097560975,650.0,10115.0,0.17713620654144008,0.002912621359223301,17,120,205
PredSched_LLM,656,139.58920731707317,650.0,10115.0,0.1771362065414401,0.005097087378640777,10,120,205
FIFO,656,135.62916158536584,515.0,9047.0,0.39862109792380535,0.0016965584100824044,0,120,206
QSSF_proxy,656,134.22518292682926,515.0,9047.0,0.39862109792380535,0.001454192922927775,12,120,206
RF_SRPT_proxy,656,134.22518292682926,515.0,9047.0,0.39862109792380535,0.001454192922927775,12,120,206
Backfill_FIFO,656,134.22518292682926,515.0,9047.0,0.39862109792380535,0.001454192922927775,36,120,206
Wind_proxy,656,134.245,515.0,9047.0,0.39862109792380535,0.0016965584100824044,38,120,206
PredSched_LLM,656,134.245,515.0,9047.0,0.39862109792380535,0.001454192922927775,12,120,206
FIFO,656,1396.8460670731706,4901.0025000000005,10504.0,0.41815688765390946,0.004909284951974386,0,120,207
QSSF_proxy,656,170.8030335365854,663.25,7278.0,0.603506450661812,0.0017075773745997866,146,120,207
RF_SRPT_proxy,656,170.8030335365854,663.25,7278.0,0.603506450661812,0.0017075773745997866,144,120,207
Backfill_FIFO,656,170.7710518292683,663.25,7278.0,0.6035064506618119,0.00192102454642476,199,120,207
Wind_proxy,656,170.75580792682928,663.25,7278.0,0.6035064506618119,0.0014941302027748132,199,120,207
PredSched_LLM,656,170.71766768292684,663.25,7278.0,0.603506450661812,0.004909284951974386,142,120,207
FIFO,656,183.2484298780488,650.0,9047.0,0.40068197791164667,0.02464550979068197,0,120,208
QSSF_proxy,656,147.14420731707315,662.75,9047.0,0.40068197791164667,0.006414584740040513,55,120,208
RF_SRPT_proxy,656,147.14420731707315,662.75,9047.0,0.40068197791164667,0.006414584740040513,53,120,208
Backfill_FIFO,656,145.4857317073171,650.0,9047.0,0.40068197791164667,0.025658338960162053,84,120,208
Wind_proxy,656,145.4857317073171,650.0,9047.0,0.40068197791164667,0.021269412559081703,84,120,208
PredSched_LLM,656,147.14420731707315,662.75,9047.0,0.40068197791164667,0.005739365293720459,53,120,208
FIFO,656,142.2859756097561,596.0,10115.0,0.23856641538968532,0.008376660889659156,0,120,209
QSSF_proxy,656,140.85152439024392,596.0,10115.0,0.23856641538968532,0.00924321201617562,7,120,209
RF_SRPT_proxy,656,140.85152439024392,596.0,10115.0,0.23856641538968532,0.00924321201617562,7,120,209
Backfill_FIFO,656,140.85152439024392,596.0,10115.0,0.23856641538968532,0.009532062391681109,25,120,209
Wind_proxy,656,140.85914634146343,596.0,10115.0,0.23856641538968532,0.008954361640670132,25,120,209
PredSched_LLM,656,141.0253048780488,596.0,10115.0,0.23856641538968532,0.006643558636626227,7,120,209
FIFO,656,141.25716463414636,596.0,9047.0,0.29575221873733476,0.0037343291544411844,0,120,210
QSSF_proxy,656,122.82728658536587,646.0,9047.0,0.2957522187373348,0.020272072552680716,23,120,210
RF_SRPT_proxy,656,122.82728658536587,646.0,9047.0,0.2957522187373348,0.020272072552680716,23,120,210
Backfill_FIFO,656,122.3440548780488,588.25,9047.0,0.29575221873733476,0.004534542544678581,64,120,210
Wind_proxy,656,122.32881097560977,588.25,9047.0,0.2957522187373347,0.004534542544678581,64,120,210
PredSched_LLM,656,122.86387195121954,646.0,9047.0,0.2957522187373348,0.006668444918644972,22,120,210
FIFO,656,169.88676829268292,778.25,9047.0,0.23072106545447846,0.005949161709031909,0,120,211
QSSF_proxy,656,166.6154268292683,778.25,9047.0,0.2307210654544785,0.007030827474310438,8,120,211
RF_SRPT_proxy,656,166.6154268292683,778.25,9047.0,0.2307210654544785,0.007030827474310438,8,120,211
Backfill_FIFO,656,167.01786585365855,778.25,9047.0,0.23072106545447846,0.007030827474310438,23,120,211
Wind_proxy,656,167.03006097560976,778.25,9047.0,0.23072106545447846,0.006489994591671174,26,120,211
PredSched_LLM,656,166.6169512195122,778.25,9047.0,0.2307210654544785,0.006219578150351541,8,120,211
FIFO,656,154.849756097561,753.0,10115.0,0.1425718724254407,0.0032287822878228783,0,120,212
QSSF_proxy,656,154.84670731707317,753.0,10115.0,0.1425718724254407,0.0029981549815498157,3,120,212
RF_SRPT_proxy,656,154.84670731707317,753.0,10115.0,0.1425718724254407,0.0029981549815498157,3,120,212
Backfill_FIFO,656,154.81317073170734,753.0,10115.0,0.1425718724254407,0.0032287822878228783,4,120,212
Wind_proxy,656,154.87109756097564,753.0,10115.0,0.1425718724254407,0.0029981549815498157,7,120,212
PredSched_LLM,656,155.0189634146342,753.0,10115.0,0.14257187242544073,0.00253690036900369,3,120,212
FIFO,656,110.72216463414635,346.75,10115.0,0.14849863136431052,0.0036066362106275548,0,120,213
QSSF_proxy,656,110.70846036585368,346.75,10115.0,0.14849863136431052,0.017792738639095935,0,120,213
RF_SRPT_proxy,656,110.70846036585368,346.75,10115.0,0.14849863136431052,0.017792738639095935,0,120,213
Backfill_FIFO,656,110.72216463414635,346.75,10115.0,0.14849863136431052,0.0036066362106275548,0,120,213
Wind_proxy,656,110.72216463414635,346.75,10115.0,0.14849863136431052,0.0036066362106275548,0,120,213
PredSched_LLM,656,110.72214939024391,346.75,10115.0,0.14849863136431052,0.005530175522962251,0,120,213
FIFO,656,118.6032774390244,540.5,10115.0,0.19609717931290152,0.018287834614365228,0,120,214
QSSF_proxy,656,116.98896341463414,453.5,10115.0,0.19609717931290152,0.0026504108136761197,16,120,214
RF_SRPT_proxy,656,116.98896341463414,453.5,10115.0,0.19609717931290152,0.0026504108136761197,16,120,214
Backfill_FIFO,656,116.98896341463416,453.5,10115.0,0.19609717931290152,0.0029154518950437317,28,120,214
Wind_proxy,656,117.28012195121953,453.5,10115.0,0.1960971793129015,0.0023853697323085077,47,120,214
PredSched_LLM,656,117.02858231707317,453.5,10115.0,0.19609717931290152,0.014047177312483434,18,120,214
FIFO,656,110.4202286585366,355.0,10115.0,0.17215709033613436,0.0055880111760223524,0,120,215
QSSF_proxy,656,109.60009146341464,355.0,10115.0,0.17215709033613436,0.02082804165608331,6,120,215
RF_SRPT_proxy,656,109.60009146341464,355.0,10115.0,0.17215709033613436,0.02082804165608331,6,120,215
Backfill_FIFO,656,109.60009146341464,355.0,10115.0,0.17215709033613436,0.02082804165608331,14,120,215
Wind_proxy,656,109.60009146341464,355.0,10115.0,0.17215709033613436,0.019558039116078233,14,120,215
PredSched_LLM,656,109.66103658536585,355.0,10115.0,0.17215709033613436,0.008128016256032511,5,120,215
FIFO,656,153.63560975609755,645.5,10115.0,0.25512894010545395,0.0058370920668612365,0,120,216
QSSF_proxy,656,144.68850609756097,645.5,10115.0,0.255128940105454,0.006102414433536747,21,120,216
RF_SRPT_proxy,656,144.68850609756097,645.5,10115.0,0.255128940105454,0.006102414433536747,21,120,216
Backfill_FIFO,656,144.47966463414636,645.5,10115.0,0.25512894010545395,0.006102414433536747,49,120,216
Wind_proxy,656,144.47966463414636,645.5,10115.0,0.25512894010545395,0.006102414433536747,49,120,216
PredSched_LLM,656,144.68088414634147,645.5,10115.0,0.255128940105454,0.005306447333510215,21,120,216
FIFO,656,142.50224085365855,645.75,10115.0,0.29325920044488396,0.007763975155279503,0,120,217
QSSF_proxy,656,142.06777439024393,645.75,10115.0,0.2932592004448839,0.007505175983436853,11,120,217
RF_SRPT_proxy,656,142.06777439024393,645.75,10115.0,0.2932592004448839,0.007505175983436853,10,120,217
Backfill_FIFO,656,142.07996951219513,645.75,10115.0,0.2932592004448839,0.007505175983436853,24,120,217
Wind_proxy,656,142.07996951219513,645.75,10115.0,0.2932592004448839,0.008022774327122154,24,120,217
PredSched_LLM,656,142.47631097560978,645.75,10115.0,0.29325920044488385,0.007246376811594203,16,120,217
FIFO,656,148.7646798780488,523.0,10115.0,0.3637630241802604,0.004730368968779565,0,120,218
QSSF_proxy,656,121.79649390243902,485.25,10115.0,0.36376302418026046,0.00402081362346263,57,120,218
RF_SRPT_proxy,656,121.79649390243902,485.25,10115.0,0.36376302418026046,0.00402081362346263,54,120,218
Backfill_FIFO,656,121.80106707317076,485.25,10115.0,0.36376302418026046,0.00402081362346263,62,120,218
Wind_proxy,656,151.4963262195122,607.0,10115.0,0.3637630241802604,0.00402081362346263,55,120,218
PredSched_LLM,656,151.48103658536587,607.0,10115.0,0.3637630241802605,0.00402081362346263,39,120,218
FIFO,656,111.26163109756098,379.75,10115.0,0.1167259700939199,0.004833375731366065,0,120,219
QSSF_proxy,656,111.11528963414635,379.75,10115.0,0.1167259700939199,0.004833375731366065,8,120,219
RF_SRPT_proxy,656,111.11528963414635,379.75,10115.0,0.1167259700939199,0.004833375731366065,7,120,219
Backfill_FIFO,656,111.11528963414635,379.75,10115.0,0.1167259700939199,0.004833375731366065,17,120,219
Wind_proxy,656,111.11528963414635,379.75,10115.0,0.1167259700939199,0.004833375731366065,17,120,219
PredSched_LLM,656,111.11224085365855,379.75,10115.0,0.1167259700939199,0.004833375731366065,6,120,219
FIFO,656,218.94573170731712,778.515,10115.0,0.3317995283407481,0.023781212841854936,0,120,220
QSSF_proxy,656,174.86998475609758,852.0,10115.0,0.3317995283407481,0.025267538644470868,78,120,220
RF_SRPT_proxy,656,174.86998475609758,852.0,10115.0,0.3317995283407481,0.025267538644470868,73,120,220
Backfill_FIFO,656,173.9051067073171,777.75,10115.0,0.33179952834074805,0.025267538644470868,113,120,220
Wind_proxy,656,177.29382621951223,777.75,10115.0,0.33179952834074805,0.024673008323424495,107,120,220
PredSched_LLM,656,174.86844512195123,852.0,10115.0,0.3317995283407481,0.0401307966706302,67,120,220
FIFO,656,109.73868902439027,375.0,9047.0,0.2080631539921153,0.015876616012701295,0,120,221
QSSF_proxy,656,109.7189024390244,375.0,9047.0,0.2080631539921153,0.0027217056021773644,2,120,221
RF_SRPT_proxy,656,109.7189024390244,375.0,9047.0,0.2080631539921153,0.0027217056021773644,2,120,221
Backfill_FIFO,656,109.72496951219514,375.0,9047.0,0.2080631539921153,0.015876616012701295,3,120,221
Wind_proxy,656,109.72496951219514,375.0,9047.0,0.2080631539921153,0.014062145611249716,3,120,221
PredSched_LLM,656,109.67922256097562,375.0,9047.0,0.2080631539921153,0.007031072805624858,3,120,221
FIFO,656,155.74321646341463,663.25,9047.0,0.3649501641888654,0.00530565167243368,0,120,222
QSSF_proxy,656,155.4993292682927,663.25,9047.0,0.3649501641888654,0.005536332179930796,9,120,222
RF_SRPT_proxy,656,155.4993292682927,663.25,9047.0,0.3649501641888654,0.005536332179930796,9,120,222
Backfill_FIFO,656,155.54353658536587,663.25,9047.0,0.3649501641888654,0.00530565167243368,21,120,222
Wind_proxy,656,155.55115853658538,663.25,9047.0,0.3649501641888654,0.00530565167243368,20,120,222
PredSched_LLM,656,155.5450762195122,663.25,9047.0,0.3649501641888654,0.003229527104959631,9,120,222
FIFO,656,94.41074695121954,346.75,10115.0,0.12497314322787939,0.004502118644067797,0,120,223
QSSF_proxy,656,94.30556402439025,346.75,10115.0,0.12497314322787939,0.004502118644067797,1,120,223
RF_SRPT_proxy,656,94.30556402439025,346.75,10115.0,0.12497314322787939,0.004502118644067797,1,120,223
Backfill_FIFO,656,94.31012195121951,346.75,10115.0,0.12497314322787942,0.004502118644067797,12,120,223
Wind_proxy,656,94.36806402439026,346.75,10115.0,0.12497314322787942,0.004502118644067797,9,120,223
PredSched_LLM,656,94.36347560975611,346.75,10115.0,0.12497314322787939,0.009798728813559322,0,120,223
FIFO,656,161.71021341463415,393.0,10115.0,0.4075986251853683,0.004826254826254826,0,120,224
QSSF_proxy,656,158.85618902439026,393.0,10115.0,0.4075986251853682,0.004826254826254826,15,120,224
RF_SRPT_proxy,656,158.85618902439026,393.0,10115.0,0.4075986251853682,0.004826254826254826,13,120,224
Backfill_FIFO,656,158.69158536585368,393.0,10115.0,0.4075986251853682,0.004826254826254826,30,120,224
Wind_proxy,656,158.7144512195122,393.0,10115.0,0.4075986251853682,0.004584942084942085,30,120,224
PredSched_LLM,656,158.88513719512198,393.0,10115.0,0.4075986251853682,0.004826254826254826,13,120,224
FIFO,656,103.1792987804878,355.0,9047.0,0.2091708577428982,0.003271537622682661,0,120,225
QSSF_proxy,656,103.16862804878048,355.0,9047.0,0.2091708577428982,0.0029989094874591058,1,120,225
RF_SRPT_proxy,656,103.16862804878048,355.0,9047.0,0.2091708577428982,0.0029989094874591058,1,120,225
Backfill_FIFO,656,103.16862804878048,355.0,9047.0,0.2091708577428982,0.003271537622682661,4,120,225
Wind_proxy,656,103.21588414634145,355.0,9047.0,0.2091708577428982,0.003271537622682661,8,120,225
PredSched_LLM,656,103.23417682926828,355.0,9047.0,0.20917085774289818,0.0027262813522355507,1,120,225
FIFO,656,118.03439024390244,414.75,9047.0,0.21005899745772075,0.001671541997492687,0,120,226
QSSF_proxy,656,117.42006097560976,399.25,9047.0,0.21005899745772075,0.001671541997492687,7,120,226
RF_SRPT_proxy,656,117.42006097560976,399.25,9047.0,0.21005899745772075,0.001671541997492687,7,120,226
Backfill_FIFO,656,117.44902439024389,399.25,9047.0,0.21005899745772075,0.001671541997492687,26,120,226
Wind_proxy,656,117.68530487804878,399.25,9047.0,0.21005899745772075,0.0014625992478061011,45,120,226
PredSched_LLM,656,117.3758993902439,399.25,9047.0,0.21005899745772075,0.001671541997492687,6,120,226
FIFO,656,421.4233079268293,1838.255,10427.0,0.30900510493590355,0.018252933507170794,0,120,227
QSSF_proxy,656,147.84381097560976,662.5,10115.0,0.3185364536991267,0.0021729682746631897,149,120,227
RF_SRPT_proxy,656,147.84381097560976,662.5,10115.0,0.3185364536991267,0.0021729682746631897,145,120,227
Backfill_FIFO,656,148.00689024390243,662.5,10115.0,0.3185364536991267,0.01499348109517601,198,120,227
Wind_proxy,656,148.6075304878049,662.5,10115.0,0.3185364536991267,0.010430247718383311,202,120,227
PredSched_LLM,656,148.3346493902439,662.5,10115.0,0.3185364536991267,0.0047805302042590175,159,120,227
FIFO,656,152.5602286585366,865.0,10115.0,0.2543575877409788,0.0013904982618771727,0,120,228
QSSF_proxy,656,147.4992530487805,865.0,10115.0,0.2543575877409787,0.002085747392815759,6,120,228
RF_SRPT_proxy,656,147.4992530487805,865.0,10115.0,0.2543575877409787,0.002085747392815759,6,120,228
Backfill_FIFO,656,147.319375,865.0,10115.0,0.25435758774097866,0.0016222479721900347,29,120,228
Wind_proxy,656,147.6105335365854,865.0,10115.0,0.2543575877409788,0.0013904982618771727,27,120,228
PredSched_LLM,656,155.7614481707317,865.0,10115.0,0.2543575877409788,0.0025492468134414832,6,120,228
FIFO,656,194.1502896341464,771.75,10115.0,0.4439888047866205,0.01924037981009495,0,120,229
QSSF_proxy,656,175.25376524390245,753.0,10115.0,0.44398880478662034,0.02223888055972014,34,120,229
RF_SRPT_proxy,656,175.25376524390245,753.0,10115.0,0.44398880478662034,0.02223888055972014,30,120,229
Backfill_FIFO,656,172.24463414634147,753.0,10115.0,0.44398880478662034,0.007746126936531734,75,120,229
Wind_proxy,656,172.24463414634147,753.0,10115.0,0.44398880478662034,0.006496751624187906,75,120,229
PredSched_LLM,656,175.39094512195123,753.0,10115.0,0.44398880478662034,0.02048975512243878,30,120,229
FIFO,656,133.0269512195122,645.5,10115.0,0.20268644752018453,0.0020132297958009777,0,120,230
QSSF_proxy,656,132.96289634146342,645.5,10115.0,0.20268644752018453,0.0020132297958009777,2,120,230
RF_SRPT_proxy,656,132.96289634146342,645.5,10115.0,0.20268644752018453,0.0020132297958009777,2,120,230
Backfill_FIFO,656,132.96289634146342,645.5,10115.0,0.20268644752018453,0.0020132297958009777,7,120,230
Wind_proxy,656,132.96289634146342,645.5,10115.0,0.20268644752018453,0.0014380212827149843,7,120,230
PredSched_LLM,656,132.96289634146342,645.5,10115.0,0.20268644752018453,0.001725625539257981,2,120,230
FIFO,656,159.61353658536586,777.75,9047.0,0.3373865392763715,0.003388189738625363,0,120,231
QSSF_proxy,656,158.15012195121952,777.75,9047.0,0.3373865392763716,0.017666989351403678,19,120,231
RF_SRPT_proxy,656,158.15012195121952,777.75,9047.0,0.3373865392763716,0.017666989351403678,17,120,231
Backfill_FIFO,656,158.15012195121952,777.75,9047.0,0.3373865392763716,0.0031461761858664087,59,120,231
Wind_proxy,656,158.15012195121952,777.75,9047.0,0.3373865392763716,0.0031461761858664087,59,120,231
PredSched_LLM,656,159.91689024390246,777.75,9047.0,0.3373865392763716,0.009438528557599225,19,120,231
FIFO,656,263.699618902439,1004.0,10115.0,0.3586358275663206,0.0022550739163117012,0,120,232
QSSF_proxy,656,188.40975609756094,939.0100000000002,10115.0,0.3586358275663206,0.00601353044349787,81,120,232
RF_SRPT_proxy,656,188.40975609756097,939.0100000000002,10115.0,0.3586358275663206,0.00601353044349787,79,120,232
Backfill_FIFO,656,191.08185975609754,936.0100000000002,10115.0,0.3586358275663206,0.00601353044349787,97,120,232
Wind_proxy,656,191.08033536585364,936.0100000000002,10115.0,0.3586358275663206,0.005762966675018792,97,120,232
PredSched_LLM,656,188.40975609756097,939.0100000000002,10115.0,0.3586358275663206,0.00601353044349787,79,120,232
FIFO,656,147.01477134146342,651.0,9047.0,0.24871106444125135,0.006694367497691598,0,120,233
QSSF_proxy,656,146.59541158536587,651.0,9047.0,0.24871106444125135,0.006694367497691598,15,120,233
RF_SRPT_proxy,656,146.59541158536587,651.0,9047.0,0.24871106444125135,0.006694367497691598,15,120,233
Backfill_FIFO,656,146.58326219512196,651.0,9047.0,0.24871106444125135,0.006694367497691598,42,120,233
Wind_proxy,656,146.5939329268293,651.0,9047.0,0.24871106444125135,0.007156048014773777,42,120,233
PredSched_LLM,656,146.7646036585366,651.0,9047.0,0.24871106444125135,0.003693444136657433,17,120,233
FIFO,656,117.99640243902441,602.5,5657.0,0.28692489761946854,0.0047762694821518355,0,120,234
QSSF_proxy,656,111.65028963414633,602.5,5657.0,0.2869248976194686,0.004524886877828055,14,120,234
RF_SRPT_proxy,656,111.65028963414633,602.5,5657.0,0.2869248976194686,0.004524886877828055,14,120,234
Backfill_FIFO,656,111.90486280487805,602.5,5657.0,0.28692489761946866,0.004524886877828055,46,120,234
Wind_proxy,656,112.9460213414634,602.5,5657.0,0.2869248976194685,0.006787330316742082,47,120,234
PredSched_LLM,656,114.82711890243903,627.5,5657.0,0.2869248976194686,0.006033182503770739,21,120,234
FIFO,656,131.47076219512195,397.0,10115.0,0.2770387234305486,0.0017994858611825194,0,120,235
QSSF_proxy,656,131.2680182926829,397.0,10115.0,0.27703872343054864,0.017223650385604115,4,120,235
RF_SRPT_proxy,656,131.2680182926829,397.0,10115.0,0.27703872343054864,0.017223650385604115,4,120,235
Backfill_FIFO,656,131.2680030487805,397.0,10115.0,0.27703872343054864,0.002056555269922879,27,120,235
Wind_proxy,656,131.28934451219513,397.0,10115.0,0.27703872343054864,0.002313624678663239,29,120,235
PredSched_LLM,656,131.27411585365851,397.0,10115.0,0.27703872343054864,0.011568123393316195,3,120,235
FIFO,656,116.88943597560973,482.75,10115.0,0.1598746786950074,0.006788389513108614,0,120,236
QSSF_proxy,656,110.65620426829268,453.5,10115.0,0.15987467869500743,0.006554307116104869,11,120,236
RF_SRPT_proxy,656,110.65620426829268,453.5,10115.0,0.15987467869500743,0.006554307116104869,11,120,236
Backfill_FIFO,656,111.17297256097561,482.75,10115.0,0.15987467869500743,0.006554307116104869,57,120,236
Wind_proxy,656,111.17297256097561,482.75,10115.0,0.15987467869500743,0.006554307116104869,57,120,236
PredSched_LLM,656,112.48698170731709,459.5,10115.0,0.15987467869500738,0.009597378277153557,16,120,236
FIFO,656,126.74925304878047,650.0,10115.0,0.2648535528917449,0.006513809275664409,0,120,237
QSSF_proxy,656,126.39711890243902,650.0,10115.0,0.2648535528917449,0.006513809275664409,0,120,237
RF_SRPT_proxy,656,126.39711890243902,650.0,10115.0,0.2648535528917449,0.006513809275664409,0,120,237
Backfill_FIFO,656,126.39711890243902,650.0,10115.0,0.2648535528917449,0.006513809275664409,9,120,237
Wind_proxy,656,126.4016768292683,650.0,10115.0,0.2648535528917449,0.005992704533611256,9,120,237
PredSched_LLM,656,126.68368902439025,650.0,10115.0,0.26485355289174484,0.004168837936425221,1,120,237
FIFO,656,110.53727134146341,627.5,5657.0,0.181877981188498,0.021426770859591632,0,120,238
QSSF_proxy,656,108.78881097560976,627.5,5657.0,0.181877981188498,0.0065540710864633225,12,120,238
RF_SRPT_proxy,656,108.78881097560976,627.5,5657.0,0.181877981188498,0.0065540710864633225,12,120,238
Backfill_FIFO,656,108.90160060975609,627.5,5657.0,0.18187798118849804,0.0216788505167633,35,120,238
Wind_proxy,656,108.90160060975609,627.5,5657.0,0.18187798118849804,0.019662213259389966,35,120,238
PredSched_LLM,656,109.00528963414634,627.5,5657.0,0.181877981188498,0.024955886059994957,15,120,238
FIFO,656,117.2385518292683,379.5,10115.0,0.20527275086505192,0.002166260492824262,0,120,239
QSSF_proxy,656,117.09373475609758,379.5,10115.0,0.20527275086505192,0.002166260492824262,4,120,239
RF_SRPT_proxy,656,117.09373475609758,379.5,10115.0,0.20527275086505192,0.002166260492824262,4,120,239
Backfill_FIFO,656,117.09373475609758,379.5,10115.0,0.20527275086505192,0.002166260492824262,13,120,239
Wind_proxy,656,117.13336890243903,379.5,10115.0,0.20527275086505192,0.001083130246412131,14,120,239
PredSched_LLM,656,117.07391768292683,379.5,10115.0,0.20527275086505192,0.001083130246412131,4,120,239
FIFO,656,124.45338414634148,650.0,6257.0,0.26247352298758725,0.016835850458034166,0,120,240
QSSF_proxy,656,124.45338414634148,650.0,6257.0,0.26247352298758725,0.016835850458034166,0,120,240
RF_SRPT_proxy,656,124.45338414634148,650.0,6257.0,0.26247352298758725,0.016835850458034166,0,120,240
Backfill_FIFO,656,124.45338414634148,650.0,6257.0,0.26247352298758725,0.016835850458034166,0,120,240
Wind_proxy,656,124.45338414634148,650.0,6257.0,0.26247352298758725,0.015102748205001237,0,120,240
PredSched_LLM,656,124.461006097561,650.0,6257.0,0.26247352298758725,0.010893785590492696,0,120,240
FIFO,656,241.43384146341464,877.2575000000002,10115.0,0.3397630797907399,0.0041448516579406635,0,120,241
QSSF_proxy,656,188.66708841463412,823.0,10115.0,0.33976307979073994,0.0041448516579406635,31,120,241
RF_SRPT_proxy,656,188.66708841463412,823.0,10115.0,0.33976307979073994,0.0041448516579406635,31,120,241
Backfill_FIFO,656,183.95974085365856,823.0,10115.0,0.3397630797907399,0.004363001745200698,90,120,241
Wind_proxy,656,193.1777743902439,823.0,10115.0,0.3397630797907399,0.0034904013961605585,90,120,241
PredSched_LLM,656,221.54721036585366,852.0,10115.0,0.3397630797907399,0.0030541012216404886,74,120,241
FIFO,656,129.62138719512197,629.0,10115.0,0.1699876977261492,0.017493356953055803,0,120,242
QSSF_proxy,656,129.56955792682928,629.0,10115.0,0.1699876977261492,0.00420726306465899,2,120,242
RF_SRPT_proxy,656,129.56955792682928,629.0,10115.0,0.1699876977261492,0.00420726306465899,2,120,242
Backfill_FIFO,656,129.56955792682928,629.0,10115.0,0.1699876977261492,0.017493356953055803,9,120,242
Wind_proxy,656,129.56955792682928,629.0,10115.0,0.1699876977261492,0.015057573073516387,9,120,242
PredSched_LLM,656,129.55126524390244,629.0,10115.0,0.1699876977261492,0.003985828166519044,0,120,242
FIFO,656,133.44335365853658,446.75,10115.0,0.2056878048278135,0.01802229072800569,0,120,243
QSSF_proxy,656,133.26347560975609,446.75,10115.0,0.2056878048278135,0.030827602561062366,6,120,243
RF_SRPT_proxy,656,133.26347560975609,446.75,10115.0,0.2056878048278135,0.030827602561062366,6,120,243
Backfill_FIFO,656,133.26347560975609,446.75,10115.0,0.2056878048278135,0.01802229072800569,27,120,243
Wind_proxy,656,133.2710975609756,446.75,10115.0,0.2056878048278135,0.01849656153663742,27,120,243
PredSched_LLM,656,133.36713414634147,446.75,10115.0,0.2056878048278135,0.013990988854635997,1,120,243
FIFO,656,1170.2289786585368,4625.0,8236.0,0.5494177569005992,0.015483002356109055,0,120,244
QSSF_proxy,656,156.43208841463414,645.5,7278.0,0.6217373792021619,0.003702457085156513,156,120,244
RF_SRPT_proxy,656,156.43208841463414,645.5,7278.0,0.6217373792021619,0.003702457085156513,150,120,244
Backfill_FIFO,656,156.42599085365853,645.5,7278.0,0.6217373792021619,0.0043756311006395154,197,120,244
Wind_proxy,656,156.44275914634147,645.5,7278.0,0.6217373792021619,0.0043756311006395154,197,120,244
PredSched_LLM,656,156.45038109756098,645.5,7278.0,0.6217373792021619,0.00841467519353753,147,120,244
FIFO,656,845.9773628048782,2741.25,11354.0,0.3536287009717574,0.022727272727272728,0,120,245
QSSF_proxy,656,175.2846036585366,865.0,9047.0,0.4438046060388342,0.003110047846889952,156,120,245
RF_SRPT_proxy,656,175.2846036585366,865.0,9047.0,0.4438046060388342,0.003110047846889952,152,120,245
Backfill_FIFO,656,175.29984756097562,865.0,9047.0,0.44380460603883426,0.0035885167464114833,221,120,245
Wind_proxy,656,175.56658536585368,865.0,9047.0,0.44380460603883426,0.0035885167464114833,245,120,245
PredSched_LLM,656,175.30591463414635,865.0,9047.0,0.44380460603883426,0.003110047846889952,152,120,245
FIFO,656,172.6548932926829,764.75,10115.0,0.2848955212967541,0.023025435073627844,0,120,246
QSSF_proxy,656,138.97960365853658,644.0,10115.0,0.284895521296754,0.009370816599732263,19,120,246
RF_SRPT_proxy,656,138.97960365853658,644.0,10115.0,0.284895521296754,0.009370816599732263,19,120,246
Backfill_FIFO,656,139.67166158536585,644.0,10115.0,0.28489552129675394,0.02436412315930388,82,120,246
Wind_proxy,656,143.83942073170732,645.5,10115.0,0.28489552129675405,0.017670682730923693,103,120,246
PredSched_LLM,656,155.99481707317074,787.75,10115.0,0.284895521296754,0.00749665327978581,71,120,246
FIFO,656,165.45411585365855,651.0,10115.0,0.26345901198714783,0.003474232773595831,0,120,247
QSSF_proxy,656,165.45408536585367,651.0,10115.0,0.26345901198714783,0.0037637521713954833,0,120,247
RF_SRPT_proxy,656,165.45408536585367,651.0,10115.0,0.26345901198714783,0.0037637521713954833,0,120,247
Backfill_FIFO,656,165.45408536585367,651.0,10115.0,0.26345901198714783,0.003474232773595831,1,120,247
Wind_proxy,656,165.45408536585367,651.0,10115.0,0.26345901198714783,0.004342790966994789,1,120,247
PredSched_LLM,656,165.45408536585367,651.0,10115.0,0.26345901198714783,0.0011580775911986102,0,120,247
FIFO,656,124.7873018292683,644.0,9047.0,0.265601990530931,0.002147766323024055,0,120,248
QSSF_proxy,656,122.4778506097561,644.0,9047.0,0.265601990530931,0.0015034364261168386,15,120,248
RF_SRPT_proxy,656,122.4778506097561,644.0,9047.0,0.265601990530931,0.0015034364261168386,15,120,248
Backfill_FIFO,656,122.59217987804878,644.0,9047.0,0.265601990530931,0.0019329896907216496,38,120,248
Wind_proxy,656,122.69126524390244,644.0,9047.0,0.265601990530931,0.0019329896907216496,38,120,248
PredSched_LLM,656,122.50528963414634,644.0,9047.0,0.265601990530931,0.0006443298969072165,14,120,248
FIFO,656,97.55094512195122,644.0,5583.0,0.19347178003164375,0.006415001233654083,0,120,249
QSSF_proxy,656,97.54789634146341,644.0,5583.0,0.19347178003164375,0.006415001233654083,0,120,249
RF_SRPT_proxy,656,97.54789634146341,644.0,5583.0,0.19347178003164375,0.006415001233654083,0,120,249
Backfill_FIFO,656,97.54789634146341,644.0,5583.0,0.19347178003164375,0.006415001233654083,1,120,249
Wind_proxy,656,97.54789634146341,644.0,5583.0,0.19347178003164375,0.004934616333580064,1,120,249
PredSched_LLM,656,97.54788109756097,644.0,5583.0,0.19347178003164375,0.006415001233654083,0,120,249
FIFO,656,123.00416158536586,608.0,5583.0,0.2859849823123769,0.002140309155766944,0,120,250
QSSF_proxy,656,123.02544207317074,608.0,5583.0,0.2859849823123769,0.0019024970273483948,12,120,250
RF_SRPT_proxy,656,123.02544207317074,608.0,5583.0,0.2859849823123769,0.0019024970273483948,12,120,250
Backfill_FIFO,656,123.01934451219512,608.0,5583.0,0.2859849823123769,0.016171224732461357,29,120,250
Wind_proxy,656,123.04073170731708,608.0,5583.0,0.2859849823123769,0.009274673008323424,30,120,250
PredSched_LLM,656,123.03611280487806,608.0,5583.0,0.2859849823123769,0.0038049940546967895,12,120,250
FIFO,656,113.50705792682928,627.5,10115.0,0.13910774324435657,0.007214335582964859,0,120,251
QSSF_proxy,656,113.23724085365855,627.5,10115.0,0.13910774324435657,0.007214335582964859,13,120,251
RF_SRPT_proxy,656,113.23724085365855,627.5,10115.0,0.13910774324435657,0.007214335582964859,8,120,251
Backfill_FIFO,656,113.22352134146342,627.5,10115.0,0.13910774324435657,0.007214335582964859,21,120,251
Wind_proxy,656,113.2158993902439,627.5,10115.0,0.13910774324435657,0.007214335582964859,21,120,251
PredSched_LLM,656,113.20830792682928,627.5,10115.0,0.13910774324435657,0.01047242262043286,6,120,251
FIFO,656,144.0510213414634,663.25,9047.0,0.32916092581334505,0.005138986218173324,0,120,252
QSSF_proxy,656,138.39705792682926,663.25,9047.0,0.3291609258133451,0.005372576500817566,6,120,252
RF_SRPT_proxy,656,138.39705792682926,663.25,9047.0,0.3291609258133451,0.005372576500817566,6,120,252
Backfill_FIFO,656,138.3528506097561,663.25,9047.0,0.3291609258133451,0.005372576500817566,44,120,252
Wind_proxy,656,138.2796798780488,663.25,9047.0,0.32916092581334505,0.00467180565288484,52,120,252
PredSched_LLM,656,137.9077286585366,663.25,9047.0,0.32916092581334505,0.003971034804952114,8,120,252
FIFO,656,99.76611280487805,252.5,5657.0,0.2503772980378292,0.003098188751191611,0,120,253
QSSF_proxy,656,99.43989329268294,252.5,5657.0,0.25037729803782915,0.003098188751191611,2,120,253
RF_SRPT_proxy,656,99.43989329268294,252.5,5657.0,0.25037729803782915,0.003098188751191611,2,120,253
Backfill_FIFO,656,99.43989329268292,252.5,5657.0,0.25037729803782915,0.003098188751191611,14,120,253
Wind_proxy,656,99.47647865853658,252.5,5657.0,0.25037729803782915,0.003098188751191611,16,120,253
PredSched_LLM,656,99.46274390243904,252.5,5657.0,0.25037729803782915,0.004289799809342231,2,120,253
FIFO,656,195.90469512195125,651.0,10115.0,0.3728401620942494,0.0070213340534701595,0,120,254
QSSF_proxy,656,174.27207317073172,654.0,10115.0,0.3728401620942493,0.006751282743721307,15,120,254
RF_SRPT_proxy,656,174.27207317073172,654.0,10115.0,0.3728401620942493,0.006751282743721307,15,120,254
Backfill_FIFO,656,176.1440243902439,651.0,10115.0,0.3728401620942493,0.0070213340534701595,57,120,254
Wind_proxy,656,176.1440243902439,651.0,10115.0,0.3728401620942493,0.006481231433972455,57,120,254
PredSched_LLM,656,174.27207317073172,654.0,10115.0,0.3728401620942493,0.0070213340534701595,15,120,254
FIFO,656,119.34225609756098,361.5,10115.0,0.20548527455099685,0.0061284305888622435,0,120,255
QSSF_proxy,656,119.30567073170732,361.5,10115.0,0.20548527455099685,0.03677058353317346,3,120,255
RF_SRPT_proxy,656,119.30567073170732,361.5,10115.0,0.20548527455099685,0.03677058353317346,3,120,255
Backfill_FIFO,656,119.30567073170732,361.5,10115.0,0.20548527455099685,0.0061284305888622435,6,120,255
Wind_proxy,656,119.30567073170732,361.5,10115.0,0.20548527455099685,0.005861977084998668,6,120,255
PredSched_LLM,656,119.38493902439025,361.5,10115.0,0.20548527455099685,0.015454303224087397,2,120,255
FIFO,656,118.88788109756099,379.0,6257.0,0.2565251035506899,0.005753424657534247,0,120,256
QSSF_proxy,656,109.60586890243901,389.5,6257.0,0.2565251035506899,0.020821917808219178,15,120,256
RF_SRPT_proxy,656,109.60586890243901,389.5,6257.0,0.2565251035506899,0.020821917808219178,15,120,256
Backfill_FIFO,656,110.25678353658536,379.0,6257.0,0.2565251035506898,0.0052054794520547945,55,120,256
Wind_proxy,656,110.25678353658536,379.0,6257.0,0.2565251035506898,0.004931506849315068,55,120,256
PredSched_LLM,656,109.60585365853659,389.5,6257.0,0.2565251035506899,0.006575342465753425,15,120,256
FIFO,656,112.2204268292683,535.25,10115.0,0.1460993573900148,0.0021164021164021165,0,120,257
QSSF_proxy,656,112.09085365853659,535.25,10115.0,0.1460993573900148,0.0021164021164021165,2,120,257
RF_SRPT_proxy,656,112.09085365853659,535.25,10115.0,0.1460993573900148,0.0021164021164021165,2,120,257
Backfill_FIFO,656,112.09085365853659,535.25,10115.0,0.1460993573900148,0.0021164021164021165,11,120,257
Wind_proxy,656,112.09085365853659,535.25,10115.0,0.1460993573900148,0.002328042328042328,11,120,257
PredSched_LLM,656,112.05577743902441,535.25,10115.0,0.14609935739001484,0.0033862433862433864,2,120,257
FIFO,656,149.44301829268295,406.0,9047.0,0.30664215808186873,0.003905233012236397,0,120,258
QSSF_proxy,656,145.85153963414638,406.0,9047.0,0.30664215808186873,0.004686279614683676,8,120,258
RF_SRPT_proxy,656,145.85153963414638,406.0,9047.0,0.30664215808186873,0.004686279614683676,8,120,258
Backfill_FIFO,656,146.26922256097563,406.0,9047.0,0.3066421580818687,0.0044259307472012495,22,120,258
Wind_proxy,656,146.26922256097563,406.0,9047.0,0.3066421580818687,0.0044259307472012495,22,120,258
PredSched_LLM,656,145.83019817073173,406.0,9047.0,0.30664215808186873,0.004165581879718824,8,120,258
FIFO,656,132.4125762195122,408.0,10115.0,0.24107887934585598,0.004669451953797002,0,120,259
QSSF_proxy,656,128.49032012195124,406.0,10115.0,0.24107887934585598,0.004915212582944212,3,120,259
RF_SRPT_proxy,656,128.49032012195124,406.0,10115.0,0.24107887934585598,0.004915212582944212,3,120,259
Backfill_FIFO,656,128.5375762195122,408.0,10115.0,0.2410788793458561,0.004915212582944212,38,120,259
Wind_proxy,656,128.5284298780488,408.0,10115.0,0.2410788793458561,0.004915212582944212,38,120,259
PredSched_LLM,656,128.4720274390244,406.0,10115.0,0.24107887934585598,0.004423691324649791,3,120,259
FIFO,656,250.31589939024389,877.0100000000002,10115.0,0.33006168334981056,0.0021940516821062897,0,120,260
QSSF_proxy,656,185.87525914634145,852.5,10115.0,0.33006168334981056,0.002681618722574354,65,120,260
RF_SRPT_proxy,656,185.87525914634148,852.5,10115.0,0.33006168334981056,0.002681618722574354,64,120,260
Backfill_FIFO,656,186.30538109756097,830.25,10115.0,0.3300616833498105,0.0029254022428083864,78,120,260
Wind_proxy,656,249.74993902439027,978.0,10115.0,0.3300616833498106,0.00048756704046806434,65,120,260
PredSched_LLM,656,215.96835365853656,926.0,10115.0,0.3300616833498107,0.0036567528035104826,71,120,260
FIFO,656,127.92638719512199,663.25,10115.0,0.14522668479156375,0.0033444816053511705,0,120,261
QSSF_proxy,656,127.8074847560976,663.25,10115.0,0.14522668479156375,0.018008747105737074,0,120,261
RF_SRPT_proxy,656,127.8074847560976,663.25,10115.0,0.14522668479156375,0.018008747105737074,0,120,261
Backfill_FIFO,656,127.79376524390247,663.25,10115.0,0.14522668479156375,0.0033444816053511705,10,120,261
Wind_proxy,656,127.79378048780488,663.25,10115.0,0.14522668479156375,0.0033444816053511705,12,120,261
PredSched_LLM,656,128.80748475609758,663.25,10115.0,0.14522668479156375,0.014921533316182145,7,120,261
FIFO,656,145.1260518292683,602.5,10115.0,0.3186017198055692,0.0036678019386953103,0,120,262
QSSF_proxy,656,144.97359756097563,602.5,10115.0,0.3186017198055692,0.0036678019386953103,14,120,262
RF_SRPT_proxy,656,144.97359756097563,602.5,10115.0,0.3186017198055692,0.0036678019386953103,13,120,262
Backfill_FIFO,656,144.97359756097563,602.5,10115.0,0.3186017198055692,0.0036678019386953103,23,120,262
Wind_proxy,656,144.9644512195122,602.5,10115.0,0.3186017198055692,0.0036678019386953103,23,120,262
PredSched_LLM,656,146.318125,602.5,10115.0,0.3186017198055693,0.0036678019386953103,25,120,262
FIFO,656,139.05739329268295,645.5,10115.0,0.2174548896029,0.0027616680475006906,0,120,263
QSSF_proxy,656,132.83637195121955,645.5,10115.0,0.2174548896029,0.0019331676332504833,13,120,263
RF_SRPT_proxy,656,132.83637195121955,645.5,10115.0,0.2174548896029,0.0019331676332504833,13,120,263
Backfill_FIFO,656,132.6458079268293,645.5,10115.0,0.21745488960290005,0.0027616680475006906,35,120,263
Wind_proxy,656,132.6458079268293,645.5,10115.0,0.21745488960290005,0.0027616680475006906,35,120,263
PredSched_LLM,656,132.8165548780488,645.5,10115.0,0.2174548896029,0.0016570008285004142,12,120,263
FIFO,656,375.78692073170737,1264.0100000000002,10115.0,0.38179388284725635,0.017865765330758086,0,120,264
QSSF_proxy,656,217.9600609756098,999.75,10115.0,0.38179388284725646,0.0045871559633027525,116,120,264
RF_SRPT_proxy,656,217.9600609756098,999.75,10115.0,0.38179388284725646,0.0045871559633027525,110,120,264
Backfill_FIFO,656,217.4357012195122,1011.0,10115.0,0.38179388284725646,0.017382906808305166,174,120,264
Wind_proxy,656,217.4357012195122,1011.0,10115.0,0.38179388284725646,0.014485755673587638,174,120,264
PredSched_LLM,656,218.0515091463415,999.75,10115.0,0.38179388284725646,0.006277160791887977,113,120,264
FIFO,656,123.73701219512195,317.75,10115.0,0.23531559770967206,0.0026066350710900474,0,120,265
QSSF_proxy,656,123.54036585365853,315.25,10115.0,0.23531559770967206,0.0026066350710900474,6,120,265
RF_SRPT_proxy,656,123.54036585365853,315.25,10115.0,0.23531559770967206,0.0026066350710900474,6,120,265
Backfill_FIFO,656,123.54036585365853,315.25,10115.0,0.23531559770967206,0.0026066350710900474,18,120,265
Wind_proxy,656,123.5296951219512,315.25,10115.0,0.23531559770967206,0.0026066350710900474,18,120,265
PredSched_LLM,656,123.50530487804878,315.25,10115.0,0.23531559770967206,0.0026066350710900474,5,120,265
FIFO,656,104.29373475609756,355.0,10115.0,0.19751355556928646,0.030032266070985355,0,120,266
QSSF_proxy,656,103.26629573170732,355.0,10115.0,0.1975135555692865,0.029784065524944156,10,120,266
RF_SRPT_proxy,656,103.26629573170732,355.0,10115.0,0.1975135555692865,0.029784065524944156,10,120,266
Backfill_FIFO,656,103.35166158536586,355.0,10115.0,0.1975135555692865,0.016133035492678083,28,120,266
Wind_proxy,656,103.36842987804879,355.0,10115.0,0.1975135555692865,0.011913626209977662,28,120,266
PredSched_LLM,656,103.54068597560976,355.0,10115.0,0.1975135555692865,0.012410027302060065,12,120,266
FIFO,656,107.95525914634146,380.5,10115.0,0.0967444492502884,0.0049952426260704095,0,120,267
QSSF_proxy,656,107.65495426829267,380.5,10115.0,0.0967444492502884,0.0049952426260704095,5,120,267
RF_SRPT_proxy,656,107.65495426829267,380.5,10115.0,0.0967444492502884,0.0049952426260704095,5,120,267
Backfill_FIFO,656,107.6686737804878,380.5,10115.0,0.0967444492502884,0.0049952426260704095,22,120,267
Wind_proxy,656,107.6686737804878,380.5,10115.0,0.0967444492502884,0.0049952426260704095,22,120,267
PredSched_LLM,656,107.64884146341463,380.5,10115.0,0.0967444492502884,0.007373929590865842,4,120,267
FIFO,656,170.3087042682927,650.0,10115.0,0.3285617708848245,0.004324843825084094,0,120,268
QSSF_proxy,656,155.2385823170732,650.0,10115.0,0.32856177088482463,0.0038443056222969728,20,120,268
RF_SRPT_proxy,656,155.2385823170732,650.0,10115.0,0.32856177088482463,0.0038443056222969728,20,120,268
Backfill_FIFO,656,156.1928506097561,650.0,10115.0,0.3285617708848247,0.0036040365209034117,51,120,268
Wind_proxy,656,156.1928506097561,650.0,10115.0,0.3285617708848247,0.0036040365209034117,51,120,268
PredSched_LLM,656,159.6989481707317,675.75,10115.0,0.3285617708848246,0.005285920230658337,38,120,268
FIFO,656,172.61806402439026,907.0,9047.0,0.347872899856306,0.014748649771499792,0,120,269
QSSF_proxy,656,170.1562042682927,898.0,9047.0,0.34787289985630593,0.002285002077274616,30,120,269
RF_SRPT_proxy,656,170.1562042682927,898.0,9047.0,0.34787289985630593,0.002285002077274616,27,120,269
Backfill_FIFO,656,170.17143292682925,898.0,9047.0,0.34787289985630593,0.014748649771499792,78,120,269
Wind_proxy,656,170.2507317073171,898.0,9047.0,0.34787289985630593,0.008932280847528043,79,120,269
PredSched_LLM,656,170.13185975609755,900.0,9047.0,0.34787289985630593,0.007270461154964687,25,120,269
FIFO,656,121.88967987804878,406.0,6257.0,0.4330870275291673,0.0168718650250798,0,120,270
QSSF_proxy,656,118.35309451219513,406.0,6257.0,0.4330870275291673,0.004331965344277246,16,120,270
RF_SRPT_proxy,656,118.35309451219513,406.0,6257.0,0.4330870275291673,0.004331965344277246,16,120,270
Backfill_FIFO,656,117.95217987804878,406.0,6257.0,0.4330870275291673,0.01801185590515276,57,120,270
Wind_proxy,656,117.95217987804878,406.0,6257.0,0.4330870275291673,0.015047879616963064,57,120,270
PredSched_LLM,656,118.31803353658538,406.0,6257.0,0.4330870275291673,0.007067943456452348,16,120,270
FIFO,656,111.01490853658537,260.75,9047.0,0.34478203640249067,0.0015182186234817814,0,120,271
QSSF_proxy,656,110.99051829268292,260.75,9047.0,0.34478203640249067,0.001771255060728745,1,120,271
RF_SRPT_proxy,656,110.99051829268292,260.75,9047.0,0.34478203640249067,0.001771255060728745,1,120,271
Backfill_FIFO,656,110.99051829268292,260.75,9047.0,0.34478203640249067,0.0015182186234817814,3,120,271
Wind_proxy,656,110.99814024390244,260.75,9047.0,0.34478203640249067,0.0015182186234817814,1,120,271
PredSched_LLM,656,110.9707012195122,260.75,9047.0,0.34478203640249067,0.001771255060728745,0,120,271
FIFO,656,149.88650914634147,367.0,10115.0,0.3942692443153732,0.018772196854388634,0,120,272
QSSF_proxy,656,146.75388719512196,355.0,10115.0,0.39426924431537314,0.01902587519025875,8,120,272
RF_SRPT_proxy,656,146.75388719512196,355.0,10115.0,0.39426924431537314,0.01902587519025875,8,120,272
Backfill_FIFO,656,146.75388719512196,355.0,10115.0,0.39426924431537314,0.019279553526128868,25,120,272
Wind_proxy,656,146.57553353658537,367.0,10115.0,0.3942692443153732,0.017250126839167934,38,120,272
PredSched_LLM,656,149.9124237804878,369.0,10115.0,0.39426924431537314,0.012430238457635717,17,120,272
FIFO,656,225.2649847560976,867.75,10115.0,0.2972481730927665,0.004890678941311853,0,120,273
QSSF_proxy,656,166.8532774390244,758.75,10115.0,0.2972481730927665,0.006329113924050633,26,120,273
RF_SRPT_proxy,656,166.8532774390244,758.75,10115.0,0.2972481730927665,0.006329113924050633,26,120,273
Backfill_FIFO,656,166.82435975609755,758.75,10115.0,0.2972481730927665,0.006616800920598389,69,120,273
Wind_proxy,656,166.82435975609755,758.75,10115.0,0.2972481730927665,0.006616800920598389,69,120,273
PredSched_LLM,656,166.84713414634146,758.75,10115.0,0.2972481730927665,0.010644418872266973,24,120,273
FIFO,656,120.83454268292684,446.75,10115.0,0.23920009062448508,0.004651162790697674,0,120,274
QSSF_proxy,656,120.71106707317074,446.75,10115.0,0.23920009062448513,0.0049095607235142115,10,120,274
RF_SRPT_proxy,656,120.71106707317074,446.75,10115.0,0.23920009062448513,0.0049095607235142115,10,120,274
Backfill_FIFO,656,120.59826219512196,446.75,10115.0,0.23920009062448508,0.004651162790697674,26,120,274
Wind_proxy,656,120.59826219512196,446.75,10115.0,0.23920009062448508,0.0049095607235142115,26,120,274
PredSched_LLM,656,120.77661585365854,446.75,10115.0,0.23920009062448513,0.004392764857881137,14,120,274
FIFO,656,124.65807926829268,399.25,10115.0,0.2498455789668808,0.00316147859922179,0,120,275
QSSF_proxy,656,124.62300304878049,399.25,10115.0,0.2498455789668808,0.00316147859922179,0,120,275
RF_SRPT_proxy,656,124.62300304878049,399.25,10115.0,0.2498455789668808,0.00316147859922179,0,120,275
Backfill_FIFO,656,124.62300304878049,399.25,10115.0,0.2498455789668808,0.00316147859922179,7,120,275
Wind_proxy,656,124.62300304878049,399.25,10115.0,0.2498455789668808,0.0029182879377431907,7,120,275
PredSched_LLM,656,124.61538109756098,399.25,10115.0,0.2498455789668808,0.0026750972762645915,0,120,275
FIFO,656,142.79637195121953,515.0,10115.0,0.19528185759597955,0.007173601147776184,0,120,276
QSSF_proxy,656,142.7369207317073,515.0,10115.0,0.19528185759597955,0.019368723098995694,2,120,276
RF_SRPT_proxy,656,142.7369207317073,515.0,10115.0,0.19528185759597955,0.019368723098995694,2,120,276
Backfill_FIFO,656,142.73539634146343,515.0,10115.0,0.19528185759597955,0.007173601147776184,7,120,276
Wind_proxy,656,142.79789634146343,515.0,10115.0,0.19528185759597955,0.006934481109516977,6,120,276
PredSched_LLM,656,142.7826676829268,515.0,10115.0,0.19528185759597955,0.010043041606886656,2,120,276
FIFO,656,152.16528963414632,650.0,10115.0,0.2400507404432362,0.008869741510390269,0,120,277
QSSF_proxy,656,152.11346036585365,650.0,10115.0,0.2400507404432362,0.008869741510390269,8,120,277
RF_SRPT_proxy,656,152.11346036585365,650.0,10115.0,0.2400507404432362,0.008869741510390269,8,120,277
Backfill_FIFO,656,152.12260670731706,650.0,10115.0,0.2400507404432362,0.008869741510390269,13,120,277
Wind_proxy,656,152.4564481707317,650.0,10115.0,0.2400507404432362,0.008362899138367968,41,120,277
PredSched_LLM,656,152.12565548780486,650.0,10115.0,0.2400507404432362,0.0063355296502787635,8,120,277
FIFO,656,1379.887743902439,4881.7575,12916.0,0.2909332626845256,0.003202928391672386,0,120,278
QSSF_proxy,656,150.1396951219512,367.0,10115.0,0.37149718446202,0.0011439029970258523,121,120,278
RF_SRPT_proxy,656,150.1396951219512,367.0,10115.0,0.37149718446202,0.0011439029970258523,120,120,278
Backfill_FIFO,656,150.1396951219512,367.0,10115.0,0.37149718446202,0.0011439029970258523,186,120,278
Wind_proxy,656,150.1412195121951,367.0,10115.0,0.37149718446202,0.0009151223976206818,186,120,278
PredSched_LLM,656,150.1396951219512,367.0,10115.0,0.37149718446202,0.0011439029970258523,120,120,278
FIFO,656,142.11528963414634,393.0,10115.0,0.38048073611797667,0.005624560581204594,0,120,279
QSSF_proxy,656,138.7570731707317,393.0,10115.0,0.3804807361179767,0.005155847199437544,3,120,279
RF_SRPT_proxy,656,138.7570731707317,393.0,10115.0,0.3804807361179767,0.005155847199437544,3,120,279
Backfill_FIFO,656,138.76315548780488,393.0,10115.0,0.38048073611797667,0.005155847199437544,42,120,279
Wind_proxy,656,138.76315548780488,393.0,10115.0,0.38048073611797667,0.004921490508554019,42,120,279
PredSched_LLM,656,144.66259146341463,604.75,10115.0,0.38048073611797667,0.00445277712678697,5,120,279
FIFO,656,623.5243597560976,2443.0,10843.0,0.44117012800116806,0.004062563477554337,0,120,280
QSSF_proxy,656,216.6885975609756,1151.0,10115.0,0.4729221648953698,0.0034531789559211863,165,120,280
RF_SRPT_proxy,656,216.6885975609756,1151.0,10115.0,0.4729221648953698,0.0034531789559211863,162,120,280
Backfill_FIFO,656,216.659618902439,1151.0,10115.0,0.4729221648953698,0.0034531789559211863,245,120,280
Wind_proxy,656,216.7236432926829,1151.0,10115.0,0.4729221648953698,0.004062563477554337,250,120,280
PredSched_LLM,656,216.80737804878046,1151.0,10115.0,0.4729221648953698,0.0034531789559211863,172,120,280
FIFO,656,96.78295731707317,351.0,9047.0,0.19590503643012425,0.00774818401937046,0,120,281
QSSF_proxy,656,94.75399390243903,351.0,9047.0,0.19590503643012425,0.00774818401937046,13,120,281
RF_SRPT_proxy,656,94.75399390243903,351.0,9047.0,0.19590503643012425,0.00774818401937046,12,120,281
Backfill_FIFO,656,94.82259146341464,351.0,9047.0,0.1959050364301242,0.00774818401937046,50,120,281
Wind_proxy,656,94.82259146341464,351.0,9047.0,0.1959050364301242,0.00774818401937046,50,120,281
PredSched_LLM,656,98.20064024390244,378.0,9047.0,0.19590503643012414,0.005326876513317191,15,120,281
FIFO,656,165.19625000000002,627.5,10115.0,0.3308008681413741,0.020161290322580645,0,120,282
QSSF_proxy,656,156.7279573170732,627.5,10115.0,0.3308008681413742,0.004788306451612903,62,120,282
RF_SRPT_proxy,656,156.7279573170732,627.5,10115.0,0.3308008681413742,0.004788306451612903,57,120,282
Backfill_FIFO,656,155.37132621951218,627.5,10115.0,0.3308008681413742,0.019153225806451613,121,120,282
Wind_proxy,656,155.45211890243903,627.5,10115.0,0.3308008681413742,0.017641129032258066,120,120,282
PredSched_LLM,656,155.87134146341464,627.5,10115.0,0.3308008681413742,0.0045362903225806455,51,120,282
FIFO,656,136.58791158536587,406.0,9047.0,0.20742297400611626,0.0011531365313653136,0,120,283
QSSF_proxy,656,135.74946646341465,406.0,9047.0,0.20742297400611626,0.0009225092250922509,15,120,283
RF_SRPT_proxy,656,135.74946646341465,406.0,9047.0,0.20742297400611626,0.0009225092250922509,13,120,283
Backfill_FIFO,656,135.74946646341465,406.0,9047.0,0.20742297400611626,0.0011531365313653136,32,120,283
Wind_proxy,656,135.74946646341465,406.0,9047.0,0.20742297400611626,0.0013837638376383763,32,120,283
PredSched_LLM,656,135.70224085365857,406.0,9047.0,0.20742297400611626,0.0009225092250922509,12,120,283
FIFO,656,140.30434451219514,596.0,10115.0,0.28022917181578527,0.0018971732119142477,0,120,284
QSSF_proxy,656,135.8317835365854,596.0,10115.0,0.2802291718157852,0.0022766078542970974,31,120,284
RF_SRPT_proxy,656,135.8317835365854,596.0,10115.0,0.2802291718157852,0.0022766078542970974,27,120,284
Backfill_FIFO,656,135.63666158536589,596.0,10115.0,0.2802291718157853,0.0022766078542970974,70,120,284
Wind_proxy,656,135.80129573170734,596.0,10115.0,0.2802291718157853,0.0022766078542970974,80,120,284
PredSched_LLM,656,136.37443597560977,596.0,10115.0,0.28022917181578527,0.0018971732119142477,26,120,284
FIFO,656,407.38358231707326,1662.2625000000003,6257.0,0.4114118320814023,0.005426181324892607,0,120,285
QSSF_proxy,656,161.51032012195125,898.0,6257.0,0.4114118320814023,0.0024869997739091114,100,120,285
RF_SRPT_proxy,656,161.51032012195125,898.0,6257.0,0.4114118320814023,0.0024869997739091114,99,120,285
Backfill_FIFO,656,161.51032012195122,898.0,6257.0,0.4114118320814023,0.0022609088853719197,134,120,285
Wind_proxy,656,165.0560518292683,898.0,6257.0,0.41141183208140214,0.0013565453312231518,152,120,285
PredSched_LLM,656,166.13379573170735,898.0,6257.0,0.41141183208140214,0.0022609088853719197,116,120,285
FIFO,656,129.87785060975608,318.5075,10115.0,0.2686867482287032,0.0070852675299291476,0,120,286
QSSF_proxy,656,127.57434451219513,303.25,10115.0,0.2686867482287032,0.021255802589787442,10,120,286
RF_SRPT_proxy,656,127.57434451219513,303.25,10115.0,0.2686867482287032,0.021255802589787442,10,120,286
Backfill_FIFO,656,127.57434451219513,303.25,10115.0,0.2686867482287032,0.021500122159784998,33,120,286
Wind_proxy,656,127.63379573170732,303.25,10115.0,0.2686867482287032,0.022477400439775225,35,120,286
PredSched_LLM,656,127.57434451219513,303.25,10115.0,0.2686867482287032,0.019056926459809432,10,120,286
FIFO,656,119.65199695121952,515.0,10115.0,0.15116459157192277,0.020524811639386853,0,120,287
QSSF_proxy,656,119.47653963414636,515.0,10115.0,0.15116459157192277,0.020784619381657574,2,120,287
RF_SRPT_proxy,656,119.47653963414636,515.0,10115.0,0.15116459157192277,0.020784619381657574,2,120,287
Backfill_FIFO,656,119.50256097560977,515.0,10115.0,0.15116459157192277,0.005715770329955833,10,120,287
Wind_proxy,656,119.54981707317074,515.0,10115.0,0.15116459157192277,0.005196154845414394,9,120,287
PredSched_LLM,656,119.575625,515.0,10115.0,0.15116459157192283,0.028578851649779163,4,120,287
FIFO,656,137.07114329268293,627.5,9047.0,0.22180374594709112,0.004662004662004662,0,120,288
QSSF_proxy,656,136.3760213414634,627.5,9047.0,0.22180374594709107,0.004662004662004662,18,120,288
RF_SRPT_proxy,656,136.3760213414634,627.5,9047.0,0.22180374594709107,0.004662004662004662,18,120,288
Backfill_FIFO,656,136.3760213414634,627.5,9047.0,0.22180374594709107,0.005128205128205128,41,120,288
Wind_proxy,656,136.3760213414634,627.5,9047.0,0.22180374594709107,0.005128205128205128,41,120,288
PredSched_LLM,656,136.3897256097561,627.5,9047.0,0.22180374594709107,0.0032634032634032634,17,120,288
FIFO,656,1157.4605792682926,4288.0025000000005,9345.01,0.38676102384231453,0.005901794145420208,0,120,289
QSSF_proxy,656,165.04821646341463,701.25,6267.0,0.576717031341418,0.002360717658168083,158,120,289
RF_SRPT_proxy,656,165.04821646341463,701.25,6267.0,0.576717031341418,0.002360717658168083,155,120,289
Backfill_FIFO,656,165.06193597560977,701.25,6267.0,0.576717031341418,0.002360717658168083,204,120,289
Wind_proxy,656,165.06193597560977,701.25,6267.0,0.576717031341418,0.002360717658168083,204,120,289
PredSched_LLM,656,164.9872713414634,701.25,6267.0,0.576717031341418,0.005901794145420208,152,120,289
FIFO,656,127.97824695121953,629.0,9047.0,0.2885853816642719,0.019115890083632018,0,120,290
QSSF_proxy,656,124.32428353658538,629.0,9047.0,0.2885853816642719,0.0064516129032258064,3,120,290
RF_SRPT_proxy,656,124.32428353658538,629.0,9047.0,0.2885853816642719,0.0064516129032258064,3,120,290
Backfill_FIFO,656,124.32428353658538,629.0,9047.0,0.2885853816642719,0.02054958183990442,25,120,290
Wind_proxy,656,124.35019817073173,629.0,9047.0,0.28858538166427183,0.016487455197132617,25,120,290
PredSched_LLM,656,124.37153963414636,629.0,9047.0,0.2885853816642719,0.0033452807646356035,2,120,290
FIFO,656,168.0327286585366,778.25,10115.0,0.2675566814961279,0.015548645046645935,0,120,291
QSSF_proxy,656,164.2248018292683,778.25,10115.0,0.2675566814961279,0.0026654820079964462,12,120,291
RF_SRPT_proxy,656,164.2248018292683,778.25,10115.0,0.2675566814961279,0.0026654820079964462,11,120,291
Backfill_FIFO,656,165.00528963414635,778.25,10115.0,0.2675566814961279,0.015992892047978675,33,120,291
Wind_proxy,656,165.00528963414635,778.25,10115.0,0.2675566814961279,0.01288316303864949,33,120,291
PredSched_LLM,656,164.1790701219512,778.25,10115.0,0.2675566814961279,0.0028876055086628164,10,120,291
FIFO,656,194.29647865853659,1053.25,10115.0,0.24833032830779378,0.0050328227571115975,0,120,292
QSSF_proxy,656,189.3467225609756,951.0,10115.0,0.24833032830779378,0.00525164113785558,11,120,292
RF_SRPT_proxy,656,189.3467225609756,951.0,10115.0,0.24833032830779378,0.00525164113785558,11,120,292
Backfill_FIFO,656,189.39092987804878,951.0,10115.0,0.24833032830779378,0.0050328227571115975,65,120,292
Wind_proxy,656,189.41684451219513,951.0,10115.0,0.24833032830779386,0.0050328227571115975,67,120,292
PredSched_LLM,656,191.35891768292683,951.0,10115.0,0.24833032830779378,0.010940919037199124,19,120,292
FIFO,656,994.1995579268295,3577.0,7375.0,0.5240325014124297,0.002399650959860384,0,120,293
QSSF_proxy,656,156.7827743902439,662.5,6267.0,0.6166809794026913,0.014834205933682374,145,120,293
RF_SRPT_proxy,656,156.7827743902439,662.5,6267.0,0.6166809794026913,0.014834205933682374,145,120,293
Backfill_FIFO,656,156.7980030487805,662.5,6267.0,0.6166809794026913,0.0015270506108202443,209,120,293
Wind_proxy,656,157.08153963414634,662.5,6267.0,0.6166809794026913,0.0013089005235602095,215,120,293
PredSched_LLM,656,156.83763719512194,662.5,6267.0,0.6166809794026913,0.00981675392670157,146,120,293
FIFO,656,159.32754573170732,651.0,10115.0,0.2641452514829462,0.012174564525191984,0,120,294
QSSF_proxy,656,156.33696646341463,651.0,10115.0,0.26414525148294615,0.002060310919647874,21,120,294
RF_SRPT_proxy,656,156.33696646341463,651.0,10115.0,0.26414525148294615,0.002060310919647874,21,120,294
Backfill_FIFO,656,156.55626524390243,651.0,10115.0,0.26414525148294615,0.02341262408690766,51,120,294
Wind_proxy,656,187.21638719512202,651.0,10115.0,0.2641452514829461,0.01891740026222139,127,120,294
PredSched_LLM,656,171.2559451219512,877.0100000000002,10115.0,0.26414525148294615,0.005057126802772055,36,120,294
FIFO,656,179.04356707317072,650.0,10115.0,0.38878644855000805,0.003845167905665214,0,120,295
QSSF_proxy,656,173.2066768292683,650.0,10115.0,0.38878644855000805,0.01845680594719303,18,120,295
RF_SRPT_proxy,656,173.2066768292683,650.0,10115.0,0.38878644855000805,0.01845680594719303,18,120,295
Backfill_FIFO,656,173.61521341463416,650.0,10115.0,0.38878644855000805,0.0030761343245321714,49,120,295
Wind_proxy,656,174.3423475609756,650.0,10115.0,0.38878644855000805,0.0030761343245321714,69,120,295
PredSched_LLM,656,178.99021341463416,698.0,10115.0,0.3887864485500082,0.021020251217636503,32,120,295
FIFO,656,961.5623628048781,3215.0,7050.0,0.5686553280141845,0.017228827954380004,0,120,296
QSSF_proxy,656,162.39262195121952,852.0,6257.0,0.6407255973309892,0.002911914583838874,148,120,296
RF_SRPT_proxy,656,162.3926219512195,852.0,6257.0,0.6407255973309892,0.002911914583838874,145,120,296
Backfill_FIFO,656,162.369756097561,852.0,6257.0,0.6407255973309892,0.016743508857073527,232,120,296
Wind_proxy,656,162.95054878048785,852.0,6257.0,0.6407255973309892,0.013346275175928173,236,120,296
PredSched_LLM,656,162.8910975609756,852.0,6257.0,0.6407255973309892,0.007279786459597185,154,120,296
FIFO,656,140.13676829268292,400.0,10115.0,0.24178931145987814,0.013619919131730156,0,120,297
QSSF_proxy,656,133.7373780487805,400.75,10115.0,0.24178931145987814,0.0023409236007661204,9,120,297
RF_SRPT_proxy,656,133.7373780487805,400.75,10115.0,0.24178931145987814,0.0023409236007661204,9,120,297
Backfill_FIFO,656,133.87455792682928,400.0,10115.0,0.24178931145987811,0.014471164077463291,31,120,297
Wind_proxy,656,133.87760670731709,400.0,10115.0,0.24178931145987811,0.014896786550329857,31,120,297
PredSched_LLM,656,135.14132621951222,408.75,10115.0,0.24178931145987811,0.008086826984464779,9,120,297
FIFO,656,147.55603658536586,397.0,10115.0,0.30397708745262814,0.0026034886748242643,0,120,298
QSSF_proxy,656,147.3761585365854,397.0,10115.0,0.30397708745262814,0.0026034886748242643,3,120,298
RF_SRPT_proxy,656,147.3761585365854,397.0,10115.0,0.30397708745262814,0.0026034886748242643,3,120,298
Backfill_FIFO,656,147.3761585365854,397.0,10115.0,0.30397708745262814,0.0026034886748242643,35,120,298
Wind_proxy,656,147.4584756097561,397.0,10115.0,0.30397708745262814,0.0026034886748242643,40,120,298
PredSched_LLM,656,147.40969512195124,397.0,10115.0,0.30397708745262814,0.002082790939859412,5,120,298
FIFO,656,192.52544207317072,854.0,10115.0,0.30924503830944144,0.0013654984069185253,0,120,299
QSSF_proxy,656,192.3730030487805,854.0,10115.0,0.30924503830944144,0.001137915339098771,12,120,299
RF_SRPT_proxy,656,192.3730030487805,854.0,10115.0,0.30924503830944144,0.001137915339098771,12,120,299
Backfill_FIFO,656,192.3867073170732,854.0,10115.0,0.30924503830944144,0.0013654984069185253,17,120,299
Wind_proxy,656,192.3867073170732,854.0,10115.0,0.30924503830944144,0.0013654984069185253,17,120,299
PredSched_LLM,656,192.33185975609757,854.0,10115.0,0.30924503830944144,0.0015930814747382794,11,120,299
FIFO,656,2776.2523170731706,7888.299999999999,16553.05,0.2363274949235186,0.0021956574774335204,0,64,0
QSSF_proxy,656,715.6454420731708,9140.550000000001,11181.02,0.349873342489661,0.002927543303244694,341,64,0
RF_SRPT_proxy,656,715.6454420731708,9140.550000000001,11181.02,0.349873342489661,0.002927543303244694,328,64,0
Backfill_FIFO,656,704.8596036585366,9177.77,11200.02,0.34927980841496264,0.002927543303244694,569,64,0
Wind_proxy,656,704.8596036585366,9177.77,11200.02,0.34927980841496264,0.002683581361307636,569,64,0
PredSched_LLM,656,715.6454420731708,9140.550000000001,11181.02,0.349873342489661,0.002683581361307636,328,64,0
FIFO,656,4221.185792682927,11248.01,19286.010000000002,0.29718071666651114,0.002837245292752128,0,64,1
QSSF_proxy,656,660.1947408536586,8068.0075,10085.03,0.5683106816179526,0.0018055197317513542,366,64,1
RF_SRPT_proxy,656,660.1947408536586,8068.0075,10085.03,0.5683106816179526,0.0018055197317513542,359,64,1
Backfill_FIFO,656,623.905,8087.282500000001,10115.04,0.5666245781961813,0.01728140314676296,626,64,1
Wind_proxy,656,624.3790853658536,8088.282500000001,10116.04,0.5665685657072829,0.016765540366262575,626,64,1
PredSched_LLM,656,664.1032774390244,8662.0075,10679.03,0.5366995198475424,0.005674490585504256,359,64,1
FIFO,656,3065.9738719512197,8918.75,16978.0,0.23366822482587765,0.002675747993189005,0,64,2
QSSF_proxy,656,631.6372408536586,8077.0075,9689.02,0.4094551483115681,0.0024324981756263684,342,64,2
RF_SRPT_proxy,656,631.6372408536586,8077.0075,9689.02,0.4094551483115681,0.0024324981756263684,334,64,2
Backfill_FIFO,656,628.8535365853659,8100.022500000001,9735.02,0.40752038733292273,0.0021892483580637314,575,64,2
Wind_proxy,656,628.8535365853659,8100.022500000001,9735.02,0.40752038733292273,0.007540744344441742,575,64,2
PredSched_LLM,656,631.6372408536586,8077.0075,9689.02,0.4094551483115681,0.006081245439065921,334,64,2
FIFO,656,3172.5733689024396,7282.040000000001,15220.04,0.27058451287742996,0.004485310607759588,0,64,3
QSSF_proxy,656,758.8475000000001,8118.780000000001,10073.0,0.40884613415814547,0.0015698587127158557,362,64,3
RF_SRPT_proxy,656,758.8475000000001,8118.780000000001,10073.0,0.40884613415814547,0.0015698587127158557,350,64,3
Backfill_FIFO,656,756.7665091463416,8092.0025000000005,10129.0,0.40658575470184616,0.0015698587127158557,601,64,3
Wind_proxy,656,756.7665091463416,8092.0025000000005,10129.0,0.40658575470184616,0.001794124243103835,601,64,3
PredSched_LLM,656,758.8475000000001,8118.780000000001,10073.0,0.40884613415814547,0.001794124243103835,350,64,3
FIFO,656,4542.71175304878,9625.050000000001,17430.050000000003,0.40036278044239687,0.0036443148688046646,0,64,4
QSSF_proxy,656,1107.215030487805,11535.272500000001,12690.01,0.5499084146702801,0.017735665694849367,349,64,4
RF_SRPT_proxy,656,1107.215030487805,11535.272500000001,12690.01,0.5499084146702801,0.017735665694849367,343,64,4
Backfill_FIFO,656,1063.206524390244,11593.535,12661.01,0.5511679780088636,0.016763848396501458,566,64,4
Wind_proxy,656,1063.206524390244,11593.535,12661.01,0.5511679780088636,0.016034985422740525,566,64,4
PredSched_LLM,656,1107.215030487805,11535.272500000001,12690.01,0.5499084146702801,0.015306122448979591,343,64,4
FIFO,656,1621.7146493902444,3790.51,12222.01,0.23684105560378374,0.015834348355663823,0,64,5
QSSF_proxy,656,260.3712652439024,1033.0325,10757.0,0.26909675095286795,0.014413317092976045,322,64,5
RF_SRPT_proxy,656,260.3712652439024,1033.0325,10757.0,0.26909675095286795,0.014413317092976045,314,64,5
Backfill_FIFO,656,258.1162804878049,1031.7575,10757.0,0.26909675095286784,0.014413317092976045,530,64,5
Wind_proxy,656,258.8374542682927,1031.7575,10757.0,0.269096750952868,0.014819326025172554,530,64,5
PredSched_LLM,656,261.14413109756094,1033.0325,10757.0,0.26909675095286795,0.014819326025172554,317,64,5
FIFO,656,4167.874801829268,9656.560000000001,17600.06,0.2960804381668301,0.004712746858168761,0,64,6
QSSF_proxy,656,726.7565396341463,8068.01,9682.03,0.5382170347088887,0.0020197486535008975,338,64,6
RF_SRPT_proxy,656,726.7565396341463,8068.01,9682.03,0.5382170347088887,0.0020197486535008975,328,64,6
Backfill_FIFO,656,723.8052134146342,8111.292500000001,9763.03,0.5337516607613111,0.0020197486535008975,538,64,6
Wind_proxy,656,723.808262195122,8111.292500000001,9763.03,0.5337516607613111,0.007854578096947935,538,64,6
PredSched_LLM,656,726.7565396341463,8068.01,9682.03,0.5382170347088887,0.005610412926391382,328,64,6
FIFO,656,4790.175625,10996.02,19509.03,0.4010737221350191,0.005299015897047691,0,64,7
QSSF_proxy,656,878.4139939024387,11447.0025,13076.01,0.5983904323523574,0.0017663386323492304,369,64,7
RF_SRPT_proxy,656,878.4139939024387,11447.0025,13076.01,0.5983904323523574,0.0017663386323492304,354,64,7
Backfill_FIFO,656,766.3256250000001,9994.265,12693.01,0.6164463178823424,0.0017663386323492304,639,64,7
Wind_proxy,656,766.3256250000001,9994.265,12693.01,0.6164463178823424,0.001514004542013626,639,64,7
PredSched_LLM,656,878.4139939024387,11447.0025,13076.01,0.5983904323523574,0.0017663386323492304,354,64,7
FIFO,656,2339.681051829269,7073.040000000001,11148.04,0.315417619795722,0.003813369223867205,0,64,8
QSSF_proxy,656,493.9698628048782,5278.0,6888.0,0.5104948086799505,0.0015702108568864963,362,64,8
RF_SRPT_proxy,656,493.9698628048782,5278.0,6888.0,0.5104948086799505,0.0015702108568864963,351,64,8
Backfill_FIFO,656,491.7669817073171,5290.01,6918.02,0.5082795716386336,0.0015702108568864963,604,64,8
Wind_proxy,656,491.7669817073171,5290.01,6918.02,0.5082795716386336,0.0015702108568864963,604,64,8
PredSched_LLM,656,493.9698628048782,5278.0,6888.0,0.5104948086799505,0.0015702108568864963,351,64,8
FIFO,656,4287.759847560977,11597.78,19951.03,0.36233561136160647,0.0036054596961112542,0,64,9
QSSF_proxy,656,911.7064939024391,9378.005000000001,11607.0,0.6228111184926124,0.0018027298480556271,392,64,9
RF_SRPT_proxy,656,911.7064939024391,9378.005000000001,11607.0,0.6228111184926124,0.0018027298480556271,388,64,9
Backfill_FIFO,656,910.8610213414636,9324.76,11610.01,0.6226496490824514,0.0020602626834921455,641,64,9
Wind_proxy,656,910.8610213414636,9324.76,11610.01,0.6226496490824514,0.0020602626834921455,641,64,9
PredSched_LLM,656,895.9472865853659,9159.005000000001,11388.0,0.6347882553867009,0.001545197012619109,388,64,9
FIFO,656,2706.3929268292686,6129.27,15091.02,0.3658109738544014,0.0026816840976133013,0,64,10
QSSF_proxy,656,624.1661585365854,7896.0175,10195.0,0.541487074316454,0.0029498525073746312,245,64,10
RF_SRPT_proxy,656,624.1661585365854,7896.0175,10195.0,0.541487074316454,0.0029498525073746312,234,64,10
Backfill_FIFO,656,623.6689176829269,7872.2575,10748.0,0.5136267884868114,0.0029498525073746312,327,64,10
Wind_proxy,656,623.667393292683,7872.2575,10748.0,0.5136267884868114,0.0029498525073746312,327,64,10
PredSched_LLM,656,624.1631097560976,7896.0175,10195.0,0.541487074316454,0.004022526146419952,234,64,10
FIFO,656,3055.524054878049,5465.780000000001,9236.03,0.2988786383665384,0.005363237445148708,0,64,11
QSSF_proxy,656,388.60245426829266,4170.015,5800.01,0.4759391915380317,0.0034129692832764505,348,64,11
RF_SRPT_proxy,656,388.60245426829266,4170.015,5800.01,0.4759391915380317,0.0034129692832764505,335,64,11
Backfill_FIFO,656,385.4905487804878,4198.305000000001,5853.02,0.4716286755064052,0.0034129692832764505,553,64,11
Wind_proxy,656,385.4905487804878,4198.305000000001,5853.02,0.4716286755064052,0.007069722086786933,553,64,11
PredSched_LLM,656,388.60245426829266,4170.015,5800.01,0.4759391915380317,0.004388103364212579,335,64,11
FIFO,656,3429.933567073171,9022.52,17685.03,0.3031589130839049,0.005698005698005698,0,64,12
QSSF_proxy,656,791.8687652439025,8116.01,10192.0,0.5260375267519869,0.004748338081671415,383,64,12
RF_SRPT_proxy,656,791.8687652439025,8116.01,10192.0,0.5260375267519869,0.004748338081671415,373,64,12
Backfill_FIFO,656,811.8474390243903,8629.522500000001,10697.0,0.5012035591900765,0.000949667616334283,648,64,12
Wind_proxy,656,810.4526219512196,8629.522500000001,10697.0,0.5012035591900765,0.002849002849002849,648,64,12
PredSched_LLM,656,791.9251676829268,8117.01,10192.0,0.5260375267519869,0.0030864197530864196,373,64,12
FIFO,656,1136.5504573170733,2572.0700000000006,11080.060000000001,0.25705900502513074,0.0029252925292529252,0,64,13
QSSF_proxy,656,316.3402286585366,983.75,10177.02,0.2798686844693977,0.0022502250225022503,371,64,13
RF_SRPT_proxy,656,316.3402286585366,983.75,10177.02,0.2798686844693977,0.0022502250225022503,360,64,13
Backfill_FIFO,656,316.4836890243903,983.75,10177.02,0.2798686844693977,0.0024752475247524753,641,64,13
Wind_proxy,656,316.4836890243903,983.75,10177.02,0.2798686844693977,0.0024752475247524753,641,64,13
PredSched_LLM,656,316.3402286585366,983.75,10177.02,0.2798686844693977,0.0024752475247524753,360,64,13
FIFO,656,5397.07443597561,12867.7775,20925.03,0.27394330311294646,0.005737704918032787,0,64,14
QSSF_proxy,656,697.1936890243901,7882.5025000000005,11365.0,0.504379396034976,0.003005464480874317,338,64,14
RF_SRPT_proxy,656,697.1936890243901,7882.5025000000005,11365.0,0.504379396034976,0.003005464480874317,322,64,14
Backfill_FIFO,656,687.9026981707317,7896.265,11403.03,0.5026972511637258,0.003278688524590164,528,64,14
Wind_proxy,656,687.9087957317073,7896.265,11403.03,0.5026972511637258,0.007103825136612022,528,64,14
PredSched_LLM,656,697.2028353658536,7882.5025000000005,11365.0,0.504379396034976,0.006557377049180328,322,64,14
FIFO,656,811.0269817073172,1762.0100000000002,9048.01,0.32889205618486833,0.0029333333333333334,0,64,15
QSSF_proxy,656,152.8655487804878,835.0,9077.0,0.32784164517805997,0.0026666666666666666,243,64,15
RF_SRPT_proxy,656,152.8655487804878,835.0,9077.0,0.32784164517805997,0.0026666666666666666,236,64,15
Backfill_FIFO,656,152.78013719512197,833.2574999999999,9077.0,0.32784164517805997,0.034666666666666665,471,64,15
Wind_proxy,656,152.78166158536587,833.2574999999999,9077.0,0.32784164517805997,0.034666666666666665,471,64,15
PredSched_LLM,656,152.86707317073171,835.0,9077.0,0.32784164517805997,0.0026666666666666666,236,64,15
FIFO,656,2644.192682926829,7422.029999999999,13041.029999999999,0.31383848287386046,0.00447374617376972,0,64,16
QSSF_proxy,656,427.37467987804877,5266.0,7291.0,0.5613464641767246,0.0023546032493524842,361,64,16
RF_SRPT_proxy,656,427.37467987804877,5266.0,7291.0,0.5613464641767246,0.0023546032493524842,353,64,16
Backfill_FIFO,656,405.461631097561,5244.27,7299.01,0.5607304374582992,0.0023546032493524842,379,64,16
Wind_proxy,656,405.8000457317073,5244.27,7299.01,0.5607304374582992,0.0025900635742877325,379,64,16
PredSched_LLM,656,427.37467987804877,5266.0,7291.0,0.5613464641767246,0.0023546032493524842,353,64,16
FIFO,656,3836.745503048781,6929.550000000001,17187.050000000003,0.3583856240963399,0.004674182018146824,0,64,17
QSSF_proxy,656,678.467987804878,8934.5075,11387.02,0.540930958286277,0.0035743744844652188,341,64,17
RF_SRPT_proxy,656,678.467987804878,8934.5075,11387.02,0.540930958286277,0.0035743744844652188,332,64,17
Backfill_FIFO,656,669.9541768292682,8774.772500000001,11236.02,0.5482004874168078,0.0035743744844652188,588,64,17
Wind_proxy,656,669.9541768292682,8774.772500000001,11236.02,0.5482004874168078,0.0030244707176244156,588,64,17
PredSched_LLM,656,678.467987804878,8934.5075,11387.02,0.540930958286277,0.0027495188342040143,332,64,17
FIFO,656,2704.7989176829274,4463.2575,12974.0,0.30083755100344933,0.004481792717086834,0,64,18
QSSF_proxy,656,588.3270274390244,7898.772500000001,10132.01,0.385221331869861,0.002240896358543417,349,64,18
RF_SRPT_proxy,656,588.3270274390244,7898.772500000001,10132.01,0.385221331869861,0.002240896358543417,343,64,18
Backfill_FIFO,656,572.884268292683,7848.012500000001,10127.01,0.3854115268691105,0.0016806722689075631,608,64,18
Wind_proxy,656,572.884268292683,7848.012500000001,10127.01,0.3854115268691105,0.0016806722689075631,608,64,18
PredSched_LLM,656,588.3270274390244,7898.772500000001,10132.01,0.385221331869861,0.002240896358543417,343,64,18
FIFO,656,2611.790487804878,7915.26,15860.0,0.2283954733311004,0.004366812227074236,0,64,19
QSSF_proxy,656,485.35178353658546,4485.0,10068.0,0.35978865782988173,0.0035480349344978166,274,64,19
RF_SRPT_proxy,656,485.35178353658546,4485.0,10068.0,0.35978865782988173,0.0035480349344978166,266,64,19
Backfill_FIFO,656,485.31210365853667,4485.0,10113.01,0.3581873455114995,0.0035480349344978166,438,64,19
Wind_proxy,656,485.31210365853667,4485.0,10113.01,0.3581873455114995,0.008187772925764192,438,64,19
PredSched_LLM,656,485.35178353658546,4485.0,10068.0,0.35978865782988173,0.004639737991266376,266,64,19
FIFO,656,5273.6688109756105,12689.03,21198.02,0.2699822189318862,0.016689529035208046,0,64,20
QSSF_proxy,656,878.2025609756099,9562.77,11516.01,0.49696800163967386,0.015317786922725195,364,64,20
RF_SRPT_proxy,656,878.2025609756099,9562.77,11516.01,0.49696800163967386,0.015317786922725195,359,64,20
Backfill_FIFO,656,855.6542073170732,9533.515,11576.01,0.494392150366361,0.01623228166438043,615,64,20
Wind_proxy,656,856.2776829268294,9533.515,11576.01,0.494392150366361,0.01600365797896662,615,64,20
PredSched_LLM,656,878.9876219512197,9562.77,11516.01,0.49696800163967386,0.01623228166438043,359,64,20
FIFO,656,2676.488368902439,6865.780000000001,15257.03,0.3005925472859889,0.005998286203941731,0,64,21
QSSF_proxy,656,570.4265091463416,5199.0,10771.01,0.42578639437886995,0.015852613538988862,353,64,21
RF_SRPT_proxy,656,570.4265091463416,5199.0,10771.01,0.42578639437886995,0.015852613538988862,344,64,21
Backfill_FIFO,656,563.6296951219513,5199.0,10792.02,0.4249574696598738,0.002784918594687232,578,64,21
Wind_proxy,656,563.7059146341463,5199.0,10792.02,0.4249574696598738,0.0029991431019708655,578,64,21
PredSched_LLM,656,511.44466463414625,3763.0,10771.01,0.4257863943788698,0.0029991431019708655,350,64,21
FIFO,656,7525.981798780487,16054.029999999999,24575.03,0.2760211279497929,0.00127000254000508,0,64,22
QSSF_proxy,656,886.1175152439025,9119.02,11304.0,0.6000732041755131,0.002032004064008128,344,64,22
RF_SRPT_proxy,656,886.1175152439025,9119.02,11304.0,0.6000732041755131,0.002032004064008128,335,64,22
Backfill_FIFO,656,902.1601829268294,9866.005000000001,12079.01,0.5615714781261049,0.018796037592075186,555,64,22
Wind_proxy,656,902.1601829268294,9866.005000000001,12079.01,0.5615714781261049,0.016256032512065022,555,64,22
PredSched_LLM,656,886.1175152439025,9119.02,11304.0,0.6000732041755131,0.002032004064008128,335,64,22
FIFO,656,2126.5654878048786,5436.01,13951.01,0.3135727227925612,0.006776904310111141,0,64,23
QSSF_proxy,656,614.3613719512196,6629.0,11148.0,0.39241623532528275,0.001626457034426674,356,64,23
RF_SRPT_proxy,656,614.3613719512196,6629.0,11148.0,0.39241623532528275,0.001626457034426674,348,64,23
Backfill_FIFO,656,611.7300457317074,6629.0,11171.0,0.39160828855127117,0.001626457034426674,592,64,23
Wind_proxy,656,611.7300457317074,6629.0,11171.0,0.39160828855127117,0.008945513689346707,592,64,23
PredSched_LLM,656,614.3613719512196,6629.0,11148.0,0.39241623532528275,0.005421523448088913,348,64,23
FIFO,656,4854.806204268293,9017.53,17526.03,0.18880368920364457,0.004417936823503424,0,64,24
QSSF_proxy,656,534.8472256097562,4616.512500000001,10171.02,0.3253340491999574,0.0026507620941020544,357,64,24
RF_SRPT_proxy,656,534.8472256097562,4616.512500000001,10171.02,0.3253340491999574,0.0026507620941020544,341,64,24
Backfill_FIFO,656,535.6336280487806,4613.0025000000005,10171.02,0.3253340491999574,0.0026507620941020544,610,64,24
Wind_proxy,656,535.6869817073172,4613.0025000000005,10171.02,0.3253340491999574,0.0026507620941020544,610,64,24
PredSched_LLM,656,534.8472256097562,4616.512500000001,10171.02,0.3253340491999574,0.0026507620941020544,341,64,24
FIFO,656,5475.875350609756,12013.782500000001,20677.03,0.2621558131550445,0.00815078960774325,0,64,25
QSSF_proxy,656,565.7784451219512,8032.012500000001,10533.01,0.5146300642723448,0.0028018339276617422,366,64,25
RF_SRPT_proxy,656,565.7784451219512,8032.012500000001,10533.01,0.5146300642723448,0.0028018339276617422,352,64,25
Backfill_FIFO,656,563.3653201219513,8048.032500000001,10242.01,0.5292519352433018,0.018084564442180335,607,64,25
Wind_proxy,656,563.3561737804879,8048.032500000001,10242.01,0.5292519352433018,0.018084564442180335,607,64,25
PredSched_LLM,656,566.1503963414634,8032.012500000001,10574.01,0.5126346214237787,0.0033112582781456954,352,64,25
FIFO,656,1047.7883689024393,2991.04,11639.04,0.25808168765959216,0.004371303677037799,0,64,26
QSSF_proxy,656,276.2344969512195,900.0025,10156.02,0.2957677403094421,0.017485214708151196,353,64,26
RF_SRPT_proxy,656,276.2344969512195,900.0025,10156.02,0.2957677403094421,0.017485214708151196,347,64,26
Backfill_FIFO,656,275.7772865853659,882.0174999999999,10156.02,0.2957677403094421,0.0020570840833119054,640,64,26
Wind_proxy,656,275.7772865853659,882.0174999999999,10156.02,0.2957677403094421,0.0015428130624839291,640,64,26
PredSched_LLM,656,276.2344969512195,900.0025,10156.02,0.2957677403094421,0.01671380817690923,347,64,26
FIFO,656,1095.584923780488,2536.76,10495.02,0.24932218224095806,0.01834041601431447,0,64,27
QSSF_proxy,656,662.8458841463416,8072.26,9684.01,0.2702022497976045,0.04316707671661821,375,64,27
RF_SRPT_proxy,656,662.8458841463416,8072.26,9684.01,0.2702022497976045,0.04316707671661821,357,64,27
Backfill_FIFO,656,646.7270121951219,8107.780000000001,9762.03,0.26804274203854106,0.02974726012077835,599,64,27
Wind_proxy,656,646.7270121951219,8107.780000000001,9762.03,0.26804274203854106,0.026615969581749048,599,64,27
PredSched_LLM,656,662.8458841463416,8072.26,9684.01,0.2702022497976045,0.03802281368821293,357,64,27
FIFO,656,4983.249359756098,8738.52,17154.02,0.2157555363207138,0.0187018701870187,0,64,28
QSSF_proxy,656,791.8503963414636,8102.7575,10173.0,0.36381350488118064,0.015181518151815182,344,64,28
RF_SRPT_proxy,656,791.8503963414636,8102.7575,10173.0,0.36381350488118064,0.015181518151815182,340,64,28
Backfill_FIFO,656,791.7001829268294,8107.0275,10173.0,0.36381350488118064,0.02838283828382838,588,64,28
Wind_proxy,656,791.7001829268294,8107.0275,10173.0,0.36381350488118064,0.02838283828382838,588,64,28
PredSched_LLM,656,791.8503963414636,8102.7575,10173.0,0.36381350488118064,0.015181518151815182,340,64,28
FIFO,656,3003.802942073171,8847.78,16819.03,0.23606637489832943,0.00763540921021236,0,64,29
QSSF_proxy,656,642.6251981707317,8068.005,10092.01,0.3934208786362923,0.002863278453829635,353,64,29
RF_SRPT_proxy,656,642.6251981707317,8068.005,10092.01,0.3934208786362923,0.002863278453829635,340,64,29
Backfill_FIFO,656,635.994375,8091.272500000001,10133.01,0.3918290262623099,0.01717967072297781,588,64,29
Wind_proxy,656,635.994375,8091.272500000001,10133.01,0.3918290262623099,0.015509424958243857,588,64,29
PredSched_LLM,656,642.620625,8068.005,10092.01,0.3934208786362923,0.00882844189930804,340,64,29
FIFO,656,4992.57443597561,10361.562500000002,19101.050000000003,0.37790925903778844,0.016125207493478778,0,64,30
QSSF_proxy,656,873.2711737804876,9762.2575,10848.03,0.66541700680619,0.016125207493478778,367,64,30
RF_SRPT_proxy,656,873.2711737804876,9762.2575,10848.03,0.66541700680619,0.016125207493478778,352,64,30
Backfill_FIFO,656,878.1430487804878,9775.78,10870.01,0.6640714822105731,0.01802229072800569,585,64,30
Wind_proxy,656,878.1430487804878,9775.78,10870.01,0.6640714822105731,0.01802229072800569,585,64,30
PredSched_LLM,656,873.2711737804876,9762.2575,10848.03,0.66541700680619,0.015650936684847048,352,64,30
FIFO,656,4136.9566615853655,11016.25,18983.0,0.20907602875763842,0.004104669061056952,0,64,31
QSSF_proxy,656,625.293993902439,8082.2525000000005,9679.0,0.4100516844618505,0.002308876346844536,332,64,31
RF_SRPT_proxy,656,625.293993902439,8082.2525000000005,9679.0,0.4100516844618505,0.002308876346844536,326,64,31
Backfill_FIFO,656,623.8659146341464,8083.75,9720.01,0.40832162249897375,0.002308876346844536,438,64,31
Wind_proxy,656,623.8842073170732,8083.75,9720.01,0.40832162249897375,0.0017957927142124167,438,64,31
PredSched_LLM,656,625.3122865853659,8082.2525000000005,9679.0,0.4100516844618505,0.005643919958953309,326,64,31
FIFO,656,5129.874268292684,12539.29,17297.04,0.3889644952890062,0.0025392428439519853,0,64,32
QSSF_proxy,656,807.9700457317073,8752.025000000001,10740.01,0.6264365148257546,0.01592797783933518,354,64,32
RF_SRPT_proxy,656,807.9700457317073,8752.025000000001,10740.01,0.6264365148257546,0.01592797783933518,348,64,32
Backfill_FIFO,656,831.3331097560975,9084.01,11151.01,0.6033475383479839,0.01569713758079409,598,64,32
Wind_proxy,656,831.3331097560975,9084.01,11151.01,0.6033475383479839,0.015235457063711912,598,64,32
PredSched_LLM,656,807.9685213414634,8752.025000000001,10740.01,0.6264365148257546,0.014773776546629732,348,64,32
FIFO,656,2835.8722865853665,7266.297500000001,15436.04,0.29523242436005287,0.00418519487313628,0,64,33
QSSF_proxy,656,485.6068292682927,5250.765,10127.02,0.4500059752739454,0.0036620455139942452,357,64,33
RF_SRPT_proxy,656,485.6068292682927,5250.765,10127.02,0.4500059752739454,0.0036620455139942452,340,64,33
Backfill_FIFO,656,455.23169207317073,5236.01,10127.0,0.45000686399908674,0.0036620455139942452,617,64,33
Wind_proxy,656,455.21035060975606,5236.01,10127.0,0.45000686399908674,0.003923620193565263,617,64,33
PredSched_LLM,656,485.6068292682927,5250.765,10127.02,0.4500059752739454,0.0036620455139942452,340,64,33
FIFO,656,5774.952637195122,13185.03,21575.03,0.3331160824646014,0.004595588235294118,0,64,34
QSSF_proxy,656,1091.909131097561,11520.5,13466.04,0.5337121731894643,0.004595588235294118,371,64,34
RF_SRPT_proxy,656,1091.909131097561,11520.5,13466.04,0.5337121731894643,0.004595588235294118,360,64,34
Backfill_FIFO,656,972.0568749999999,10889.01,12928.04,0.5559225893991859,0.017463235294117647,616,64,34
Wind_proxy,656,972.9989481707316,10889.01,12928.04,0.5559225893991859,0.017003676470588234,616,64,34
PredSched_LLM,656,1091.909131097561,11520.5,13466.04,0.5337121731894643,0.008272058823529412,360,64,34
FIFO,656,6753.250533536586,14638.01,22931.02,0.2606451718430973,0.0070594623947868584,0,64,35
QSSF_proxy,656,686.0274390243902,8055.76,11477.02,0.5207675553791404,0.018734727124626663,350,64,35
RF_SRPT_proxy,656,686.0274390243902,8055.76,11477.02,0.5207675553791404,0.018734727124626663,345,64,35
Backfill_FIFO,656,656.859375,7565.75,11410.03,0.5238250599198689,0.0027151778441487917,590,64,35
Wind_proxy,656,656.859375,7565.75,11410.03,0.5238250599198689,0.00325821341297855,590,64,35
PredSched_LLM,656,682.7164634146342,7947.76,11369.02,0.5257145865199905,0.017105620418137388,345,64,35
FIFO,656,5147.8732774390255,12153.080000000002,20164.08,0.2166314160192283,0.003320788133717069,0,64,36
QSSF_proxy,656,786.6231859756098,8102.0175,10099.0,0.4325352216184769,0.01505423953951738,340,64,36
RF_SRPT_proxy,656,786.6231859756098,8102.0175,10099.0,0.4325352216184769,0.01505423953951738,337,64,36
Backfill_FIFO,656,783.913368902439,8145.522500000001,10177.01,0.4292197023610078,0.0017710870046491033,508,64,36
Wind_proxy,656,783.913368902439,8145.522500000001,10177.01,0.4292197023610078,0.004870489262785035,508,64,36
PredSched_LLM,656,786.618612804878,8102.0175,10099.0,0.4325352216184769,0.01593978304184193,337,64,36
FIFO,656,2287.317149390244,5488.02,13977.02,0.2842694679597297,0.006597549481621112,0,64,37
QSSF_proxy,656,665.5592835365854,8063.5075,10130.0,0.39222507789363276,0.003770028275212064,338,64,37
RF_SRPT_proxy,656,665.5592835365854,8063.5075,10130.0,0.39222507789363276,0.003770028275212064,328,64,37
Backfill_FIFO,656,619.5846036585367,8041.27,10115.0,0.39280672655091453,0.03204524033930255,356,64,37
Wind_proxy,656,619.5846036585367,8041.27,10115.0,0.39280672655091453,0.03110273327049953,356,64,37
PredSched_LLM,656,665.5592835365854,8063.5075,10130.0,0.39222507789363276,0.003298774740810556,328,64,37
FIFO,656,4538.854375000001,9999.02,17982.02,0.23628656981911655,0.0021522733387140166,0,64,38
QSSF_proxy,656,596.5534603658538,7897.297500000001,10107.01,0.4203923637375197,0.0008071025020177562,370,64,38
RF_SRPT_proxy,656,596.5534603658538,7897.297500000001,10107.01,0.4203923637375197,0.0008071025020177562,363,64,38
Backfill_FIFO,656,588.9149390243904,7935.7775,10132.01,0.41935507606277045,0.0008071025020177562,613,64,38
Wind_proxy,656,588.9240853658538,7935.7775,10132.01,0.41935507606277045,0.0045735808447672855,613,64,38
PredSched_LLM,656,596.5534603658538,7897.297500000001,10107.01,0.4203923637375197,0.004035512510088781,363,64,38
FIFO,656,2636.8639939024392,7648.549999999999,13302.05,0.21448014738564733,0.004416550441655044,0,64,39
QSSF_proxy,656,512.8248475609756,5789.76,7293.030000000001,0.39119894536718613,0.0032543003254300326,318,64,39
RF_SRPT_proxy,656,512.8248475609756,5789.76,7293.030000000001,0.39119894536718613,0.0032543003254300326,311,64,39
Backfill_FIFO,656,504.48364329268304,5846.790000000001,7362.040000000001,0.38753194013225273,0.0032543003254300326,569,64,39
Wind_proxy,656,504.48364329268304,5846.790000000001,7362.040000000001,0.38753194013225273,0.002789400278940028,569,64,39
PredSched_LLM,656,512.8248475609756,5789.76,7293.030000000001,0.39119894536718613,0.00697350069735007,311,64,39
FIFO,656,2691.879344512196,7559.792500000001,16391.02,0.3446813800807546,0.005948132286462051,0,64,40
QSSF_proxy,656,306.5115548780488,865.0,11570.02,0.48830333867454423,0.004044729954794195,310,64,40
RF_SRPT_proxy,656,306.5115548780488,865.0,11570.02,0.48830333867454423,0.004044729954794195,303,64,40
Backfill_FIFO,656,300.18859756097567,865.0,11570.02,0.48830333867454423,0.0038068046633357128,584,64,40
Wind_proxy,656,300.56207317073176,865.0,11570.02,0.48830333867454423,0.0030930287889602663,584,64,40
PredSched_LLM,656,305.6502743902439,865.0,11570.02,0.48830333867454423,0.0035688793718772305,298,64,40
FIFO,656,3360.4522256097557,8929.529999999999,17570.03,0.4199334036424526,0.004503436833372837,0,64,41
QSSF_proxy,656,1151.506661585366,11754.7775,13398.02,0.5506964835102502,0.016828632377340603,375,64,41
RF_SRPT_proxy,656,1151.506661585366,11754.7775,13398.02,0.5506964835102502,0.016828632377340603,370,64,41
Backfill_FIFO,656,1167.7233384146343,11916.02,13576.050000000001,0.5434749061766863,0.0026072529035316427,638,64,41
Wind_proxy,656,1167.7233384146343,11916.02,13576.050000000001,0.5434749061766863,0.0026072529035316427,638,64,41
PredSched_LLM,656,1151.4257774390244,11754.7775,13398.02,0.5506964835102501,0.011851149561507466,370,64,41
FIFO,656,3608.1977134146346,9017.022500000001,17075.02,0.2487425687312518,0.021422195775066943,0,64,42
QSSF_proxy,656,428.69929878048777,4215.75,10137.0,0.4189882939664102,0.0020827134781315083,303,64,42
RF_SRPT_proxy,656,428.69929878048777,4215.75,10137.0,0.4189882939664102,0.0020827134781315083,296,64,42
Backfill_FIFO,656,428.63077743902437,4214.755,10137.0,0.4189882939664102,0.0020827134781315083,565,64,42
Wind_proxy,656,428.63077743902437,4214.755,10137.0,0.4189882939664102,0.0023802439750074383,565,64,42
PredSched_LLM,656,428.69777439024386,4215.75,10137.0,0.4189882939664102,0.0020827134781315083,296,64,42
FIFO,656,4908.614878048781,13808.0075,21811.0,0.4154355528746962,0.004250295159386069,0,64,43
QSSF_proxy,656,953.881493902439,10489.75,12484.0,0.7258142297140339,0.0021251475796930344,375,64,43
RF_SRPT_proxy,656,953.881493902439,10489.75,12484.0,0.7258142297140339,0.0021251475796930344,359,64,43
Backfill_FIFO,656,1018.8048018292684,11519.75,13556.02,0.6684163083080431,0.0025974025974025974,559,64,43
Wind_proxy,656,1020.6357774390245,11519.75,13556.02,0.6684163083080431,0.008264462809917356,559,64,43
PredSched_LLM,656,953.881493902439,10489.75,12484.0,0.7258142297140339,0.008736717827626918,359,64,43
FIFO,656,4504.689009146342,10510.01,18963.010000000002,0.35451033086091027,0.003006012024048096,0,64,44
QSSF_proxy,656,949.2023018292684,10867.062500000002,12899.02,0.5211700539435364,0.00125250501002004,350,64,44
RF_SRPT_proxy,656,949.2023018292684,10867.062500000002,12899.02,0.5211700539435364,0.00125250501002004,340,64,44
Backfill_FIFO,656,838.3699695121951,9528.0125,11615.02,0.5787835879076186,0.0017535070140280561,608,64,44
Wind_proxy,656,838.3730182926829,9528.0125,11615.02,0.5787835879076186,0.0017535070140280561,608,64,44
PredSched_LLM,656,949.2053506097562,10867.062500000002,12899.02,0.5211700539435364,0.005260521042084168,340,64,44
FIFO,656,4069.570198170733,10561.022500000001,18624.02,0.2193016083027456,0.0047380889707817845,0,64,45
QSSF_proxy,656,573.2527134146343,8055.0175,9674.0,0.4221911865890531,0.0015793629902605948,345,64,45
RF_SRPT_proxy,656,573.2527134146343,8055.0175,9674.0,0.4221911865890531,0.0015793629902605948,342,64,45
Backfill_FIFO,656,558.0353810975611,7924.51,9726.070000000002,0.4199309216428113,0.03316662279547249,367,64,45
Wind_proxy,656,558.0353810975611,7924.51,9726.070000000002,0.4199309216428113,0.03211371413529876,367,64,45
PredSched_LLM,656,573.2557621951221,8055.0175,9674.0,0.4221911865890531,0.007370360621216109,342,64,45
FIFO,656,4683.246585365853,10039.03,18055.03,0.3091347609398877,0.01820633850303439,0,64,46
QSSF_proxy,656,777.5362195121951,8121.005,10095.02,0.5528901758305086,0.014834794335805798,362,64,46
RF_SRPT_proxy,656,777.5362195121951,8121.005,10095.02,0.5528901758305086,0.014834794335805798,354,64,46
Backfill_FIFO,656,755.0469359756098,8107.032500000001,10148.02,0.5500025997990251,0.028320971004720162,583,64,46
Wind_proxy,656,755.0469359756098,8107.032500000001,10148.02,0.5500025997990251,0.023376039559451563,583,64,46
PredSched_LLM,656,777.5362195121951,8121.005,10095.02,0.5528901758305086,0.02067880422566869,354,64,46
FIFO,656,3981.26118902439,10410.03,18421.03,0.22732964608758313,0.006232686980609419,0,64,47
QSSF_proxy,656,712.8375914634148,8180.0,9693.02,0.4320269875094398,0.0023084025854108957,322,64,47
RF_SRPT_proxy,656,712.8375914634148,8180.0,9693.02,0.4320269875094398,0.0023084025854108957,311,64,47
Backfill_FIFO,656,696.0684603658538,8137.0175,9722.050000000001,0.43073695676001955,0.0023084025854108957,560,64,47
Wind_proxy,656,696.0684603658538,8137.0175,9722.050000000001,0.43073695676001955,0.003693444136657433,560,64,47
PredSched_LLM,656,712.8345426829269,8180.0,9693.02,0.4320269875094398,0.00554016620498615,311,64,47
FIFO,656,4923.597393292683,10861.3,18891.05,0.2169154620756258,0.017671517671517672,0,64,48
QSSF_proxy,656,754.7488109756099,8142.0075,10106.03,0.40547681333260926,0.002702702702702703,346,64,48
RF_SRPT_proxy,656,754.7488109756099,8142.0075,10106.03,0.40547681333260926,0.002702702702702703,341,64,48
Backfill_FIFO,656,741.8101524390245,8155.317500000001,10173.03,0.4028063261234607,0.015384615384615385,572,64,48
Wind_proxy,656,741.8101524390245,8155.317500000001,10173.03,0.4028063261234607,0.017671517671517672,572,64,48
PredSched_LLM,656,754.7488109756099,8142.0075,10106.03,0.40547681333260926,0.008731808731808732,341,64,48
FIFO,656,5090.883490853659,11299.03,19293.03,0.38120792521962604,0.02002080083203328,0,64,49
QSSF_proxy,656,976.76381097561,10361.7525,13769.0,0.5341459755610429,0.01768070722828913,351,64,49
RF_SRPT_proxy,656,976.76381097561,10361.7525,13769.0,0.5341459755610429,0.01768070722828913,335,64,49
Backfill_FIFO,656,940.358536585366,10151.0075,13596.02,0.5409418298516772,0.0015600624024961,510,64,49
Wind_proxy,656,940.358536585366,10151.0075,13596.02,0.5409418298516772,0.0109204368174727,510,64,49
PredSched_LLM,656,976.76381097561,10361.7525,13769.0,0.5341459755610429,0.01612064482579303,335,64,49
FIFO,656,3670.987149390244,6021.060000000001,13884.060000000001,0.2316517444285029,0.005194805194805195,0,64,50
QSSF_proxy,656,617.0701219512196,8047.0,9169.04,0.35077464148373216,0.003116883116883117,356,64,50
RF_SRPT_proxy,656,617.0701219512196,8047.0,9169.04,0.35077464148373216,0.003116883116883117,342,64,50
Backfill_FIFO,656,590.4564786585366,7691.285000000001,9159.03,0.3511580067703675,0.0187012987012987,595,64,50
Wind_proxy,656,590.4564786585366,7691.285000000001,9159.03,0.3511580067703675,0.014285714285714285,595,64,50
PredSched_LLM,656,617.0701219512196,8047.0,9169.04,0.35077464148373216,0.008051948051948052,342,64,50
FIFO,656,3558.032210365855,5713.02,14079.050000000001,0.2823583705709902,0.03823529411764706,0,64,51
QSSF_proxy,656,617.1400457317073,6629.0,10236.0,0.3883682705341442,0.02176470588235294,308,64,51
RF_SRPT_proxy,656,617.1400457317073,6629.0,10236.0,0.3883682705341442,0.02176470588235294,304,64,51
Backfill_FIFO,656,618.4889939024391,6629.0,10233.0,0.3884821281332453,0.003823529411764706,569,64,51
Wind_proxy,656,618.4889939024391,6629.0,10233.0,0.3884821281332453,0.01088235294117647,569,64,51
PredSched_LLM,656,617.1400457317073,6629.0,10236.0,0.3883682705341442,0.019411764705882354,304,64,51
FIFO,656,5317.77824695122,10744.050000000001,18650.06,0.4392530523360245,0.0028811524609843936,0,64,52
QSSF_proxy,656,865.7378658536586,10269.515,11357.02,0.7213244126760366,0.0021608643457382954,364,64,52
RF_SRPT_proxy,656,865.7378658536586,10269.515,11357.02,0.7213244126760366,0.0021608643457382954,352,64,52
Backfill_FIFO,656,954.2588567073171,11598.02,12628.02,0.6487236939163861,0.0021608643457382954,592,64,52
Wind_proxy,656,954.2588567073171,11598.02,12628.02,0.6487236939163861,0.0024009603841536613,592,64,52
PredSched_LLM,656,865.7531097560976,10269.515,11357.02,0.7213244126760366,0.0021608643457382954,352,64,52
FIFO,656,4773.133826219512,11477.28,19511.03,0.299070692121008,0.004400724825265338,0,64,53
QSSF_proxy,656,694.8873628048781,8499.2675,10726.0,0.5440217458599433,0.0025886616619207868,350,64,53
RF_SRPT_proxy,656,694.8873628048781,8499.2675,10726.0,0.5440217458599433,0.0025886616619207868,342,64,53
Backfill_FIFO,656,703.9452134146343,9133.52,11425.0,0.5107376145377464,0.01786176546725343,583,64,53
Wind_proxy,656,703.9452134146343,9133.52,11425.0,0.5107376145377464,0.013202174475796014,583,64,53
PredSched_LLM,656,696.1556554878049,8525.2675,10752.0,0.5427062170846123,0.007248252653378203,342,64,53
FIFO,656,3966.798734756098,10079.2775,18663.03,0.26548019291012764,0.0012714558169103624,0,64,54
QSSF_proxy,656,756.1801371951219,9141.015,10210.0,0.48527569095861917,0.0014833651197287562,265,64,54
RF_SRPT_proxy,656,756.1801371951219,9141.015,10210.0,0.48527569095861917,0.0014833651197287562,261,64,54
Backfill_FIFO,656,754.7162347560976,9144.2525,10237.01,0.48399530768139337,0.01419792328883238,407,64,54
Wind_proxy,656,755.789405487805,9144.2525,10237.01,0.48399530768139337,0.013350286077558804,407,64,54
PredSched_LLM,656,756.1801371951219,9141.015,10210.0,0.48527569095861917,0.005933460478915025,261,64,54
FIFO,656,3365.64881097561,6002.040000000001,9873.03,0.20094196758429275,0.004691531785127844,0,64,55
QSSF_proxy,656,344.82167682926837,3160.25,5109.0,0.3883159276215991,0.0028149190710767065,379,64,55
RF_SRPT_proxy,656,344.82167682926837,3160.25,5109.0,0.3883159276215991,0.0028149190710767065,373,64,55
Backfill_FIFO,656,328.5542682926829,3085.5,5156.01,0.38477545121494133,0.0028149190710767065,495,64,55
Wind_proxy,656,328.5542682926829,3085.5,5156.01,0.38477545121494133,0.004691531785127844,495,64,55
PredSched_LLM,656,344.82167682926837,3160.25,5109.0,0.3883159276215991,0.005395261552897021,373,64,55
FIFO,656,879.5611128048781,1843.0500000000002,10407.07,0.46258693271437107,0.003747072599531616,0,64,56
QSSF_proxy,656,283.1177286585366,999.7574999999999,10126.02,0.4754261387834264,0.003981264637002342,295,64,56
RF_SRPT_proxy,656,283.1177286585366,999.7574999999999,10126.02,0.4754261387834264,0.003981264637002342,287,64,56
Backfill_FIFO,656,289.4061585365854,993.7574999999999,10126.02,0.47542613878342627,0.003747072599531616,599,64,56
Wind_proxy,656,289.52658536585363,993.7574999999999,10126.02,0.47542613878342627,0.00585480093676815,599,64,56
PredSched_LLM,656,283.2382012195122,999.7574999999999,10126.02,0.4754261387834264,0.004449648711943794,287,64,56
FIFO,656,1769.9823475609762,4042.0300000000007,9578.02,0.19489249131735992,0.005505092210294523,0,64,57
QSSF_proxy,656,325.77317073170735,3922.537500000001,5657.0,0.3299777584740147,0.002202036884117809,345,64,57
RF_SRPT_proxy,656,325.77317073170735,3922.537500000001,5657.0,0.3299777584740147,0.002202036884117809,339,64,57
Backfill_FIFO,656,325.7209908536585,3922.5225000000005,5657.0,0.32997775847401467,0.002202036884117809,613,64,57
Wind_proxy,656,325.7209908536585,3922.5225000000005,5657.0,0.32997775847401467,0.0038535645472061657,613,64,57
PredSched_LLM,656,325.77317073170735,3922.537500000001,5657.0,0.3299777584740147,0.00990916597853014,339,64,57
FIFO,656,5445.210884146341,10747.52,19886.02,0.3296703037564204,0.0041720990873533245,0,64,58
QSSF_proxy,656,717.0896189024392,9161.26,11609.01,0.5647191495145798,0.018252933507170794,396,64,58
RF_SRPT_proxy,656,717.0896189024392,9161.26,11609.01,0.5647191495145798,0.018252933507170794,390,64,58
Backfill_FIFO,656,687.7101067073171,7889.005,11391.03,0.5755256771254442,0.01877444589308996,641,64,58
Wind_proxy,656,687.7101067073171,7889.005,11391.03,0.5755256771254442,0.019035202086049544,641,64,58
PredSched_LLM,656,717.0896189024392,9161.26,11609.01,0.5647191495145798,0.014080834419817471,390,64,58
FIFO,656,4994.768582317074,11233.812500000002,19621.07,0.304726915735546,0.018367346938775512,0,64,59
QSSF_proxy,656,653.5123780487805,8061.5,10262.0,0.5826416044173895,0.0028061224489795917,348,64,59
RF_SRPT_proxy,656,653.5123780487805,8061.5,10262.0,0.5826416044173895,0.0028061224489795917,335,64,59
Backfill_FIFO,656,654.1216463414635,8061.76,10510.0,0.5688932582808041,0.0028061224489795917,577,64,59
Wind_proxy,656,656.5240853658537,8061.76,10704.0,0.5585825994517237,0.002551020408163265,577,64,59
PredSched_LLM,656,653.5123780487805,8061.5,10262.0,0.5826416044173895,0.0028061224489795917,335,64,59
FIFO,656,5167.615838414635,11890.02,19936.02,0.2907949836213547,0.005110274341043572,0,64,60
QSSF_proxy,656,602.4389481707317,7628.2675,10118.0,0.5729684334231077,0.0018827326519634212,345,64,60
RF_SRPT_proxy,656,602.4389481707317,7628.2675,10118.0,0.5729684334231077,0.0018827326519634212,337,64,60
Backfill_FIFO,656,595.2742987804878,7695.532500000001,10143.04,0.5715539531910553,0.018020441097364174,614,64,60
Wind_proxy,656,595.2742987804878,7695.532500000001,10143.04,0.5715539531910553,0.013448090371167294,614,64,60
PredSched_LLM,656,602.4389481707317,7628.2675,10118.0,0.5729684334231077,0.004034427111350188,337,64,60
FIFO,656,1198.9353963414635,2938.0300000000007,10895.03,0.3347564855833348,0.003,0,64,61
QSSF_proxy,656,170.85024390243905,397.0,10078.0,0.36189541110587414,0.00275,331,64,61
RF_SRPT_proxy,656,170.85024390243905,397.0,10078.0,0.36189541110587414,0.00275,325,64,61
Backfill_FIFO,656,169.45086890243903,397.0,10078.0,0.36189541110587414,0.00275,530,64,61
Wind_proxy,656,169.46916158536587,397.0,10078.0,0.36189541110587414,0.00275,530,64,61
PredSched_LLM,656,170.8685518292683,397.0,10078.0,0.36189541110587414,0.003,325,64,61
FIFO,656,4841.759314024391,11490.02,20026.02,0.4168609997767903,0.003935185185185185,0,64,62
QSSF_proxy,656,1220.1687499999998,11610.76,13568.01,0.6152756903001992,0.003472222222222222,341,64,62
RF_SRPT_proxy,656,1220.1687499999998,11610.76,13568.01,0.6152756903001992,0.003472222222222222,333,64,62
Backfill_FIFO,656,1201.878292682927,11597.5075,13669.03,0.6107285388026801,0.003472222222222222,592,64,62
Wind_proxy,656,1201.8706707317074,11597.5075,13669.03,0.6107285388026801,0.002777777777777778,592,64,62
PredSched_LLM,656,1220.1443597560974,11610.76,13568.01,0.6152756903001992,0.013657407407407408,333,64,62
FIFO,656,1893.3224695121955,4514.02,12515.02,0.23392345507638027,0.004866803278688525,0,64,63
QSSF_proxy,656,579.4174237804879,7561.01,10080.01,0.2904319260347955,0.01869877049180328,377,64,63
RF_SRPT_proxy,656,579.4174237804879,7561.01,10080.01,0.2904319260347955,0.01869877049180328,373,64,63
Backfill_FIFO,656,576.1037195121951,7644.022500000001,10151.02,0.28840025128016694,0.003329918032786885,574,64,63
Wind_proxy,656,576.1037195121951,7644.022500000001,10151.02,0.28840025128016694,0.007940573770491803,574,64,63
PredSched_LLM,656,579.4174237804879,7561.01,10080.01,0.2904319260347955,0.02074795081967213,373,64,63
FIFO,656,2416.463292682927,5471.040000000001,14058.03,0.2542822723027338,0.004356243949661181,0,64,64
QSSF_proxy,656,703.6184756097562,8063.01,10120.0,0.3532319972826087,0.002420135527589545,382,64,64
RF_SRPT_proxy,656,703.6184756097563,8063.01,10120.0,0.3532319972826087,0.002420135527589545,369,64,64
Backfill_FIFO,656,704.3025762195124,8078.75,10147.0,0.3522920875628265,0.002420135527589545,651,64,64
Wind_proxy,656,704.3025762195124,8078.75,10147.0,0.3522920875628265,0.0026621490803484995,651,64,64
PredSched_LLM,656,703.6184756097563,8063.01,10120.0,0.3532319972826087,0.002420135527589545,369,64,64
FIFO,656,6795.749222560976,14560.03,22976.03,0.26563656861221246,0.004395604395604396,0,64,65
QSSF_proxy,656,735.4270579268293,8983.265,10871.0,0.5614270784225233,0.0029304029304029304,374,64,65
RF_SRPT_proxy,656,735.4270579268293,8983.265,10871.0,0.5614270784225233,0.0029304029304029304,360,64,65
Backfill_FIFO,656,742.0808231707317,8971.2575,10888.0,0.5605504931604748,0.003663003663003663,581,64,65
Wind_proxy,656,742.498506097561,8971.2575,10888.0,0.5605504931604748,0.0029304029304029304,581,64,65
PredSched_LLM,656,735.4285823170732,8983.265,10871.0,0.5614270784225233,0.002686202686202686,360,64,65
FIFO,656,2840.9407621951223,7601.57,13235.07,0.25398842396092347,0.003737541528239203,0,64,66
QSSF_proxy,656,333.20695121951223,2270.0,7303.01,0.4602971336904235,0.0012458471760797341,337,64,66
RF_SRPT_proxy,656,333.20695121951223,2270.0,7303.01,0.4602971336904235,0.0012458471760797341,333,64,66
Backfill_FIFO,656,326.92545731707315,2270.0,7315.01,0.45954203347808126,0.0012458471760797341,586,64,66
Wind_proxy,656,326.92545731707315,2270.0,7315.01,0.45954203347808126,0.0012458471760797341,586,64,66
PredSched_LLM,656,333.20695121951223,2270.0,7303.01,0.4602971336904235,0.0012458471760797341,333,64,66
FIFO,656,4265.434695121951,7441.040000000001,16084.04,0.32807221572596174,0.00510073960724305,0,64,67
QSSF_proxy,656,690.9812804878051,8051.015,10560.02,0.4996890764056318,0.003570517725070135,366,64,67
RF_SRPT_proxy,656,690.9812804878051,8051.015,10560.02,0.4996890764056318,0.003570517725070135,351,64,67
Backfill_FIFO,656,695.8290701219514,8047.75,10560.02,0.49968907640563187,0.003570517725070135,611,64,67
Wind_proxy,656,695.9113871951221,8047.75,10560.02,0.49968907640563187,0.0033154807447079828,611,64,67
PredSched_LLM,656,691.0148170731709,8051.015,10560.02,0.4996890764056318,0.0038255547054322878,351,64,67
FIFO,656,3825.3994969512205,6388.040000000001,14280.060000000001,0.22574008601198106,0.001970928800197093,0,64,68
QSSF_proxy,656,660.1146646341464,8072.030000000001,10101.01,0.31913461848431485,0.017738359201773836,350,64,68
RF_SRPT_proxy,656,660.1146646341464,8072.030000000001,10101.01,0.31913461848431485,0.017738359201773836,339,64,68
Backfill_FIFO,656,653.8175152439024,8102.26,10160.01,0.317281377937251,0.017738359201773836,561,64,68
Wind_proxy,656,653.8175152439024,8102.26,10160.01,0.317281377937251,0.016260162601626018,561,64,68
PredSched_LLM,656,660.1146646341464,8072.030000000001,10101.01,0.31913461848431485,0.016999260901699925,339,64,68
FIFO,656,4266.52711890244,9805.54,17830.04,0.2412217448404491,0.0036665851869958446,0,64,69
QSSF_proxy,656,623.1127134146342,8053.75,9682.02,0.44422479600073156,0.002688829137130286,346,64,69
RF_SRPT_proxy,656,623.1127134146342,8053.75,9682.02,0.44422479600073156,0.002688829137130286,337,64,69
Backfill_FIFO,656,621.7508993902441,8060.522500000001,9702.03,0.44330860236208314,0.001955512099731117,571,64,69
Wind_proxy,656,622.0405335365855,8060.522500000001,9702.03,0.44330860236208314,0.002199951112197507,571,64,69
PredSched_LLM,656,623.1127134146342,8053.75,9682.02,0.44422479600073156,0.002688829137130286,337,64,69
FIFO,656,7039.352865853659,15024.550000000003,23147.050000000003,0.2583105512838029,0.019300106044538707,0,64,70
QSSF_proxy,656,963.5643140243901,9973.867500000002,11135.01,0.5369664909231117,0.0042417815482502655,373,64,70
RF_SRPT_proxy,656,963.5643140243901,9973.867500000002,11135.01,0.5369664909231117,0.0042417815482502655,364,64,70
Backfill_FIFO,656,954.3018445121951,9660.032500000001,11081.02,0.5395827501524004,0.0019088016967126194,577,64,70
Wind_proxy,656,954.1600609756098,9658.032500000001,11079.02,0.5396801563760831,0.00784729586426299,577,64,70
PredSched_LLM,656,963.5597256097561,9973.867500000002,11135.01,0.5369664909231117,0.008271474019088017,364,64,70
FIFO,656,4881.74824695122,10124.282500000001,18339.04,0.3326810303405332,0.0056583242655059846,0,64,71
QSSF_proxy,656,930.929131097561,9409.5075,11398.01,0.5352733260153529,0.04178454842219804,348,64,71
RF_SRPT_proxy,656,930.929131097561,9409.5075,11398.01,0.5352733260153529,0.04178454842219804,339,64,71
Backfill_FIFO,656,906.1641768292684,9458.785,11472.01,0.5318205547812678,0.042002176278563653,575,64,71
Wind_proxy,656,906.1641768292684,9458.785,11472.01,0.5318205547812678,0.035908596300326445,575,64,71
PredSched_LLM,656,930.929131097561,9409.5075,11398.01,0.5352733260153529,0.03873775843307944,339,64,71
FIFO,656,3486.224298780488,6958.01,14859.01,0.24283513157589232,0.0015985384791048184,0,64,72
QSSF_proxy,656,697.5816006097563,8096.005,10101.0,0.35722103241634484,0.0011418131993605847,329,64,72
RF_SRPT_proxy,656,697.5816006097563,8096.005,10101.0,0.35722103241634484,0.0011418131993605847,321,64,72
Backfill_FIFO,656,694.848018292683,8124.282500000001,10161.0,0.3551116670049699,0.0011418131993605847,521,64,72
Wind_proxy,656,694.848018292683,8124.282500000001,10161.0,0.3551116670049699,0.006622516556291391,521,64,72
PredSched_LLM,656,697.5816006097563,8096.005,10101.0,0.35722103241634484,0.009362868234756794,321,64,72
FIFO,656,3922.966112804879,8170.76,17170.02,0.41604245683391755,0.003784570596797671,0,64,73
QSSF_proxy,656,664.6948628048781,7203.0,11334.0,0.6302679817087966,0.019796215429403203,376,64,73
RF_SRPT_proxy,656,664.6948628048781,7203.0,11334.0,0.6302679817087966,0.019796215429403203,360,64,73
Backfill_FIFO,656,637.1703963414634,6511.25,11483.0,0.6220898114332055,0.003202328966521106,569,64,73
Wind_proxy,656,637.1673475609756,6511.25,11483.0,0.6220898114332055,0.008442503639010189,569,64,73
PredSched_LLM,656,664.6918140243903,7203.0,11334.0,0.6302679817087966,0.015138282387190683,360,64,73
FIFO,656,5323.544557926829,12189.03,20282.03,0.2734939924344358,0.004589371980676328,0,64,74
QSSF_proxy,656,767.0166463414633,9359.2575,10992.01,0.5046404942658349,0.0036231884057971015,352,64,74
RF_SRPT_proxy,656,767.0166463414633,9359.2575,10992.01,0.5046404942658349,0.0036231884057971015,339,64,74
Backfill_FIFO,656,744.5415701219512,9289.29,10917.02,0.5081069155662444,0.002898550724637681,582,64,74
Wind_proxy,656,744.5369969512194,9289.29,10917.02,0.5081069155662444,0.007246376811594203,582,64,74
PredSched_LLM,656,767.0166463414633,9359.2575,10992.01,0.5046404942658349,0.00748792270531401,339,64,74
FIFO,656,4825.55969512195,9173.01,17634.010000000002,0.20764214448918597,0.004937052579609973,0,64,75
QSSF_proxy,656,623.8432164634147,8036.062500000002,10137.02,0.3612071054751545,0.017526536657615402,370,64,75
RF_SRPT_proxy,656,623.8432164634147,8036.062500000002,10137.02,0.3612071054751545,0.017526536657615402,363,64,75
Backfill_FIFO,656,624.0,8031.032500000001,10137.02,0.3612071054751545,0.0029622315477659837,614,64,75
Wind_proxy,656,624.0,8031.032500000001,10137.02,0.3612071054751545,0.0027153789187854853,614,64,75
PredSched_LLM,656,623.8432164634147,8036.062500000002,10137.02,0.3612071054751545,0.017526536657615402,363,64,75
FIFO,656,4534.538048780489,10982.27,19493.02,0.25142586595580113,0.0054753608760577405,0,64,76
QSSF_proxy,656,647.041387195122,8068.5,10210.0,0.4800244303226005,0.0017421602787456446,351,64,76
RF_SRPT_proxy,656,647.041387195122,8068.5,10210.0,0.4800244303226005,0.0017421602787456446,339,64,76
Backfill_FIFO,656,617.3534146341464,8067.7675,10200.0,0.4804950425091913,0.001991040318566451,632,64,76
Wind_proxy,656,617.3534146341464,8067.7675,10200.0,0.4804950425091913,0.001991040318566451,632,64,76
PredSched_LLM,656,647.4468750000001,8068.5,10210.0,0.4800244303226005,0.001991040318566451,339,64,76
FIFO,656,4641.591234756097,11083.78,19617.03,0.32282507393607746,0.0091324200913242,0,64,77
QSSF_proxy,656,696.9485518292684,8291.5,10292.01,0.6153189862967731,0.0035514967021816335,339,64,77
RF_SRPT_proxy,656,696.9485518292684,8291.5,10292.01,0.6153189862967731,0.0035514967021816335,331,64,77
Backfill_FIFO,656,703.3297560975611,8298.282500000001,10340.050000000001,0.612460206687226,0.018518518518518517,589,64,77
Wind_proxy,656,703.3297560975611,8298.282500000001,10340.050000000001,0.612460206687226,0.018518518518518517,589,64,77
PredSched_LLM,656,696.9485518292684,8291.5,10292.01,0.6153189862967731,0.0035514967021816335,331,64,77
FIFO,656,3352.409390243903,8090.530000000001,17507.03,0.3567749741550251,0.0162137474309203,0,64,78
QSSF_proxy,656,897.9368445121951,9879.532500000001,11863.0,0.5265169161073298,0.002511989038593286,347,64,78
RF_SRPT_proxy,656,897.9368445121951,9879.532500000001,11863.0,0.5265169161073298,0.002511989038593286,341,64,78
Backfill_FIFO,656,833.7502591463415,9226.0075,11269.0,0.5542701371711111,0.002511989038593286,601,64,78
Wind_proxy,656,835.5170274390244,9226.0075,11269.0,0.5542701371711111,0.0020552637588490525,601,64,78
PredSched_LLM,656,897.9368445121951,9879.532500000001,11863.0,0.5265169161073298,0.006165791276547157,341,64,78
FIFO,656,5393.483536585366,11863.2775,20388.03,0.2907254376863533,0.005143112701252236,0,64,79
QSSF_proxy,656,814.6952896341463,9507.25,11113.0,0.5333680325125979,0.0031305903398926656,362,64,79
RF_SRPT_proxy,656,814.6952896341463,9507.25,11113.0,0.5333680325125979,0.0031305903398926656,356,64,79
Backfill_FIFO,656,812.8415396341464,9511.2775,11147.0,0.5317411810632906,0.0022361359570661895,590,64,79
Wind_proxy,656,812.5290396341464,9511.2775,11147.0,0.5317411810632906,0.0033542039355992843,590,64,79
PredSched_LLM,656,814.6952896341463,9507.25,11113.0,0.5333680325125979,0.0024597495527728087,356,64,79
FIFO,656,3963.3916310975605,9674.279999999999,17953.03,0.2503073308255626,0.0029585798816568047,0,64,80
QSSF_proxy,656,639.3031554878048,8894.2675,10219.02,0.43974618109478714,0.0018827326519634212,314,64,80
RF_SRPT_proxy,656,639.3031554878048,8894.2675,10219.02,0.43974618109478714,0.0018827326519634212,307,64,80
Backfill_FIFO,656,640.665,8926.52,10216.02,0.4398753153900689,0.01828940290478752,564,64,80
Wind_proxy,656,640.6634756097561,8926.52,10216.02,0.4398753153900689,0.014254975793437331,564,64,80
PredSched_LLM,656,639.3031554878048,8894.2675,10219.02,0.43974618109478714,0.006186121570736955,307,64,80
FIFO,656,3212.029420731708,6090.0700000000015,14002.080000000002,0.30082112967769786,0.006211180124223602,0,64,81
QSSF_proxy,656,791.0251981707318,8096.2575,9681.0,0.43509157353966543,0.004761904761904762,369,64,81
RF_SRPT_proxy,656,791.0251981707318,8096.2575,9681.0,0.43509157353966543,0.004761904761904762,358,64,81
Backfill_FIFO,656,789.9046493902439,8099.75,9740.01,0.43245556456692563,0.004761904761904762,569,64,81
Wind_proxy,656,789.9046493902439,8099.75,9740.01,0.43245556456692563,0.009523809523809525,569,64,81
PredSched_LLM,656,791.0251981707318,8096.2575,9681.0,0.43509157353966543,0.006004140786749482,358,64,81
FIFO,656,3757.060716463415,7235.040000000001,15617.04,0.26086381821355065,0.0049447353112274574,0,64,82
QSSF_proxy,656,334.5594817073171,3916.25,10127.0,0.40228307332810803,0.01890634089586969,358,64,82
RF_SRPT_proxy,656,334.5594817073171,3916.25,10127.0,0.40228307332810803,0.01890634089586969,347,64,82
Backfill_FIFO,656,334.52556402439023,3756.505,10127.0,0.40228307332810803,0.002326934264107039,613,64,82
Wind_proxy,656,334.52556402439023,3756.505,10127.0,0.40228307332810803,0.002326934264107039,613,64,82
PredSched_LLM,656,334.5625304878049,3916.25,10127.0,0.40228307332810803,0.019197207678883072,347,64,82
FIFO,656,2681.770213414634,7773.040000000001,15731.03,0.22586897743861975,0.004635942187073902,0,64,83
QSSF_proxy,656,597.4358231707317,8063.0025000000005,10117.0,0.3512060551701344,0.00218161985274066,339,64,83
RF_SRPT_proxy,656,597.4358231707317,8063.0025000000005,10117.0,0.3512060551701344,0.00218161985274066,329,64,83
Backfill_FIFO,656,588.6125304878049,8112.25,10143.0,0.35030579317324745,0.00218161985274066,623,64,83
Wind_proxy,656,588.6125304878049,8112.25,10143.0,0.35030579317324745,0.00763566948459231,623,64,83
PredSched_LLM,656,597.4358231707317,8063.0025000000005,10117.0,0.3512060551701344,0.00981728933733297,329,64,83
FIFO,656,3530.89949695122,7271.040000000001,15277.04,0.26664829700116977,0.005869074492099322,0,64,84
QSSF_proxy,656,697.9320274390244,8100.302500000002,10070.0,0.4045279741031528,0.003160270880361174,353,64,84
RF_SRPT_proxy,656,697.9320274390244,8100.302500000002,10070.0,0.4045279741031528,0.003160270880361174,345,64,84
Backfill_FIFO,656,695.7470884146342,8082.005,10112.02,0.4028469780734957,0.029796839729119638,555,64,84
Wind_proxy,656,695.7470884146342,8082.005,10112.02,0.4028469780734957,0.02347629796839729,555,64,84
PredSched_LLM,656,697.9320274390244,8100.302500000002,10070.0,0.4045279741031528,0.011963882618510158,345,64,84
FIFO,656,2679.0296798780487,6305.272500000001,16201.0,0.4898753585330381,0.003551912568306011,0,64,85
QSSF_proxy,656,704.9048323170732,9244.01,11751.0,0.6753868337668071,0.019398907103825136,258,64,85
RF_SRPT_proxy,656,704.9048323170732,9244.01,11751.0,0.6753868337668071,0.019398907103825136,250,64,85
Backfill_FIFO,656,683.706524390244,8887.0125,11394.02,0.6965470205944655,0.003278688524590164,375,64,85
Wind_proxy,656,683.7141463414634,8887.0125,11394.02,0.6965470205944655,0.003278688524590164,375,64,85
PredSched_LLM,656,704.9124542682928,9244.01,11751.0,0.6753868337668071,0.015846994535519125,250,64,85
FIFO,656,4769.650792682926,10826.03,19322.03,0.24701811283383537,0.0031376064545047063,0,64,86
QSSF_proxy,656,805.1118902439025,9145.515,11146.03,0.4282144751735598,0.0020170327207530256,327,64,86
RF_SRPT_proxy,656,805.1118902439025,9145.515,11146.03,0.4282144751735598,0.0020170327207530256,316,64,86
Backfill_FIFO,656,804.8786737804878,9136.0275,11186.080000000002,0.42668132059834646,0.0020170327207530256,597,64,86
Wind_proxy,656,804.8786737804878,9136.0275,11186.080000000002,0.42668132059834646,0.0020170327207530256,597,64,86
PredSched_LLM,656,805.1118902439025,9145.515,11146.03,0.4282144751735598,0.0022411474675033617,316,64,86
FIFO,656,3135.7737500000003,6532.77,15132.02,0.3050515058981716,0.004804974561899378,0,64,87
QSSF_proxy,656,599.2393902439024,6629.0,11138.0,0.4144411463710947,0.0011305822498586771,339,64,87
RF_SRPT_proxy,656,599.2393902439024,6629.0,11138.0,0.4144411463710947,0.0011305822498586771,332,64,87
Backfill_FIFO,656,597.4904420731707,6629.0,11159.0,0.4136612141124877,0.0011305822498586771,567,64,87
Wind_proxy,656,597.4904420731707,6629.0,11159.0,0.4136612141124877,0.0011305822498586771,567,64,87
PredSched_LLM,656,599.2393902439024,6629.0,11138.0,0.4144411463710947,0.0011305822498586771,332,64,87
FIFO,656,3225.284664634147,8971.54,17447.04,0.37375753682644747,0.003697313285679073,0,64,88
QSSF_proxy,656,761.1330182926829,9138.53,11138.0,0.5854698056484561,0.004929751047572098,335,64,88
RF_SRPT_proxy,656,761.1330182926829,9138.53,11138.0,0.5854698056484561,0.004929751047572098,330,64,88
Backfill_FIFO,656,760.0444359756098,9125.035,11205.0,0.5819690044901831,0.0029578506285432584,577,64,88
Wind_proxy,656,758.7593750000001,9125.035,11205.0,0.5819690044901831,0.007641114123736751,577,64,88
PredSched_LLM,656,761.1497865853659,9138.53,11138.0,0.5854698056484561,0.013803302933201873,330,64,88
FIFO,656,4717.34280487805,8647.79,17039.04,0.2655175972905457,0.0025303643724696357,0,64,89
QSSF_proxy,656,667.2394969512196,8692.7575,10217.04,0.4428058381818513,0.002277327935222672,384,64,89
RF_SRPT_proxy,656,667.2394969512196,8692.7575,10217.04,0.4428058381818513,0.002277327935222672,376,64,89
Backfill_FIFO,656,652.2047560975611,8674.032500000001,10213.01,0.4429805670353307,0.002277327935222672,586,64,89
Wind_proxy,656,652.2047560975611,8674.032500000001,10213.01,0.4429805670353307,0.0068319838056680165,586,64,89
PredSched_LLM,656,667.233399390244,8692.7575,10217.04,0.4428058381818513,0.00430161943319838,376,64,89
FIFO,656,6278.0456554878065,13497.292500000001,22034.04,0.3691987878471219,0.004149377593360996,0,64,90
QSSF_proxy,656,1060.1944359756098,11516.28,12592.04,0.6460383591042438,0.001952648279228704,381,64,90
RF_SRPT_proxy,656,1060.1944359756098,11516.28,12592.04,0.6460383591042438,0.001952648279228704,373,64,90
Backfill_FIFO,656,1039.3066768292686,11526.042500000001,12588.02,0.6462446722657739,0.002196729314132292,578,64,90
Wind_proxy,656,1034.2899695121955,11526.042500000001,12588.02,0.6462446722657738,0.001952648279228704,578,64,90
PredSched_LLM,656,1060.1944359756098,11516.28,12592.04,0.6460383591042438,0.001952648279228704,373,64,90
FIFO,656,4420.976417682928,8804.03,17448.03,0.27826920257079174,0.00488162069807176,0,64,91
QSSF_proxy,656,728.2135060975611,9110.300000000001,11171.0,0.4346297909346749,0.003173053453746644,346,64,91
RF_SRPT_proxy,656,728.2135060975611,9110.300000000001,11171.0,0.4346297909346749,0.003173053453746644,339,64,91
Backfill_FIFO,656,720.9222256097562,9135.2675,11193.0,0.4337755199259584,0.00366121552355382,553,64,91
Wind_proxy,656,721.0990548780488,9135.2675,11193.0,0.4337755199259584,0.003173053453746644,553,64,91
PredSched_LLM,656,728.2135060975611,9110.300000000001,11171.0,0.4346297909346749,0.006590187942396876,339,64,91
FIFO,656,4715.053582317074,11602.02,16724.03,0.21620004596305437,0.0028154594317890964,0,64,92
QSSF_proxy,656,463.4237042682927,5277.280000000001,7290.0,0.49598574138374474,0.002047606859482979,336,64,92
RF_SRPT_proxy,656,463.4237042682927,5277.280000000001,7290.0,0.49598574138374474,0.002047606859482979,329,64,92
Backfill_FIFO,656,438.1717530487805,5219.75,7332.0,0.49314457919905896,0.002047606859482979,572,64,92
Wind_proxy,656,438.1717530487805,5219.75,7332.0,0.49314457919905896,0.012285641156897875,572,64,92
PredSched_LLM,656,463.4145579268293,5277.280000000001,7290.0,0.49598574138374474,0.003839262861530586,329,64,92
FIFO,656,2390.6700152439025,7742.029999999999,16087.029999999999,0.268676488965412,0.009029345372460496,0,64,93
QSSF_proxy,656,188.71275914634148,654.01,10117.0,0.4272221743877879,0.004263857536995234,340,64,93
RF_SRPT_proxy,656,188.71275914634148,654.01,10117.0,0.4272221743877879,0.004263857536995234,328,64,93
Backfill_FIFO,656,188.3819359756098,623.53,10117.0,0.4272221743877878,0.004514672686230248,614,64,93
Wind_proxy,656,188.3819359756098,623.53,10117.0,0.4272221743877878,0.004514672686230248,614,64,93
PredSched_LLM,656,186.7146493902439,637.0225,10117.0,0.4272221743877879,0.004263857536995234,328,64,93
FIFO,656,2010.4670274390246,4491.77,12969.02,0.20646613074127804,0.007313109425785482,0,64,94
QSSF_proxy,656,360.3917225609756,3930.0150000000003,10119.0,0.2646173909384574,0.004062838569880823,333,64,94
RF_SRPT_proxy,656,360.3917225609756,3930.0150000000003,10119.0,0.2646173909384574,0.004062838569880823,327,64,94
Backfill_FIFO,656,360.25288109756104,3923.2700000000004,10119.0,0.2646173909384573,0.004062838569880823,571,64,94
Wind_proxy,656,360.25288109756104,3923.2700000000004,10119.0,0.2646173909384573,0.004062838569880823,571,64,94
PredSched_LLM,656,360.3917225609756,3930.0150000000003,10119.0,0.2646173909384574,0.004062838569880823,327,64,94
FIFO,656,695.0212957317075,1618.3575000000005,10115.0,0.2952667005221206,0.004750593824228029,0,64,95
QSSF_proxy,656,168.10759146341465,877.0100000000002,10115.0,0.2952667005221206,0.005182465990066941,254,64,95
RF_SRPT_proxy,656,168.10759146341465,877.0100000000002,10115.0,0.2952667005221206,0.005182465990066941,247,64,95
Backfill_FIFO,656,167.25185975609753,877.01,10115.0,0.2952667005221206,0.005398402072986396,519,64,95
Wind_proxy,656,167.25185975609753,877.01,10115.0,0.2952667005221206,0.005182465990066941,519,64,95
PredSched_LLM,656,168.10765243902438,877.0100000000002,10115.0,0.2952667005221206,0.004966529907147485,248,64,95
FIFO,656,5803.156082317075,12022.27,19992.02,0.28122904632698453,0.0035989717223650387,0,64,96
QSSF_proxy,656,668.5823628048781,8065.762500000001,10105.0,0.5563915604898568,0.004370179948586119,351,64,96
RF_SRPT_proxy,656,668.5823628048781,8065.762500000001,10105.0,0.5563915604898568,0.004370179948586119,340,64,96
Backfill_FIFO,656,700.7693902439025,8879.265,10927.0,0.5145361690079621,0.004113110539845758,554,64,96
Wind_proxy,656,662.2251829268293,8076.265,10124.0,0.555347364554524,0.004113110539845758,554,64,96
PredSched_LLM,656,668.4177286585366,8065.762500000001,10105.0,0.5563915604898568,0.004113110539845758,340,64,96
FIFO,656,2831.8998170731707,7815.01,15802.01,0.2779181478535009,0.005768748432405317,0,64,97
QSSF_proxy,656,617.3066615853659,8091.545000000001,10090.0,0.4352492915324579,0.002257336343115124,318,64,97
RF_SRPT_proxy,656,617.3066615853659,8091.545000000001,10090.0,0.4352492915324579,0.002257336343115124,311,64,97
Backfill_FIFO,656,614.9921036585366,8099.26,10149.01,0.43271859536669105,0.01730624529721595,527,64,97
Wind_proxy,656,614.9921036585366,8099.26,10149.01,0.43271859536669105,0.017557060446450966,527,64,97
PredSched_LLM,656,617.3066615853659,8091.545000000001,10090.0,0.4352492915324579,0.006019563581640331,311,64,97
FIFO,656,6200.781173780488,14920.029999999999,22917.059999999994,0.3974606349483749,0.004718093890068413,0,64,98
QSSF_proxy,656,1079.6299237804878,10889.2525,12893.02,0.70647755287357,0.0033026657230478887,365,64,98
RF_SRPT_proxy,656,1079.6299237804878,10889.2525,12893.02,0.70647755287357,0.0033026657230478887,358,64,98
Backfill_FIFO,656,1064.5262652439026,10808.272500000001,12842.03,0.7092826616002292,0.0021231422505307855,575,64,98
Wind_proxy,656,1054.303704268293,10800.272500000001,12834.03,0.709724787829699,0.009907997169143666,575,64,98
PredSched_LLM,656,1079.6299237804878,10889.2525,12893.02,0.70647755287357,0.006369426751592357,358,64,98
FIFO,656,4529.968125,11240.04,19788.04,0.18081767387175537,0.00756033730735679,0,64,99
QSSF_proxy,656,368.98922256097563,4771.01,10115.0,0.3537347862858379,0.0034893864495492877,262,64,99
RF_SRPT_proxy,656,368.98922256097563,4771.01,10115.0,0.3537347862858379,0.0034893864495492877,254,64,99
Backfill_FIFO,656,369.08070121951226,4795.012500000001,10115.0,0.3537347862858379,0.0034893864495492877,358,64,99
Wind_proxy,656,369.0715548780488,4795.012500000001,10115.0,0.3537347862858379,0.003780168653678395,358,64,99
PredSched_LLM,656,368.9800762195122,4771.01,10115.0,0.3537347862858379,0.0034893864495492877,254,64,99
FIFO,656,5382.722530487806,12249.02,17876.02,0.3649575933726438,0.0208078335373317,0,64,100
QSSF_proxy,656,757.9747865853659,8288.02,10342.02,0.6308234985313559,0.01835985312117503,342,64,100
RF_SRPT_proxy,656,757.9747865853659,8288.02,10342.02,0.6308234985313559,0.01835985312117503,331,64,100
Backfill_FIFO,656,744.2177286585367,8351.522500000001,10380.04,0.6285129188597784,0.01835985312117503,575,64,100
Wind_proxy,656,744.2177286585367,8351.522500000001,10380.04,0.6285129188597784,0.018115055079559364,575,64,100
PredSched_LLM,656,757.9747865853659,8288.02,10342.02,0.6308234985313559,0.018604651162790697,331,64,100
FIFO,656,4215.728643292682,9974.787499999999,15090.029999999999,0.29915831507417473,0.003788722977490528,0,64,101
QSSF_proxy,656,543.3457164634146,5347.25,7315.01,0.6171294296547442,0.0024515266324938714,375,64,101
RF_SRPT_proxy,656,543.3457164634146,5347.25,7315.01,0.6171294296547442,0.0024515266324938714,360,64,101
Backfill_FIFO,656,512.9817225609756,5321.01,7344.01,0.6146925112055607,0.0024515266324938714,577,64,101
Wind_proxy,656,512.9817225609756,5321.01,7344.01,0.6146925112055607,0.0060173835524849565,577,64,101
PredSched_LLM,656,543.3457164634146,5347.25,7315.01,0.6171294296547442,0.0042344550924894135,360,64,101
FIFO,656,6463.2426067073175,14142.2875,22550.03,0.3204288913709318,0.00527373179306881,0,64,102
QSSF_proxy,656,824.1315701219513,9261.802500000002,11262.02,0.6415972546027492,0.004018081366147665,355,64,102
RF_SRPT_proxy,656,824.1315701219513,9261.802500000002,11262.02,0.6415972546027492,0.004018081366147665,345,64,102
Backfill_FIFO,656,805.2932012195123,9240.29,11228.02,0.6435400999714334,0.01833249623304872,611,64,102
Wind_proxy,656,805.2932012195123,9240.29,11228.02,0.6435400999714334,0.014314414866901055,611,64,102
PredSched_LLM,656,824.9577896341465,9264.802500000002,11265.02,0.641426390124585,0.0055248618784530384,345,64,102
FIFO,656,4801.10131097561,11092.03,19227.03,0.19889491492413286,0.002384358607534573,0,64,103
QSSF_proxy,656,734.0362042682926,9116.265,10203.0,0.37480726218697924,0.0016690510252742013,353,64,103
RF_SRPT_proxy,656,734.0362042682926,9116.265,10203.0,0.37480726218697924,0.0016690510252742013,346,64,103
Backfill_FIFO,656,736.1976371951218,9158.0,10202.0,0.37484400079334934,0.0016690510252742013,550,64,103
Wind_proxy,656,736.1976371951218,9158.0,10202.0,0.37484400079334934,0.0016690510252742013,550,64,103
PredSched_LLM,656,734.0362042682926,9116.265,10203.0,0.37480726218697924,0.0019074868860276585,346,64,103
FIFO,656,3521.442164634147,5981.047500000001,14309.04,0.28970120789899256,0.002347417840375587,0,64,104
QSSF_proxy,656,502.2151219512196,4609.0,10156.02,0.4081664049376627,0.002112676056338028,356,64,104
RF_SRPT_proxy,656,502.2151219512196,4609.0,10156.02,0.4081664049376627,0.002112676056338028,347,64,104
Backfill_FIFO,656,501.23626524390244,4604.7575,10156.02,0.4081664049376626,0.002112676056338028,592,64,104
Wind_proxy,656,501.23626524390244,4604.7575,10156.02,0.4081664049376626,0.002112676056338028,592,64,104
PredSched_LLM,656,502.2151219512196,4609.0,10156.02,0.4081664049376627,0.002112676056338028,347,64,104
FIFO,656,5169.933201219514,12334.02,20983.02,0.3269070211294657,0.006755126658624849,0,64,105
QSSF_proxy,656,774.8565701219512,9358.01,10980.01,0.6247258939199508,0.0028950542822677927,339,64,105
RF_SRPT_proxy,656,774.8565701219512,9358.01,10980.01,0.6247258939199508,0.0028950542822677927,330,64,105
Backfill_FIFO,656,801.6491615853658,9497.2575,11153.02,0.6150349019817054,0.0028950542822677927,622,64,105
Wind_proxy,656,801.6491615853658,9497.2575,11153.02,0.6150349019817054,0.0026537997587454767,622,64,105
PredSched_LLM,656,774.8565701219512,9358.01,10980.01,0.6247258939199508,0.0028950542822677927,330,64,105
FIFO,656,2063.8255182926832,4334.040000000001,12692.04,0.17741449562087738,0.006349206349206349,0,64,106
QSSF_proxy,656,488.9823628048781,4636.797500000001,10157.0,0.2216945825539037,0.0036281179138321997,344,64,106
RF_SRPT_proxy,656,488.9823628048781,4636.797500000001,10157.0,0.2216945825539037,0.0036281179138321997,335,64,106
Backfill_FIFO,656,488.61277439024394,4643.262500000001,10157.0,0.22169458255390376,0.0036281179138321997,568,64,106
Wind_proxy,656,488.61277439024394,4643.262500000001,10157.0,0.22169458255390376,0.003854875283446712,568,64,106
PredSched_LLM,656,488.9823628048781,4636.797500000001,10157.0,0.2216945825539037,0.0029478458049886623,335,64,106
FIFO,656,5856.853795731708,13168.34,21635.09,0.2018121940083795,0.0038728088055442317,0,64,107
QSSF_proxy,656,609.7435670731708,5791.2525000000005,10176.03,0.4290695861223632,0.0030574806359559724,370,64,107
RF_SRPT_proxy,656,609.7435670731708,5791.2525000000005,10176.03,0.4290695861223632,0.0030574806359559724,362,64,107
Backfill_FIFO,656,593.9929725609757,5798.012500000001,10171.03,0.42928051342575435,0.0030574806359559724,609,64,107
Wind_proxy,656,593.9929725609757,5798.012500000001,10171.03,0.42928051342575435,0.0030574806359559724,609,64,107
PredSched_LLM,656,609.7435670731708,5791.2525000000005,10176.03,0.4290695861223632,0.0030574806359559724,362,64,107
FIFO,656,2976.210259146342,8281.2775,16432.02,0.29481551468375466,0.0064872657376261415,0,64,108
QSSF_proxy,656,671.6764634146342,8076.0,10110.0,0.47917056712104394,0.002402691013935608,362,64,108
RF_SRPT_proxy,656,671.6764634146342,8076.0,10110.0,0.47917056712104394,0.002402691013935608,356,64,108
Backfill_FIFO,656,648.7937804878051,8109.0,10141.01,0.47770532063312743,0.002402691013935608,563,64,108
Wind_proxy,656,648.7937804878051,8109.0,10141.01,0.47770532063312743,0.004084574723690533,563,64,108
PredSched_LLM,656,671.6764634146342,8076.0,10110.0,0.47917056712104394,0.005766458433445459,356,64,108
FIFO,656,1666.090091463415,3551.0600000000004,11839.060000000001,0.16711358121706874,0.0050750687248889825,0,64,109
QSSF_proxy,656,446.5768902439024,3740.26,10161.04,0.19471114323373895,0.0025375343624444912,359,64,109
RF_SRPT_proxy,656,446.5768902439024,3740.26,10161.04,0.19471114323373895,0.0025375343624444912,350,64,109
Backfill_FIFO,656,445.9857317073171,3740.042500000001,10161.04,0.19471114323373898,0.0025375343624444912,603,64,109
Wind_proxy,656,445.9857317073171,3740.042500000001,10161.04,0.19471114323373898,0.0025375343624444912,603,64,109
PredSched_LLM,656,446.5768902439024,3740.26,10161.04,0.19471114323373895,0.0025375343624444912,350,64,109
FIFO,656,4585.597682926829,9665.03,18130.03,0.18581156878429053,0.00546448087431694,0,64,110
QSSF_proxy,656,718.610487804878,9139.0,11141.01,0.3023755760389991,0.0024838549428713363,354,64,110
RF_SRPT_proxy,656,718.610487804878,9139.0,11141.01,0.3023755760389991,0.0024838549428713363,348,64,110
Backfill_FIFO,656,715.6256402439025,9144.5125,11170.01,0.30159053719792994,0.00273224043715847,604,64,110
Wind_proxy,656,715.6256402439025,9144.5125,11170.01,0.30159053719792994,0.004222553402881272,604,64,110
PredSched_LLM,656,718.610487804878,9139.0,11141.01,0.3023755760389991,0.006209637357178341,348,64,110
FIFO,656,5319.892606707317,12092.53,20618.04,0.2806853283883919,0.0035694673256452497,0,64,111
QSSF_proxy,656,612.5828201219514,6649.75,11148.0,0.5191228317299067,0.0030203185063152112,333,64,111
RF_SRPT_proxy,656,612.5828201219514,6649.75,11148.0,0.5191228317299067,0.0030203185063152112,325,64,111
Backfill_FIFO,656,612.4041920731707,6649.75,11168.04,0.5181913145122152,0.019494783086216366,584,64,111
Wind_proxy,656,612.4041920731707,6649.75,11168.04,0.5181913145122152,0.019494783086216366,584,64,111
PredSched_LLM,656,612.5828201219514,6649.75,11148.0,0.5191228317299067,0.0027457440966501922,325,64,111
FIFO,656,1123.9916615853658,3110.01,7036.01,0.1657811254176728,0.004060455673358899,0,64,112
QSSF_proxy,656,249.22312500000004,2373.2825000000007,5657.0,0.2061936815007955,0.003158132190390255,357,64,112
RF_SRPT_proxy,656,249.22312500000004,2373.2825000000007,5657.0,0.2061936815007955,0.003158132190390255,347,64,112
Backfill_FIFO,656,230.57067073170734,2317.052500000001,5657.0,0.20619368150079542,0.003158132190390255,623,64,112
Wind_proxy,656,230.57067073170734,2317.052500000001,5657.0,0.20619368150079542,0.003609293931874577,623,64,112
PredSched_LLM,656,249.22312500000004,2373.2825000000007,5657.0,0.2061936815007955,0.003834874802616738,347,64,112
FIFO,656,4907.148917682927,8445.0375,16825.04,0.19276857611668385,0.0028231498285944748,0,64,113
QSSF_proxy,656,935.4708079268293,9149.032500000001,10205.04,0.3178173729751425,0.001613228473482557,375,64,113
RF_SRPT_proxy,656,935.4708079268293,9149.032500000001,10205.04,0.3178173729751425,0.001613228473482557,363,64,113
Backfill_FIFO,656,920.7476676829268,9155.050000000001,10196.02,0.31809853294778245,0.001613228473482557,576,64,113
Wind_proxy,656,920.7476676829268,9155.050000000001,10196.02,0.31809853294778245,0.0038314176245210726,576,64,113
PredSched_LLM,656,935.4708079268293,9149.032500000001,10205.04,0.3178173729751425,0.004638031861262351,363,64,113
FIFO,656,4080.350716463415,10630.03,16250.02,0.2257885249910462,0.003306696059520529,0,64,114
QSSF_proxy,656,427.3172713414634,5060.022500000001,6921.0,0.5301355363206183,0.01818682832736291,354,64,114
RF_SRPT_proxy,656,427.3172713414634,5060.022500000001,6921.0,0.5301355363206183,0.01818682832736291,343,64,114
Backfill_FIFO,656,422.5577896341464,5102.012500000001,6961.01,0.5270884608519453,0.0016533480297602646,630,64,114
Wind_proxy,656,422.5577896341464,5102.012500000001,6961.01,0.5270884608519453,0.010471204188481676,630,64,114
PredSched_LLM,656,427.3172713414634,5060.022500000001,6921.0,0.5301355363206183,0.02232019840176357,343,64,114
FIFO,656,2986.381402439025,6532.040000000001,15041.04,0.22491171446588798,0.007991475759190196,0,64,115
QSSF_proxy,656,620.2589481707317,8051.280000000001,10138.0,0.33368574607910834,0.0018646776771443793,343,64,115
RF_SRPT_proxy,656,620.2589481707317,8051.280000000001,10138.0,0.33368574607910834,0.0018646776771443793,326,64,115
Backfill_FIFO,656,620.2924085365854,8050.280000000001,10138.0,0.3336857460791083,0.0018646776771443793,577,64,115
Wind_proxy,656,620.2893597560976,8050.280000000001,10138.0,0.3336857460791083,0.0013319126265316996,577,64,115
PredSched_LLM,656,620.2558993902439,8051.280000000001,10138.0,0.33368574607910834,0.0018646776771443793,326,64,115
FIFO,656,2522.614024390244,7255.040000000001,15159.050000000001,0.34523050870395905,0.00439453125,0,64,116
QSSF_proxy,656,248.1238109756097,714.5074999999999,10632.01,0.49222739096076384,0.016357421875,348,64,116
RF_SRPT_proxy,656,248.1238109756097,714.5074999999999,10632.01,0.49222739096076384,0.016357421875,337,64,116
Backfill_FIFO,656,243.55692073170732,714.26,10632.01,0.49222739096076373,0.016357421875,610,64,116
Wind_proxy,656,243.55692073170732,714.26,10632.01,0.49222739096076373,0.015869140625,610,64,116
PredSched_LLM,656,248.1238109756097,714.5074999999999,10632.01,0.49222739096076384,0.01611328125,337,64,116
FIFO,656,692.2694512195122,1300.58,10115.0,0.245527963575136,0.002325581395348837,0,64,117
QSSF_proxy,656,684.3186890243903,8072.0,10161.03,0.2444157089943146,0.0013953488372093023,321,64,117
RF_SRPT_proxy,656,684.3186890243903,8072.0,10161.03,0.2444157089943146,0.0013953488372093023,317,64,117
Backfill_FIFO,656,684.1238871951219,8076.75,10161.03,0.2444157089943147,0.015348837209302326,589,64,117
Wind_proxy,656,684.1238871951219,8076.75,10161.03,0.2444157089943147,0.015116279069767442,589,64,117
PredSched_LLM,656,684.3186890243903,8072.0,10161.03,0.2444157089943146,0.0011627906976744186,317,64,117
FIFO,656,6360.067774390244,13505.7875,21974.03,0.3004101834216344,0.00697786333012512,0,64,118
QSSF_proxy,656,919.0487042682928,10445.01,12479.02,0.5289856401233832,0.002165543792107796,356,64,118
RF_SRPT_proxy,656,919.0487042682928,10445.01,12479.02,0.5289856401233832,0.002165543792107796,346,64,118
Backfill_FIFO,656,845.6329115853657,9372.272500000001,11426.050000000001,0.5777344211527605,0.002406159769008662,647,64,118
Wind_proxy,656,845.6329115853657,9372.272500000001,11426.050000000001,0.5777344211527605,0.002165543792107796,647,64,118
PredSched_LLM,656,919.0487042682928,10445.01,12479.02,0.5289856401233832,0.002165543792107796,346,64,118
FIFO,656,5072.027789634146,12864.029999999999,21327.03,0.3413386371880543,0.0033236393851267137,0,64,119
QSSF_proxy,656,1072.6593902439026,9515.0,12110.01,0.601134049886726,0.014956377233070212,376,64,119
RF_SRPT_proxy,656,1072.6593902439026,9515.0,12110.01,0.601134049886726,0.014956377233070212,369,64,119
Backfill_FIFO,656,1136.1300457317075,10578.505000000001,12912.01,0.5637959818392915,0.014540922309929373,648,64,119
Wind_proxy,656,1136.1300457317075,10578.505000000001,12912.01,0.5637959818392915,0.014540922309929373,648,64,119
PredSched_LLM,656,1072.6593902439026,9515.0,12110.01,0.601134049886726,0.014956377233070212,369,64,119
FIFO,656,3690.3810518292694,7018.032500000001,15052.02,0.21690621456040451,0.00597943075819182,0,64,120
QSSF_proxy,656,645.9847713414633,8055.2575,9716.0,0.3360309468595615,0.016742406122937096,363,64,120
RF_SRPT_proxy,656,645.9847713414633,8055.2575,9716.0,0.3360309468595615,0.016742406122937096,350,64,120
Backfill_FIFO,656,600.0656402439025,7869.280000000001,9731.02,0.3355122772008997,0.002391772303276728,576,64,120
Wind_proxy,656,600.0656402439025,7869.280000000001,9731.02,0.3355122772008997,0.006218607988519493,576,64,120
PredSched_LLM,656,645.9847713414633,8055.2575,9716.0,0.3360309468595615,0.013393924898349677,350,64,120
FIFO,656,6887.028399390245,14956.04,18745.05,0.26712533879777617,0.00406393931183961,0,64,121
QSSF_proxy,656,448.3854725609757,5199.0,7299.01,0.6860215059345381,0.020048767271742075,359,64,121
RF_SRPT_proxy,656,448.3854725609757,5199.0,7299.01,0.6860215059345381,0.020048767271742075,353,64,121
Backfill_FIFO,656,439.2718140243903,5199.0,7342.01,0.6820036791057562,0.00270929287455974,585,64,121
Wind_proxy,656,439.2718140243903,5199.0,7342.01,0.6820036791057562,0.004605797886751558,585,64,121
PredSched_LLM,656,448.3854725609757,5199.0,7299.01,0.6860215059345381,0.017881332972094283,353,64,121
FIFO,656,2536.042987804878,7780.0599999999995,11478.06,0.23655408258233535,0.019852262234533704,0,64,122
QSSF_proxy,656,228.51166158536589,651.0,7327.030000000001,0.37057060679770665,0.0023084025854108957,357,64,122
RF_SRPT_proxy,656,228.51166158536589,651.0,7327.030000000001,0.37057060679770665,0.0023084025854108957,352,64,122
Backfill_FIFO,656,214.71146341463418,651.0,7327.030000000001,0.37057060679770665,0.01592797783933518,637,64,122
Wind_proxy,656,214.71146341463418,651.0,7327.030000000001,0.37057060679770665,0.014312096029547553,637,64,122
PredSched_LLM,656,228.51166158536589,651.0,7327.030000000001,0.37057060679770665,0.0043859649122807015,352,64,122
FIFO,656,5431.478841463415,12371.76,16219.01,0.23287309247759272,0.006860158311345646,0,64,123
QSSF_proxy,656,419.3520731707317,5292.2575,7288.0,0.5182451997290067,0.003430079155672823,319,64,123
RF_SRPT_proxy,656,419.3520731707317,5292.2575,7288.0,0.5182451997290067,0.003430079155672823,304,64,123
Backfill_FIFO,656,420.5898780487805,5294.01,7341.01,0.5145029111287139,0.020316622691292877,459,64,123
Wind_proxy,656,420.5898780487805,5294.01,7341.01,0.5145029111287139,0.014511873350923483,459,64,123
PredSched_LLM,656,419.3520731707317,5292.2575,7288.0,0.5182451997290067,0.0036939313984168864,304,64,123
FIFO,656,6517.352865853659,14738.050000000003,23059.050000000003,0.20869566904046358,0.006791520889071825,0,64,124
QSSF_proxy,656,678.4922408536586,5331.567500000001,10149.03,0.4741658924239558,0.017904918707552994,371,64,124
RF_SRPT_proxy,656,678.4922408536586,5331.567500000001,10149.03,0.4741658924239558,0.017904918707552994,367,64,124
Backfill_FIFO,656,643.3616615853657,5310.0,10139.03,0.4746335563843387,0.0030870549495781024,639,64,124
Wind_proxy,656,643.3906402439023,5310.0,10139.03,0.4746335563843387,0.0030870549495781024,639,64,124
PredSched_LLM,656,678.4922408536586,5331.567500000001,10149.03,0.4741658924239558,0.017904918707552994,367,64,124
FIFO,656,3605.648384146342,9146.2675,17727.010000000002,0.3401221552679357,0.007845060063741112,0,64,125
QSSF_proxy,656,750.8134908536585,9355.2575,10981.0,0.5490710179087743,0.0014709487619514587,360,64,125
RF_SRPT_proxy,656,750.8134908536585,9355.2575,10981.0,0.5490710179087743,0.0014709487619514587,354,64,125
Backfill_FIFO,656,741.9156250000001,9500.2575,11151.0,0.5407002822756928,0.0014709487619514587,574,64,125
Wind_proxy,656,741.9811737804879,9500.2575,11151.0,0.5407002822756928,0.001225790634959549,574,64,125
PredSched_LLM,656,750.8134908536585,9355.2575,10981.0,0.5490710179087743,0.000980632507967639,354,64,125
FIFO,656,1554.494375,3604.0200000000004,12056.02,0.2199974803822074,0.00644216691068814,0,64,126
QSSF_proxy,656,217.05768292682927,851.25,11168.0,0.23749051069461857,0.0029282576866764276,325,64,126
RF_SRPT_proxy,656,217.05768292682927,851.25,11168.0,0.23749051069461857,0.0029282576866764276,317,64,126
Backfill_FIFO,656,212.61867378048782,851.25,11168.0,0.23749051069461857,0.020497803806734993,558,64,126
Wind_proxy,656,212.61867378048782,851.25,11168.0,0.23749051069461857,0.02020497803806735,558,64,126
PredSched_LLM,656,217.05768292682927,851.25,11168.0,0.23749051069461857,0.00322108345534407,317,64,126
FIFO,656,4579.195594512196,11646.02,19579.02,0.2529713406237901,0.002553626149131767,0,64,127
QSSF_proxy,656,611.6280335365855,8069.290000000001,9685.0,0.5114022651006715,0.0022982635342185904,357,64,127
RF_SRPT_proxy,656,611.6280335365855,8069.290000000001,9685.0,0.5114022651006715,0.0022982635342185904,346,64,127
Backfill_FIFO,656,610.541006097561,8086.01,9704.03,0.5103993843279547,0.0022982635342185904,615,64,127
Wind_proxy,656,610.541006097561,8086.01,9704.03,0.5103993843279547,0.0022982635342185904,615,64,127
PredSched_LLM,656,611.6341310975611,8069.290000000001,9685.0,0.5114022651006715,0.0022982635342185904,346,64,127
FIFO,656,5896.849542682928,13729.532500000001,21691.03,0.31757806214999923,0.011290736463946625,0,64,128
QSSF_proxy,656,800.2117987804879,9432.53,11655.0,0.5910420655030031,0.007698229407236336,277,64,128
RF_SRPT_proxy,656,800.2163719512196,9432.53,11655.0,0.5910420655030031,0.007698229407236336,277,64,128
Backfill_FIFO,656,799.762256097561,9261.51,11533.060000000001,0.5972912022860802,0.022068257634077496,434,64,128
Wind_proxy,656,799.7210975609756,9261.51,11533.060000000001,0.5972912022860802,0.018475750577367205,434,64,128
PredSched_LLM,656,800.803262195122,9439.53,11662.0,0.5906872983568427,0.011034128817038748,277,64,128
FIFO,656,5020.9983079268295,11012.782500000001,19459.03,0.35629433674237626,0.003747072599531616,0,64,129
QSSF_proxy,656,831.9305030487807,9495.26,11103.0,0.6244386370800686,0.002810304449648712,279,64,129
RF_SRPT_proxy,656,831.9305030487807,9495.26,11103.0,0.6244386370800686,0.002810304449648712,275,64,129
Backfill_FIFO,656,815.0490091463416,9580.75,11223.060000000001,0.6177586315585946,0.01686182669789227,439,64,129
Wind_proxy,656,815.0627286585368,9580.75,11223.060000000001,0.6177586315585946,0.016627634660421546,439,64,129
PredSched_LLM,656,831.9320274390246,9495.26,11103.0,0.6244386370800686,0.002810304449648712,275,64,129
FIFO,656,948.2313719512196,2508.8125000000005,6736.04,0.2181052174200272,0.006948018528049408,0,64,130
QSSF_proxy,656,150.84275914634145,972.2574999999999,5657.0,0.25970752496906496,0.0028306742151312406,320,64,130
RF_SRPT_proxy,656,150.84275914634145,972.2574999999999,5657.0,0.25970752496906496,0.0028306742151312406,309,64,130
Backfill_FIFO,656,150.49513719512194,972.25,5657.0,0.25970752496906496,0.0028306742151312406,589,64,130
Wind_proxy,656,150.51190548780488,972.25,5657.0,0.25970752496906496,0.0033453422542460112,589,64,130
PredSched_LLM,656,150.84275914634145,972.2574999999999,5657.0,0.25970752496906496,0.003088008234688626,309,64,130
FIFO,656,556.9291463414635,1488.0100000000002,10115.0,0.3177059151785714,0.004603580562659846,0,64,131
QSSF_proxy,656,241.3927134146342,890.0,10139.01,0.31695356174135836,0.00690537084398977,333,64,131
RF_SRPT_proxy,656,241.3927134146342,890.0,10139.01,0.31695356174135836,0.00690537084398977,326,64,131
Backfill_FIFO,656,241.31952743902437,890.0,10139.01,0.31695356174135836,0.00690537084398977,623,64,131
Wind_proxy,656,241.29972560975608,890.0,10139.01,0.31695356174135836,0.006138107416879796,623,64,131
PredSched_LLM,656,241.3927134146342,890.0,10139.01,0.31695356174135836,0.006649616368286445,326,64,131
FIFO,656,4291.404634146342,11370.2775,19897.02,0.3150652818785803,0.007144679765246236,0,64,132
QSSF_proxy,656,677.3256250000001,7072.7525000000005,10309.0,0.6080958594280483,0.003317172748150038,330,64,132
RF_SRPT_proxy,656,677.3256250000001,7072.7525000000005,10309.0,0.6080958594280483,0.003317172748150038,320,64,132
Backfill_FIFO,656,674.7862347560977,7219.790000000001,10699.04,0.585927355617303,0.018882367951007912,483,64,132
Wind_proxy,656,674.7740396341464,7219.790000000001,10699.04,0.585927355617303,0.018882367951007912,483,64,132
PredSched_LLM,656,677.8698323170732,7134.2525000000005,10391.0,0.6032971046909585,0.0051033426894615975,320,64,132
FIFO,656,2597.146676829268,7562.779999999999,16171.029999999999,0.3346076008010157,0.005219985085756898,0,64,133
QSSF_proxy,656,561.2912500000001,6363.5,10758.01,0.5029693735905852,0.002485707183693761,343,64,133
RF_SRPT_proxy,656,561.2912500000001,6363.5,10758.01,0.5029693735905852,0.002485707183693761,336,64,133
Backfill_FIFO,656,559.4225914634147,6363.5,10775.02,0.5021753603038557,0.002485707183693761,568,64,133
Wind_proxy,656,559.0033841463415,6363.5,10775.02,0.5021753603038557,0.002485707183693761,568,64,133
PredSched_LLM,656,561.2912500000001,6363.5,10758.01,0.5029693735905852,0.002485707183693761,336,64,133
FIFO,656,3935.7140396341474,10794.02,18805.03,0.24654321210867522,0.002876569037656904,0,64,134
QSSF_proxy,656,538.3516463414635,5468.0,10068.0,0.46049389153754483,0.002615062761506276,233,64,134
RF_SRPT_proxy,656,538.3516463414635,5468.0,10068.0,0.46049389153754483,0.002615062761506276,224,64,134
Backfill_FIFO,656,537.6182621951219,5468.0,10125.0,0.4579014814814815,0.002615062761506276,370,64,134
Wind_proxy,656,537.6182621951219,5468.0,10125.0,0.4579014814814815,0.010983263598326359,370,64,134
PredSched_LLM,656,538.3562195121953,5468.0,10068.0,0.46049389153754483,0.008106694560669456,224,64,134
FIFO,656,3527.98955792683,6722.040000000001,14937.02,0.17407412009097198,0.019036144578313253,0,64,135
QSSF_proxy,656,498.82905487804874,4615.265,10151.01,0.25614678867238333,0.0036144578313253013,350,64,135
RF_SRPT_proxy,656,498.82905487804874,4615.265,10151.01,0.25614678867238333,0.0036144578313253013,346,64,135
Backfill_FIFO,656,499.07599085365865,4616.5175,10151.01,0.25614678867238333,0.0036144578313253013,644,64,135
Wind_proxy,656,499.07599085365865,4616.5175,10151.01,0.25614678867238333,0.0036144578313253013,644,64,135
PredSched_LLM,656,498.83057926829264,4615.265,10151.01,0.25614678867238333,0.0038554216867469878,346,64,135
FIFO,656,1925.6641158536588,4059.2700000000004,11871.04,0.40025688303215223,0.00215916101172116,0,64,136
QSSF_proxy,656,512.336524390244,3977.0,10192.01,0.4661951341050491,0.0027760641579272056,319,64,136
RF_SRPT_proxy,656,512.336524390244,3977.0,10192.01,0.4661951341050491,0.0027760641579272056,313,64,136
Backfill_FIFO,656,512.7743140243902,3977.0,10192.02,0.4661946766931383,0.0027760641579272056,564,64,136
Wind_proxy,656,512.7743140243902,3977.0,10192.02,0.4661946766931383,0.0024676125848241827,564,64,136
PredSched_LLM,656,512.336524390244,3977.0,10192.01,0.4661951341050491,0.00215916101172116,313,64,136
FIFO,656,4465.553353658536,10897.03,19348.03,0.4040880712403278,0.0028909329829172143,0,64,137
QSSF_proxy,656,1029.903993902439,10590.25,12616.0,0.6197137068008881,0.004730617608409987,347,64,137
RF_SRPT_proxy,656,1029.903993902439,10590.25,12616.0,0.6197137068008881,0.004730617608409987,339,64,137
Backfill_FIFO,656,1016.9080487804879,9919.51,11981.01,0.6525583506732737,0.0023653088042049934,648,64,137
Wind_proxy,656,1015.7690548780489,9919.51,11981.01,0.652558350673274,0.004730617608409987,648,64,137
PredSched_LLM,656,1029.9070426829269,10590.25,12616.0,0.6197137068008881,0.004730617608409987,339,64,137
FIFO,656,1534.1327134146345,2988.090000000001,8542.09,0.24833996413275322,0.003198537811286269,0,64,138
QSSF_proxy,656,289.53243902439027,1441.0075,5657.0,0.37499422383219916,0.01644962302947224,342,64,138
RF_SRPT_proxy,656,289.53243902439027,1441.0075,5657.0,0.37499422383219916,0.01644962302947224,335,64,138
Backfill_FIFO,656,270.2116463414634,1403.7625,5657.0,0.37499422383219905,0.0027416038382453737,627,64,138
Wind_proxy,656,270.2116463414634,1403.7625,5657.0,0.37499422383219905,0.0038839387708476127,627,64,138
PredSched_LLM,656,289.53243902439027,1441.0075,5657.0,0.37499422383219916,0.015764222069910898,335,64,138
FIFO,656,4295.670259146342,7802.030000000001,16300.03,0.2905519192295966,0.002995293110825845,0,64,139
QSSF_proxy,656,846.7341768292684,8152.25,10119.01,0.4680304693838627,0.0012836970474967907,353,64,139
RF_SRPT_proxy,656,846.7341768292684,8152.25,10119.01,0.4680304693838627,0.0012836970474967907,346,64,139
Backfill_FIFO,656,846.015518292683,8148.77,10155.01,0.4663712788072095,0.0012836970474967907,604,64,139
Wind_proxy,656,846.015518292683,8148.77,10155.01,0.4663712788072095,0.0012836970474967907,604,64,139
PredSched_LLM,656,846.429298780488,8152.25,10119.01,0.4680304693838627,0.0019255455712451862,346,64,139
FIFO,656,3535.779329268293,9461.337500000001,17431.050000000003,0.3501054489510098,0.006317917614354309,0,64,140
QSSF_proxy,656,817.5256707317075,9888.7575,11520.01,0.5297482889283519,0.002274450341167551,341,64,140
RF_SRPT_proxy,656,817.5256707317075,9888.7575,11520.01,0.5297482889283519,0.002274450341167551,331,64,140
Backfill_FIFO,656,768.7259756097561,9426.045000000002,11065.03,0.551530866697831,0.0025271670457417236,586,64,140
Wind_proxy,656,768.3814176829268,9426.045000000002,11065.03,0.551530866697831,0.00530705079605762,586,64,140
PredSched_LLM,656,817.6567682926831,9890.7575,11522.01,0.5296563347833844,0.00429618397776093,331,64,140
FIFO,656,4976.60643292683,9302.27,17245.03,0.37028449736677765,0.005342624854819977,0,64,141
QSSF_proxy,656,901.7586128048782,9672.78,11281.060000000001,0.5660431967940072,0.03112659698025552,390,64,141
RF_SRPT_proxy,656,901.7586128048782,9672.78,11281.060000000001,0.5660431967940072,0.03112659698025552,380,64,141
Backfill_FIFO,656,885.130304878049,9591.0475,11224.050000000001,0.5689182840084462,0.030662020905923345,586,64,141
Wind_proxy,656,952.099786585366,9591.0475,11224.050000000001,0.5689182840084462,0.030894308943089432,586,64,141
PredSched_LLM,656,901.7586128048782,9672.78,11281.060000000001,0.5660431967940072,0.03159117305458769,380,64,141
FIFO,656,4581.371753048781,11747.02,20189.02,0.2966939135960413,0.006940427993059572,0,64,142
QSSF_proxy,656,527.8470274390244,4044.5,10332.0,0.5797482922443622,0.0026026604973973396,359,64,142
RF_SRPT_proxy,656,527.8470274390244,4044.5,10332.0,0.5797482922443622,0.0026026604973973396,354,64,142
Backfill_FIFO,656,529.2465701219513,4044.5,10587.0,0.5657843917510863,0.0026026604973973396,601,64,142
Wind_proxy,656,529.3441310975611,4044.5,10587.0,0.5657843917510863,0.002891844997108155,601,64,142
PredSched_LLM,656,527.8576981707317,4044.5,10332.0,0.5797482922443622,0.002891844997108155,354,64,142
FIFO,656,5649.533262195122,12029.52,17664.02,0.306791965479121,0.015265621819662121,0,64,143
QSSF_proxy,656,635.1441006097562,5378.262500000001,7310.0,0.7413378131412452,0.0028495827396702628,379,64,143
RF_SRPT_proxy,656,635.1441006097562,5378.262500000001,7310.0,0.7413378131412452,0.0028495827396702628,366,64,143
Backfill_FIFO,656,614.7370579268293,5342.280000000001,7396.01,0.7327166153185978,0.025849786281294525,554,64,143
Wind_proxy,656,614.7370579268293,5342.280000000001,7396.01,0.7327166153185978,0.019132912680643193,554,64,143
PredSched_LLM,656,635.1441006097562,5378.262500000001,7310.0,0.7413378131412452,0.011398330958681051,366,64,143
FIFO,656,4881.352256097562,11726.800000000001,20083.050000000003,0.28005057436494957,0.0053475935828877,0,64,144
QSSF_proxy,656,838.6725,9597.28,11187.01,0.5027500366496499,0.0025575447570332483,354,64,144
RF_SRPT_proxy,656,838.6725,9597.28,11187.01,0.5027500366496499,0.0025575447570332483,342,64,144
Backfill_FIFO,656,813.2752134146342,9609.300000000001,11214.01,0.5015395641255895,0.0025575447570332483,587,64,144
Wind_proxy,656,813.2752134146342,9609.300000000001,11214.01,0.5015395641255895,0.005812601720530109,587,64,144
PredSched_LLM,656,838.6725,9597.28,11187.01,0.5027500366496499,0.0076726342710997444,342,64,144
FIFO,656,3714.9055182926836,7004.050000000001,11669.070000000002,0.23008859505299048,0.0028156811782542777,0,64,145
QSSF_proxy,656,437.1308993902439,4286.0,6205.0,0.43270264655519747,0.015161360190599956,356,64,145
RF_SRPT_proxy,656,437.1308993902439,4286.0,6205.0,0.43270264655519747,0.015161360190599956,343,64,145
Backfill_FIFO,656,427.5929268292683,4264.0075,6245.02,0.4299297555292057,0.015161360190599956,603,64,145
Wind_proxy,656,427.5929268292683,4264.0075,6245.02,0.4299297555292057,0.01711067792939138,603,64,145
PredSched_LLM,656,437.1308993902439,4286.0,6205.0,0.43270264655519747,0.014078405891271389,343,64,145
FIFO,656,5280.449771341465,12364.070000000002,20348.07,0.3226795837547493,0.0039603960396039604,0,64,146
QSSF_proxy,656,1024.3059603658537,11000.2975,12917.0,0.5083151473107149,0.03440594059405941,391,64,146
RF_SRPT_proxy,656,1024.3059603658537,11000.2975,12917.0,0.5083151473107149,0.03440594059405941,382,64,146
Backfill_FIFO,656,963.5043750000002,10730.830000000002,12758.02,0.5146493545089681,0.019801980198019802,548,64,146
Wind_proxy,656,963.5043750000002,10730.830000000002,12758.02,0.5146493545089681,0.026237623762376237,548,64,146
PredSched_LLM,656,1024.8012957317076,11000.2975,12917.0,0.5083151473107149,0.03242574257425743,382,64,146
FIFO,656,4145.078429878049,8318.050000000001,16238.050000000001,0.20894116293405,0.0047834174860483655,0,64,147
QSSF_proxy,656,537.352149390244,4754.0,9119.0,0.37205801631552243,0.0013287270794578793,329,64,147
RF_SRPT_proxy,656,537.352149390244,4754.0,9119.0,0.37205801631552243,0.0013287270794578793,317,64,147
Backfill_FIFO,656,537.9035518292684,4754.0,9116.01,0.3721800492519479,0.0013287270794578793,567,64,147
Wind_proxy,656,538.3380030487806,4754.0,9116.01,0.3721800492519479,0.006377889981397821,567,64,147
PredSched_LLM,656,537.352149390244,4754.0,9119.0,0.37205801631552243,0.0013287270794578793,317,64,147
FIFO,656,4881.835655487806,11330.54,19997.04,0.26533576871720765,0.0071156289707750954,0,64,148
QSSF_proxy,656,780.2627439024391,9724.545000000002,11744.0,0.4517992149581703,0.0030495552731893264,330,64,148
RF_SRPT_proxy,656,780.2627439024391,9724.545000000002,11744.0,0.4517992149581703,0.0030495552731893264,323,64,148
Backfill_FIFO,656,771.8809146341464,9760.53,11809.01,0.44931200671933985,0.01829733163913596,614,64,148
Wind_proxy,656,744.7651524390245,9152.53,11237.01,0.4721834349590106,0.01855146124523507,643,64,148
PredSched_LLM,656,780.2627439024391,9724.545000000002,11744.0,0.4517992149581703,0.008132147395171537,323,64,148
FIFO,656,5534.395823170733,11864.050000000001,20407.04,0.40994905281461697,0.006779661016949152,0,64,149
QSSF_proxy,656,1196.558963414634,10664.765,12675.01,0.6600268338052595,0.003389830508474576,349,64,149
RF_SRPT_proxy,656,1196.558963414634,10664.765,12675.01,0.6600268338052595,0.003389830508474576,340,64,149
Backfill_FIFO,656,1456.0609603658536,11586.2525,13662.04,0.6123424260761935,0.0031638418079096044,607,64,149
Wind_proxy,656,1456.0609603658536,11586.2525,13662.04,0.6123424260761935,0.0031638418079096044,607,64,149
PredSched_LLM,656,1196.558963414634,10664.765,12675.01,0.6600268338052595,0.008361581920903955,340,64,149
FIFO,656,4896.34931402439,8487.28,16474.03,0.2208745003214909,0.007361398665746492,0,64,150
QSSF_proxy,656,762.7062500000001,8080.02,10099.0,0.3603023214705664,0.003450655624568668,332,64,150
RF_SRPT_proxy,656,762.7062500000001,8080.02,10099.0,0.3603023214705664,0.003450655624568668,324,64,150
Backfill_FIFO,656,759.872012195122,8104.772500000001,10157.01,0.3582445172871988,0.003450655624568668,495,64,150
Wind_proxy,656,759.872012195122,8104.772500000001,10157.01,0.3582445172871988,0.00759144237405107,495,64,150
PredSched_LLM,656,762.7062500000001,8080.02,10099.0,0.3603023214705664,0.006671267540832759,324,64,150
FIFO,656,2887.9777134146343,8276.7875,16800.03,0.21669002646498253,0.005737508964857758,0,64,151
QSSF_proxy,656,498.17856707317077,5270.522500000001,10143.0,0.35890751703761214,0.002629691608893139,350,64,151
RF_SRPT_proxy,656,498.17856707317077,5270.522500000001,10143.0,0.35890751703761214,0.002629691608893139,337,64,151
Backfill_FIFO,656,499.0333841463415,5282.7525000000005,10143.0,0.3589075170376122,0.002868754482428879,594,64,151
Wind_proxy,656,499.0272865853659,5282.7525000000005,10143.0,0.3589075170376122,0.002868754482428879,594,64,151
PredSched_LLM,656,498.17551829268297,5270.522500000001,10143.0,0.35890751703761214,0.002868754482428879,337,64,151
FIFO,656,5339.594984756099,11448.04,17055.04,0.31757127745486086,0.001796541657309679,0,64,152
QSSF_proxy,656,696.8282012195122,5670.01,7679.0,0.705325021466826,0.01661801033011453,352,64,152
RF_SRPT_proxy,656,696.8282012195122,5670.01,7679.0,0.705325021466826,0.01661801033011453,346,64,152
Backfill_FIFO,656,634.1779573170733,5730.515,7759.01,0.6980517926699095,0.0033685156074556477,516,64,152
Wind_proxy,656,634.1779573170733,5730.515,7759.01,0.6980517926699095,0.008758140579384684,516,64,152
PredSched_LLM,656,696.8434451219512,5670.01,7679.0,0.705325021466826,0.019986525937570176,346,64,152
FIFO,656,2575.4905030487807,5103.02,13584.03,0.28986841389990664,0.018066635382449556,0,64,153
QSSF_proxy,656,472.60221036585375,4640.0375,10122.0,0.38901217451775844,0.017832003754106054,379,64,153
RF_SRPT_proxy,656,472.60221036585375,4640.0375,10122.0,0.38901217451775844,0.017832003754106054,358,64,153
Backfill_FIFO,656,473.02414634146345,4634.51,10122.0,0.38901217451775844,0.018535898639136555,645,64,153
Wind_proxy,656,473.02414634146345,4634.51,10122.0,0.38901217451775844,0.018535898639136555,645,64,153
PredSched_LLM,656,472.60221036585375,4640.0375,10122.0,0.38901217451775844,0.017597372125762553,358,64,153
FIFO,656,4874.186935975611,10697.827500000001,19099.07,0.28669905458747463,0.0026226068712300026,0,64,154
QSSF_proxy,656,684.900868902439,9131.0275,10253.01,0.5340563710071482,0.01835824809861002,360,64,154
RF_SRPT_proxy,656,684.900868902439,9131.0275,10253.01,0.5340563710071482,0.01835824809861002,352,64,154
Backfill_FIFO,656,686.1828506097562,9135.772500000001,10253.01,0.5340563710071481,0.0026226068712300026,619,64,154
Wind_proxy,656,686.6157774390244,9135.772500000001,10253.01,0.5340563710071481,0.0026226068712300026,619,64,154
PredSched_LLM,656,684.900868902439,9131.0275,10253.01,0.5340563710071482,0.01835824809861002,352,64,154
FIFO,656,865.2164481707315,2994.5299999999997,11440.029999999999,0.2473010529556085,0.007404181184668989,0,64,155
QSSF_proxy,656,307.44030487804883,827.0,11186.02,0.2529167179071511,0.0021777003484320556,356,64,155
RF_SRPT_proxy,656,307.44030487804883,827.0,11186.02,0.2529167179071511,0.0021777003484320556,344,64,155
Backfill_FIFO,656,293.5851829268293,827.0,11186.02,0.2529167179071511,0.0021777003484320556,641,64,155
Wind_proxy,656,293.6263414634147,827.0,11186.02,0.2529167179071511,0.001524390243902439,641,64,155
PredSched_LLM,656,307.412881097561,827.0,11186.02,0.2529167179071511,0.001524390243902439,344,64,155
FIFO,656,4238.608628048782,8208.5375,16568.050000000003,0.2508619646982445,0.0039890301670406384,0,64,156
QSSF_proxy,656,637.9300762195122,7834.782500000001,10126.01,0.4104571864158489,0.01670406382448267,353,64,156
RF_SRPT_proxy,656,637.9300762195122,7834.782500000001,10126.01,0.4104571864158489,0.01670406382448267,346,64,156
Backfill_FIFO,656,638.0349695121952,7834.7675,10126.01,0.410457186415849,0.01670406382448267,610,64,156
Wind_proxy,656,638.0349695121952,7834.7675,10126.01,0.410457186415849,0.01670406382448267,610,64,156
PredSched_LLM,656,637.9300762195122,7834.782500000001,10126.01,0.4104571864158489,0.01670406382448267,346,64,156
FIFO,656,3324.9022256097564,9773.79,17714.04,0.24142177286526684,0.005226894749346638,0,64,157
QSSF_proxy,656,707.0796036585367,8265.515,10070.0,0.42468271513468203,0.044191019244476125,337,64,157
RF_SRPT_proxy,656,707.0796036585367,8265.515,10070.0,0.42468271513468203,0.044191019244476125,330,64,157
Backfill_FIFO,656,705.497637195122,8305.29,10132.01,0.4220835689469561,0.02993585174625802,559,64,157
Wind_proxy,656,705.497637195122,8305.29,10132.01,0.4220835689469561,0.024946543121881683,559,64,157
PredSched_LLM,656,707.0796036585367,8265.515,10070.0,0.42468271513468203,0.04038964124495129,330,64,157
FIFO,656,5681.804832317072,12338.53,16159.03,0.2641905200412709,0.004404073768235618,0,64,158
QSSF_proxy,656,420.88878048780487,5098.515,7310.0,0.5840030833190833,0.0035783099366914397,349,64,158
RF_SRPT_proxy,656,420.88878048780487,5098.515,7310.0,0.5840030833190833,0.0035783099366914397,345,64,158
Backfill_FIFO,656,418.22096036585367,5100.0075,7360.0,0.5800356710682744,0.0035783099366914397,537,64,158
Wind_proxy,656,418.22096036585367,5100.0075,7360.0,0.5800356710682744,0.006881365262868153,537,64,158
PredSched_LLM,656,420.88878048780487,5098.515,7310.0,0.5840030833190833,0.007431874483897605,345,64,158
FIFO,656,2106.3390701219514,4699.050000000001,12622.060000000001,0.19387903190426134,0.0030512611879576893,0,64,159
QSSF_proxy,656,803.0951524390243,8535.2875,10114.01,0.24195672868006848,0.0024410089503661514,373,64,159
RF_SRPT_proxy,656,803.0951524390243,8535.2875,10114.01,0.24195672868006848,0.0024410089503661514,364,64,159
Backfill_FIFO,656,753.4780640243903,8150.27,10166.050000000001,0.24071815242276987,0.0024410089503661514,557,64,159
Wind_proxy,656,753.4780640243903,8150.27,10166.050000000001,0.24071815242276987,0.00854353132628153,557,64,159
PredSched_LLM,656,803.0951524390243,8535.2875,10114.01,0.24195672868006848,0.007729861676159479,364,64,159
FIFO,656,5352.776082317074,11247.050000000001,20154.04,0.30462249868698776,0.006457785218847166,0,64,160
QSSF_proxy,656,785.7938567073171,9159.0025,11197.0,0.548305262430785,0.0019134178426213825,358,64,160
RF_SRPT_proxy,656,785.7938567073171,9159.0025,11197.0,0.548305262430785,0.0019134178426213825,352,64,160
Backfill_FIFO,656,804.6094512195123,9440.2575,11509.02,0.5334402080661518,0.016503228892609422,604,64,160
Wind_proxy,656,804.6094512195123,9440.2575,11509.02,0.5334402080661518,0.016503228892609422,604,64,160
PredSched_LLM,656,785.7938567073171,9159.0025,11197.0,0.548305262430785,0.0019134178426213825,352,64,160
FIFO,656,3801.4912347560976,10004.02,18490.02,0.27347046753126814,0.004632012352032939,0,64,161
QSSF_proxy,656,677.6491006097561,8888.005000000001,11148.01,0.4535764153478965,0.002058672156459084,329,64,161
RF_SRPT_proxy,656,677.6491006097561,8888.005000000001,11148.01,0.4535764153478965,0.002058672156459084,320,64,161
Backfill_FIFO,656,674.0001524390244,8898.2675,11169.02,0.45272319452042364,0.0018013381369016985,558,64,161
Wind_proxy,656,674.0443597560976,8898.2675,11169.02,0.45272319452042364,0.003602676273803397,558,64,161
PredSched_LLM,656,677.650625,8888.005000000001,11148.01,0.4535764153478965,0.002058672156459084,320,64,161
FIFO,656,2764.3634908536583,8442.529999999999,17010.03,0.4296986939929706,0.0054879503698401335,0,64,162
QSSF_proxy,656,1056.7567378048782,11147.0025,13132.02,0.5565927919528946,0.0026246719160104987,360,64,162
RF_SRPT_proxy,656,1056.7567378048782,11147.0025,13132.02,0.5565927919528946,0.0026246719160104987,354,64,162
Backfill_FIFO,656,1058.5733993902438,11222.54,13250.04,0.5516351404057084,0.0164638511095204,577,64,162
Wind_proxy,656,1058.5733993902438,11222.54,13250.04,0.5516351404057084,0.0164638511095204,577,64,162
PredSched_LLM,656,1056.7521341463414,11147.0025,13132.02,0.5565927919528946,0.009305654974946313,354,64,162
FIFO,656,3953.112149390244,10214.28,15844.03,0.29236593890766743,0.004724409448818898,0,64,163
QSSF_proxy,656,475.92163109756103,5287.795000000001,7305.01,0.6341202417287933,0.01811023622047244,372,64,163
RF_SRPT_proxy,656,475.92163109756103,5287.795000000001,7305.01,0.6341202417287933,0.01811023622047244,359,64,163
Backfill_FIFO,656,461.2306554878049,5316.02,7365.02,0.6289534457518445,0.01811023622047244,589,64,163
Wind_proxy,656,461.3937652439024,5316.02,7365.02,0.6289534457518445,0.01784776902887139,589,64,163
PredSched_LLM,656,475.92163109756103,5287.795000000001,7305.01,0.6341202417287933,0.01968503937007874,359,64,163
FIFO,656,4353.966829268294,9698.54,17950.07,0.29311323716286347,0.0057832537088257484,0,64,164
QSSF_proxy,656,731.7102286585366,9276.7575,10718.03,0.49089274101677277,0.0037716872014080965,370,64,164
RF_SRPT_proxy,656,731.7102286585366,9276.7575,10718.03,0.49089274101677277,0.0037716872014080965,360,64,164
Backfill_FIFO,656,731.5942835365853,9274.0175,10718.03,0.4908927410167727,0.0037716872014080965,645,64,164
Wind_proxy,656,731.5744664634146,9274.0175,10718.03,0.4908927410167727,0.0037716872014080965,645,64,164
PredSched_LLM,656,731.7071798780488,9276.7575,10718.03,0.49089274101677277,0.0037716872014080965,360,64,164
FIFO,656,5703.041890243903,12751.060000000001,21175.06,0.18923596301940826,0.01826067107966218,0,64,165
QSSF_proxy,656,779.7637500000001,9173.755000000001,11159.04,0.3590884942695564,0.0018260671079662178,346,64,165
RF_SRPT_proxy,656,779.7637500000001,9173.755000000001,11159.04,0.3590884942695564,0.0018260671079662178,336,64,165
Backfill_FIFO,656,769.0466158536586,9166.300000000001,11216.04,0.357263603829315,0.0018260671079662178,543,64,165
Wind_proxy,656,769.0466158536586,9166.300000000001,11216.04,0.357263603829315,0.005249942935402876,543,64,165
PredSched_LLM,656,779.7637500000001,9173.755000000001,11159.04,0.3590884942695564,0.004793426158411321,336,64,165
FIFO,656,3624.548155487805,7577.76,13207.01,0.15789038861985039,0.0037182852143482063,0,64,166
QSSF_proxy,656,476.89474085365856,4229.7875,6194.01,0.33665750320168186,0.0013123359580052493,360,64,166
RF_SRPT_proxy,656,476.89474085365856,4229.7875,6194.01,0.33665750320168186,0.0013123359580052493,355,64,166
Backfill_FIFO,656,476.8899847560976,4225.265,6258.02,0.33321401040684595,0.0013123359580052493,598,64,166
Wind_proxy,656,476.8899847560976,4225.265,6258.02,0.33321401040684595,0.002405949256342957,598,64,166
PredSched_LLM,656,476.89474085365856,4229.7875,6194.01,0.33665750320168186,0.005686789151356081,355,64,166
FIFO,656,3689.127439024391,7061.030000000001,15086.04,0.18479090395822892,0.006233062330623307,0,64,167
QSSF_proxy,656,290.2958231707317,3150.0,10126.0,0.2753074233409046,0.01978319783197832,322,64,167
RF_SRPT_proxy,656,290.2958231707317,3150.0,10126.0,0.2753074233409046,0.01978319783197832,317,64,167
Backfill_FIFO,656,275.6721646341463,3150.0,10115.0,0.27560681846267915,0.0035230352303523035,431,64,167
Wind_proxy,656,275.6721646341463,3150.0,10115.0,0.27560681846267915,0.0040650406504065045,431,64,167
PredSched_LLM,656,290.2958231707317,3150.0,10126.0,0.2753074233409046,0.01978319783197832,317,64,167
FIFO,656,4163.709634146342,10760.03,14833.03,0.1900598355283782,0.006506364922206506,0,64,168
QSSF_proxy,656,372.0000000000001,4771.01,6896.0,0.4088113750271895,0.0033946251768033945,367,64,168
RF_SRPT_proxy,656,372.0000000000001,4771.01,6896.0,0.4088113750271895,0.0033946251768033945,361,64,168
Backfill_FIFO,656,360.12064024390247,4385.255,6908.02,0.40810004055974053,0.0033946251768033945,560,64,168
Wind_proxy,656,360.12064024390247,4385.255,6908.02,0.40810004055974053,0.0033946251768033945,560,64,168
PredSched_LLM,656,372.0000000000001,4771.01,6896.0,0.4088113750271895,0.0031117397454031117,361,64,168
FIFO,656,5889.412911585366,12804.02,21444.010000000002,0.37349356333219613,0.007088176920895945,0,64,169
QSSF_proxy,656,733.281661585366,7564.0,12039.0,0.6652711775920966,0.002835270768358378,353,64,169
RF_SRPT_proxy,656,733.281661585366,7564.0,12039.0,0.6652711775920966,0.002835270768358378,349,64,169
Backfill_FIFO,656,726.4186890243903,7381.75,11853.01,0.6757101957250732,0.002835270768358378,585,64,169
Wind_proxy,656,715.4704725609757,7279.25,11783.01,0.6797244258496979,0.00793875815140346,556,64,169
PredSched_LLM,656,733.2831859756099,7564.0,12039.0,0.6652711775920966,0.0062375956903884325,349,64,169
FIFO,656,4679.315899390244,9800.050000000001,15425.04,0.26693786506185724,0.004136029411764706,0,64,170
QSSF_proxy,656,527.8013414634146,5290.5,6389.060000000001,0.6444652650145323,0.017003676470588234,349,64,170
RF_SRPT_proxy,656,527.8013414634146,5290.5,6389.060000000001,0.6444652650145323,0.017003676470588234,342,64,170
Backfill_FIFO,656,529.2837195121951,5321.275000000001,6390.040000000001,0.6443664274548749,0.017003676470588234,584,64,170
Wind_proxy,656,529.2166463414634,5321.275000000001,6390.040000000001,0.6443664274548749,0.012867647058823529,584,64,170
PredSched_LLM,656,527.8013414634146,5290.5,6389.060000000001,0.6444652650145323,0.01608455882352941,342,64,170
FIFO,656,4170.576539634147,7810.0700000000015,15752.070000000002,0.2944599949800248,0.0025949516395376267,0,64,171
QSSF_proxy,656,733.2855640243903,8143.015,10102.01,0.45915163943858694,0.0025949516395376267,340,64,171
RF_SRPT_proxy,656,733.2855640243903,8143.015,10102.01,0.45915163943858694,0.0025949516395376267,333,64,171
Backfill_FIFO,656,726.4730335365855,8118.512500000001,10162.03,0.45643975201067105,0.003066761028544468,549,64,171
Wind_proxy,656,726.4776067073171,8118.512500000001,10162.03,0.45643975201067105,0.004718093890068413,549,64,171
PredSched_LLM,656,733.2886128048781,8143.015,10102.01,0.45915163943858694,0.004718093890068413,333,64,171
FIFO,656,5080.3087957317075,9426.58,17836.08,0.17179185896473612,0.018104604380867233,0,64,172
QSSF_proxy,656,827.951631097561,9637.0,11171.03,0.27428924099601826,0.0013410818059901655,354,64,172
RF_SRPT_proxy,656,827.951631097561,9637.0,11171.03,0.27428924099601826,0.0013410818059901655,346,64,172
Backfill_FIFO,656,816.3649847560977,9703.062500000002,11233.04,0.2727750760118142,0.0013410818059901655,559,64,172
Wind_proxy,656,816.3649847560977,9703.062500000002,11233.04,0.2727750760118142,0.006705409029950827,559,64,172
PredSched_LLM,656,827.951631097561,9637.0,11171.03,0.27428924099601826,0.005587840858292356,346,64,172
FIFO,656,968.8140243902444,2328.552500000001,10127.070000000002,0.2006270076142458,0.004154447702834799,0,64,173
QSSF_proxy,656,662.2292987804879,9108.26,10250.0,0.19822085365853662,0.01906158357771261,324,64,173
RF_SRPT_proxy,656,662.2292987804879,9108.26,10250.0,0.19822085365853662,0.01906158357771261,311,64,173
Backfill_FIFO,656,662.24,9121.26,10249.0,0.19824019416528443,0.01906158357771261,590,64,173
Wind_proxy,656,662.24,9121.26,10249.0,0.19824019416528443,0.01857282502443793,590,64,173
PredSched_LLM,656,662.2292987804879,9108.26,10250.0,0.19822085365853662,0.01735092864125122,311,64,173
FIFO,656,4196.237362804878,7709.050000000001,12869.060000000001,0.21492104749443633,0.00489624621123805,0,64,174
QSSF_proxy,656,422.1546951219513,4178.317500000001,6197.01,0.4463171522183683,0.0037304733038004195,362,64,174
RF_SRPT_proxy,656,422.1546951219513,4178.317500000001,6197.01,0.4463171522183683,0.0037304733038004195,360,64,174
Backfill_FIFO,656,421.80797256097566,4170.52,6219.01,0.4447382871982438,0.0037304733038004195,616,64,174
Wind_proxy,656,421.80797256097566,4170.52,6219.01,0.4447382871982438,0.0037304733038004195,616,64,174
PredSched_LLM,656,422.1546951219513,4178.317500000001,6197.01,0.4463171522183683,0.0037304733038004195,360,64,174
FIFO,656,3279.0562347560985,5477.77,13851.02,0.31413765720187037,0.0027662517289073307,0,64,175
QSSF_proxy,656,633.3842225609757,8984.022500000001,10747.0,0.4048689841496466,0.018533886583679115,296,64,175
RF_SRPT_proxy,656,633.3842225609757,8984.022500000001,10747.0,0.4048689841496466,0.018533886583679115,287,64,175
Backfill_FIFO,656,632.821768292683,8986.0,10773.01,0.4038914818287789,0.0019363762102351315,409,64,175
Wind_proxy,656,632.821768292683,8986.0,10773.01,0.4038914818287789,0.0035961272475795295,409,64,175
PredSched_LLM,656,633.3842225609757,8984.022500000001,10747.0,0.4048689841496466,0.014107883817427386,287,64,175
FIFO,656,2509.7621341463414,7348.052500000002,15872.050000000001,0.3121089627678843,0.005835667600373483,0,64,176
QSSF_proxy,656,715.1175152439025,9129.772500000001,10785.0,0.45932397426981925,0.0025676937441643324,327,64,176
RF_SRPT_proxy,656,715.1175152439025,9129.772500000001,10785.0,0.45932397426981925,0.0025676937441643324,319,64,176
Backfill_FIFO,656,715.3084451219513,9134.25,10802.0,0.45860109817626377,0.0028011204481792717,593,64,176
Wind_proxy,656,715.3084451219513,9134.25,10802.0,0.45860109817626377,0.0025676937441643324,593,64,176
PredSched_LLM,656,715.1175152439025,9129.772500000001,10785.0,0.45932397426981925,0.0025676937441643324,319,64,176
FIFO,656,3301.949664634147,6303.040000000001,11991.04,0.23797754504352842,0.002455795677799607,0,64,177
QSSF_proxy,656,325.0856554878049,3208.795000000001,5618.0,0.5079384588321023,0.0019646365422396855,336,64,177
RF_SRPT_proxy,656,325.0856554878049,3208.795000000001,5618.0,0.5079384588321023,0.0019646365422396855,332,64,177
Backfill_FIFO,656,324.72076219512195,3195.5125000000003,5618.0,0.5079384588321023,0.0019646365422396855,585,64,177
Wind_proxy,656,324.72076219512195,3195.5125000000003,5618.0,0.5079384588321023,0.001719056974459725,585,64,177
PredSched_LLM,656,325.0856554878049,3208.795000000001,5618.0,0.5079384588321023,0.004911591355599214,332,64,177
FIFO,656,5431.799298780487,12833.28,20854.03,0.29609570293487636,0.0037780401416765055,0,64,178
QSSF_proxy,656,668.6963109756099,7940.5,10114.01,0.6105183475075663,0.001652892561983471,345,64,178
RF_SRPT_proxy,656,668.6963109756099,7940.5,10114.01,0.6105183475075663,0.001652892561983471,340,64,178
Backfill_FIFO,656,666.6449542682927,7966.26,10170.02,0.6071560008608639,0.0021251475796930344,562,64,178
Wind_proxy,656,666.6449542682927,7966.26,10170.02,0.6071560008608639,0.0059031877213695395,562,64,178
PredSched_LLM,656,668.6963109756099,7940.5,10114.01,0.6105183475075663,0.0035419126328217238,340,64,178
FIFO,656,2537.9065548780495,5089.0700000000015,10200.060000000001,0.2575546966758038,0.01603592046183451,0,64,179
QSSF_proxy,656,416.2773323170733,3782.040000000001,5657.0,0.46439338154056947,0.0023519350010690614,340,64,179
RF_SRPT_proxy,656,416.2773323170733,3782.040000000001,5657.0,0.46439338154056947,0.0023519350010690614,329,64,179
Backfill_FIFO,656,416.2283993902439,3779.01,5657.0,0.4643933815405697,0.0025657472738935213,625,64,179
Wind_proxy,656,416.2283993902439,3779.01,5657.0,0.4643933815405697,0.005772931366260423,625,64,179
PredSched_LLM,656,416.2773323170733,3782.040000000001,5657.0,0.46439338154056947,0.0074834295488561044,329,64,179
FIFO,656,587.6924542682927,1420.54,10198.0,0.5262731701375271,0.0034936844934157483,0,64,180
QSSF_proxy,656,657.2908384146342,8972.52,10183.03,0.5270468405830586,0.0032249395323837677,309,64,180
RF_SRPT_proxy,656,657.2908384146342,8972.52,10183.03,0.5270468405830586,0.0032249395323837677,302,64,180
Backfill_FIFO,656,657.6295884146342,8986.52,10187.01,0.5268409267353719,0.0032249395323837677,557,64,180
Wind_proxy,656,657.6295884146342,8986.52,10187.01,0.5268409267353719,0.002956194571351787,557,64,180
PredSched_LLM,656,657.2908384146342,8972.52,10183.03,0.5270468405830586,0.0032249395323837677,302,64,180
FIFO,656,2876.305731707317,7743.030000000001,15754.03,0.4742259264871433,0.003915426781519186,0,64,181
QSSF_proxy,656,873.999893292683,11492.28,13567.01,0.5506717745956,0.006264682850430697,358,64,181
RF_SRPT_proxy,656,873.999893292683,11492.28,13567.01,0.5506717745956,0.006264682850430697,340,64,181
Backfill_FIFO,656,830.3962957317075,10724.51,12980.03,0.5755741298484095,0.004959540589924301,582,64,181
Wind_proxy,656,825.010625,10847.51,13103.03,0.5701711339023303,0.008613938919342208,582,64,181
PredSched_LLM,656,873.999893292683,11492.28,13567.01,0.5506717745956,0.010180109631949883,340,64,181
FIFO,656,3679.3241615853663,6113.522500000001,14617.03,0.1618475603136376,0.005844009889862891,0,64,182
QSSF_proxy,656,439.32506097560986,4202.810000000001,10140.0,0.23330676967763808,0.02922004944931445,377,64,182
RF_SRPT_proxy,656,439.32506097560986,4202.810000000001,10140.0,0.23330676967763808,0.02922004944931445,364,64,182
Backfill_FIFO,656,408.9805945121951,4186.0,10136.0,0.23339884022605073,0.015509103169251517,591,64,182
Wind_proxy,656,408.9805945121951,4186.0,10136.0,0.23339884022605073,0.015284333558102945,591,64,182
PredSched_LLM,656,439.32506097560986,4202.810000000001,10140.0,0.23330676967763808,0.029444819060463024,364,64,182
FIFO,656,1635.8840396341466,3895.0200000000004,12266.02,0.17427654686483474,0.004694835680751174,0,64,183
QSSF_proxy,656,441.84118902439025,4627.0075,10150.0,0.21060882850985221,0.002223869532987398,368,64,183
RF_SRPT_proxy,656,441.84118902439025,4627.0075,10150.0,0.21060882850985221,0.002223869532987398,352,64,183
Backfill_FIFO,656,364.66579268292685,4361.5,10125.0,0.21112885030864198,0.01704966641957005,548,64,183
Wind_proxy,656,364.66579268292685,4361.5,10125.0,0.21112885030864198,0.01704966641957005,548,64,183
PredSched_LLM,656,441.84118902439025,4627.0075,10150.0,0.21060882850985221,0.001235483073881888,352,64,183
FIFO,656,2262.504817073171,3996.5200000000004,11948.03,0.31123293377129957,0.004390495867768595,0,64,184
QSSF_proxy,656,591.0541006097561,8058.505,10198.01,0.3646417712561078,0.0018078512396694215,346,64,184
RF_SRPT_proxy,656,591.0541006097561,8058.505,10198.01,0.3646417712561078,0.0018078512396694215,336,64,184
Backfill_FIFO,656,591.185975609756,8061.765,10198.01,0.3646417712561078,0.0018078512396694215,599,64,184
Wind_proxy,656,591.185975609756,8061.765,10198.01,0.3646417712561078,0.0018078512396694215,599,64,184
PredSched_LLM,656,591.0541006097561,8058.505,10198.01,0.3646417712561078,0.002840909090909091,336,64,184
FIFO,656,5331.657515243903,12222.300000000001,20716.050000000003,0.33799336180461526,0.005573905862923204,0,64,185
QSSF_proxy,656,989.7636128048781,9556.282500000001,11944.01,0.5862258473337263,0.003509496284062758,381,64,185
RF_SRPT_proxy,656,989.7636128048781,9556.282500000001,11944.01,0.5862258473337263,0.003509496284062758,378,64,185
Backfill_FIFO,656,970.8082164634147,9570.2625,11621.03,0.6025186565057056,0.003096614368290669,630,64,185
Wind_proxy,656,970.8112652439025,9570.2625,11621.03,0.6025186565057056,0.002890173410404624,630,64,185
PredSched_LLM,656,989.7681859756099,9556.282500000001,11944.01,0.5862258473337263,0.003509496284062758,378,64,185
FIFO,656,2251.24080792683,5740.29,14324.04,0.2849345987475426,0.0038422131147540983,0,64,186
QSSF_proxy,656,591.0349542682927,7881.76,10158.02,0.4017923364832664,0.0015368852459016393,335,64,186
RF_SRPT_proxy,656,591.0349542682927,7881.76,10158.02,0.4017923364832664,0.0015368852459016393,330,64,186
Backfill_FIFO,656,560.1749390243903,6875.2525000000005,10157.02,0.40183189457574664,0.0015368852459016393,608,64,186
Wind_proxy,656,560.1749390243903,6875.2525000000005,10157.02,0.40183189457574664,0.0015368852459016393,608,64,186
PredSched_LLM,656,591.0349542682927,7881.76,10158.02,0.4017923364832664,0.0015368852459016393,330,64,186
FIFO,656,4973.845960365855,11493.82,15783.07,0.22554942500294622,0.0074142724745134385,0,64,187
QSSF_proxy,656,512.4364481707318,5302.532500000001,7321.040000000001,0.48625091015501215,0.0027803521779425394,323,64,187
RF_SRPT_proxy,656,512.4364481707318,5302.532500000001,7321.040000000001,0.48625091015501215,0.0027803521779425394,316,64,187
Backfill_FIFO,656,502.2357317073172,5329.562500000002,7377.040000000001,0.48255972087466653,0.016682113067655237,561,64,187
Wind_proxy,656,502.2296341463416,5329.562500000002,7377.040000000001,0.48255972087466653,0.01830398517145505,561,64,187
PredSched_LLM,656,512.4303506097561,5302.532500000001,7321.040000000001,0.48625091015501215,0.0074142724745134385,316,64,187
FIFO,656,5285.124131097562,12059.022500000001,20132.02,0.34377475262355683,0.007370423204945316,0,64,188
QSSF_proxy,656,861.1565243902439,10593.015,12617.0,0.5485361175645956,0.0021398002853067048,342,64,188
RF_SRPT_proxy,656,861.1565243902439,10593.015,12617.0,0.5485361175645956,0.0021398002853067048,333,64,188
Backfill_FIFO,656,797.5138871951219,9403.522500000001,11459.01,0.6039684226920564,0.017356157869709937,533,64,188
Wind_proxy,656,797.5138871951219,9403.522500000001,11459.01,0.6039684226920564,0.017356157869709937,533,64,188
PredSched_LLM,656,861.1382317073171,10593.015,12617.0,0.5485361175645956,0.016405135520684736,333,64,188
FIFO,656,3692.452545731708,7095.01,15609.01,0.25744860635580025,0.022075615326059377,0,64,189
QSSF_proxy,656,615.5785365853659,8110.790000000001,10210.0,0.39358647121388346,0.018269474752600864,371,64,189
RF_SRPT_proxy,656,615.5785365853659,8110.790000000001,10210.0,0.39358647121388346,0.018269474752600864,357,64,189
Backfill_FIFO,656,614.0104878048779,8075.022500000001,10210.0,0.3935864712138834,0.018269474752600864,612,64,189
Wind_proxy,656,614.0104878048779,8075.022500000001,10210.0,0.3935864712138834,0.017761989342806393,612,64,189
PredSched_LLM,656,615.5785365853659,8110.790000000001,10210.0,0.39358647121388346,0.018269474752600864,357,64,189
FIFO,656,3884.414024390245,7270.790000000001,15297.04,0.2401779340868397,0.004206098843322818,0,64,190
QSSF_proxy,656,792.7175000000001,8137.050000000001,10095.01,0.36394332099163335,0.0016824395373291271,348,64,190
RF_SRPT_proxy,656,792.7175000000001,8137.050000000001,10095.01,0.36394332099163335,0.0016824395373291271,344,64,190
Backfill_FIFO,656,784.0817073170732,8120.782500000001,10148.01,0.3620425546332481,0.0016824395373291271,572,64,190
Wind_proxy,656,784.1243902439024,8120.782500000001,10148.01,0.3620425546332481,0.00967402733964248,572,64,190
PredSched_LLM,656,792.7175000000001,8137.050000000001,10095.01,0.36394332099163335,0.011356466876971609,344,64,190
FIFO,656,2753.227804878049,6493.290000000001,14844.04,0.3005301483267864,0.003088462386940216,0,64,191
QSSF_proxy,656,881.913018292683,9637.0025,11779.0,0.37873177204930414,0.0026472534745201853,357,64,191
RF_SRPT_proxy,656,881.913018292683,9637.0025,11779.0,0.37873177204930414,0.0026472534745201853,344,64,191
Backfill_FIFO,656,830.4071493902438,9153.51,11820.02,0.3774174276328424,0.0026472534745201853,519,64,191
Wind_proxy,656,830.4071493902438,9153.51,11820.02,0.3774174276328424,0.005735715861460402,519,64,191
PredSched_LLM,656,881.913018292683,9637.0025,11779.0,0.37873177204930414,0.004412089124200309,344,64,191
FIFO,656,1931.999420731708,5853.52,14338.03,0.3049489005375912,0.0031031807602792862,0,64,192
QSSF_proxy,656,257.4235670731707,651.0,10746.01,0.4068827857386137,0.0018101887768295836,362,64,192
RF_SRPT_proxy,656,257.4235670731707,651.0,10746.01,0.4068827857386137,0.0018101887768295836,347,64,192
Backfill_FIFO,656,241.0258231707317,645.75,10741.01,0.40707219194237787,0.0018101887768295836,608,64,192
Wind_proxy,656,241.0258231707317,645.75,10741.01,0.40707219194237787,0.0018101887768295836,608,64,192
PredSched_LLM,656,257.4235670731707,651.0,10746.01,0.4068827857386137,0.0018101887768295836,347,64,192
FIFO,656,3338.2534756097566,6475.312500000002,12019.060000000001,0.1867015416555038,0.0029782359679266894,0,64,193
QSSF_proxy,656,385.96859756097564,3743.5,5640.01,0.3978675625131871,0.030469644902634593,357,64,193
RF_SRPT_proxy,656,385.96859756097564,3743.5,5640.01,0.3978675625131871,0.030469644902634593,348,64,193
Backfill_FIFO,656,377.2138719512195,3737.0,5635.01,0.39822059432902523,0.01672394043528064,610,64,193
Wind_proxy,656,377.2138719512195,3737.0,5635.01,0.39822059432902523,0.016265750286368844,610,64,193
PredSched_LLM,656,385.96859756097564,3743.5,5640.01,0.3978675625131871,0.030469644902634593,348,64,193
FIFO,656,3074.844984756098,8935.29,12574.04,0.2920758684037709,0.0028469750889679717,0,64,194
QSSF_proxy,656,452.28062500000004,5283.255,7299.01,0.5031605179803493,0.002135231316725979,369,64,194
RF_SRPT_proxy,656,452.28062500000004,5283.255,7299.01,0.5031605179803493,0.002135231316725979,353,64,194
Backfill_FIFO,656,448.57224085365857,5305.7775,7352.02,0.49953259816264783,0.002135231316725979,594,64,194
Wind_proxy,656,448.56766768292687,5305.7775,7352.02,0.49953259816264783,0.0037959667852906285,594,64,194
PredSched_LLM,656,452.27605182926834,5283.255,7299.01,0.5031605179803493,0.0066429418742586,353,64,194
FIFO,656,3097.52137195122,4979.040000000001,13297.04,0.22006024813605135,0.003053858967240422,0,64,195
QSSF_proxy,656,436.563506097561,4348.0025000000005,10171.0,0.28769540083325135,0.003331482509716824,356,64,195
RF_SRPT_proxy,656,436.563506097561,4348.0025000000005,10171.0,0.28769540083325135,0.003331482509716824,349,64,195
Backfill_FIFO,656,436.54675304878054,4351.012500000001,10171.0,0.28769540083325135,0.003331482509716824,592,64,195
Wind_proxy,656,436.54675304878054,4351.012500000001,10171.0,0.28769540083325135,0.003331482509716824,592,64,195
PredSched_LLM,656,436.563506097561,4348.0025000000005,10171.0,0.28769540083325135,0.003331482509716824,349,64,195
FIFO,656,3571.4916615853663,9215.03,13831.080000000002,0.3282947673938875,0.007586400674346727,0,64,196
QSSF_proxy,656,438.71771341463415,5278.01,7282.0,0.6235472660541403,0.0033717336330429896,323,64,196
RF_SRPT_proxy,656,438.71771341463415,5278.01,7282.0,0.6235472660541403,0.0033717336330429896,316,64,196
Backfill_FIFO,656,455.5072713414634,5281.7575,7308.01,0.6213279937228124,0.0033717336330429896,546,64,196
Wind_proxy,656,455.5651981707317,5281.7575,7308.01,0.6213279937228124,0.003652711435796572,546,64,196
PredSched_LLM,656,438.71771341463415,5278.01,7282.0,0.6235472660541403,0.0033717336330429896,316,64,196
FIFO,656,2853.205106707318,4547.300000000001,12817.050000000001,0.3185544855899954,0.0030088115194498175,0,64,197
QSSF_proxy,656,894.5071951219513,9751.282500000001,10243.050000000001,0.3986047875907321,0.014614227380184827,325,64,197
RF_SRPT_proxy,656,894.5071951219513,9751.282500000001,10243.050000000001,0.3986047875907321,0.014614227380184827,319,64,197
Backfill_FIFO,656,895.2907164634148,9778.302500000002,10243.060000000001,0.3986043984445321,0.0017193208682570384,571,64,197
Wind_proxy,656,895.2907164634148,9778.302500000002,10243.060000000001,0.3986043984445321,0.004728132387706856,571,64,197
PredSched_LLM,656,894.5071951219513,9751.282500000001,10243.050000000001,0.3986047875907321,0.013324736728992048,319,64,197
FIFO,656,5406.638231707318,12773.7575,21072.0,0.23635210064748244,0.00523934270064301,0,64,198
QSSF_proxy,656,707.9162347560978,9136.765,10195.01,0.4885146228246714,0.016670635865682307,332,64,198
RF_SRPT_proxy,656,707.9162347560978,9136.765,10195.01,0.4885146228246714,0.016670635865682307,322,64,198
Backfill_FIFO,656,710.214054878049,9160.0475,10200.01,0.4882751551070786,0.016670635865682307,550,64,198
Wind_proxy,656,710.214054878049,9160.0475,10200.01,0.4882751551070786,0.01738509168849726,550,64,198
PredSched_LLM,656,707.91318597561,9136.765,10195.01,0.4885146228246714,0.016194331983805668,322,64,198
FIFO,656,5507.232134146342,10051.062500000002,15632.080000000002,0.16816918792756627,0.02526263131565783,0,64,199
QSSF_proxy,656,404.6757164634147,4201.2875,5810.02,0.4524656023935806,0.019759879939969985,369,64,199
RF_SRPT_proxy,656,404.6757164634147,4201.2875,5810.02,0.4524656023935806,0.019759879939969985,359,64,199
Backfill_FIFO,656,404.83864329268295,4202.0375,5841.030000000001,0.4500634647003613,0.019759879939969985,610,64,199
Wind_proxy,656,404.83864329268295,4202.0375,5841.030000000001,0.4500634647003613,0.018009004502251125,610,64,199
PredSched_LLM,656,404.6772408536586,4201.2875,5810.02,0.4524656023935806,0.01950975487743872,359,64,199
FIFO,656,5599.158948170733,13134.54,21722.04,0.2669632684994135,0.0035123966942148762,0,64,200
QSSF_proxy,656,846.0119054878049,8545.772500000001,10729.01,0.5404959820966708,0.004132231404958678,342,64,200
RF_SRPT_proxy,656,846.0119054878049,8545.772500000001,10729.01,0.5404959820966708,0.004132231404958678,330,64,200
Backfill_FIFO,656,846.7171341463416,8503.7575,10710.01,0.5414548442881942,0.0256198347107438,622,64,200
Wind_proxy,656,846.9808536585367,8501.7575,10710.01,0.5414548442881942,0.0256198347107438,622,64,200
PredSched_LLM,656,845.5942225609757,8545.772500000001,10729.01,0.5404959820966708,0.004752066115702479,330,64,200
FIFO,656,2677.338734756098,8045.522500000001,16518.03,0.25428250197473606,0.025034770514603615,0,64,201
QSSF_proxy,656,469.7498018292682,3296.75,10200.0,0.4117888231464461,0.0027816411682892906,338,64,201
RF_SRPT_proxy,656,469.7498018292682,3296.75,10200.0,0.4117888231464461,0.0027816411682892906,329,64,201
Backfill_FIFO,656,469.6858536585366,3296.75,10200.0,0.4117888231464461,0.0027816411682892906,594,64,201
Wind_proxy,656,469.6858536585366,3296.75,10200.0,0.4117888231464461,0.0025034770514603616,594,64,201
PredSched_LLM,656,469.7498018292682,3296.75,10200.0,0.4117888231464461,0.0022253129346314327,329,64,201
FIFO,656,3988.115716463414,10959.5125,19442.010000000002,0.3380879214649102,0.0058918050348152114,0,64,202
QSSF_proxy,656,739.5348018292683,6590.2575,10888.01,0.6037015717289018,0.0058918050348152114,345,64,202
RF_SRPT_proxy,656,739.5348018292683,6590.2575,10888.01,0.6037015717289018,0.0058918050348152114,336,64,202
Backfill_FIFO,656,747.2233689024391,5700.52,12905.01,0.5093454983762121,0.0045527584359935725,594,64,202
Wind_proxy,656,747.2233689024391,5700.52,12905.01,0.5093454983762121,0.0045527584359935725,594,64,202
PredSched_LLM,656,739.5348018292683,6590.2575,10888.01,0.6037015717289018,0.0058918050348152114,336,64,202
FIFO,656,2970.833277439025,9064.27,17387.02,0.23512179451970486,0.004751847940865892,0,64,203
QSSF_proxy,656,564.8277743902439,7857.032500000001,10128.01,0.40363974203718206,0.0031678986272439284,344,64,203
RF_SRPT_proxy,656,564.8277743902439,7857.032500000001,10128.01,0.40363974203718206,0.0031678986272439284,334,64,203
Backfill_FIFO,656,564.6827743902439,7848.765,10128.01,0.4036397420371821,0.0031678986272439284,598,64,203
Wind_proxy,656,564.6827743902439,7848.765,10128.01,0.4036397420371821,0.0034318901795142554,598,64,203
PredSched_LLM,656,564.8277743902439,7857.032500000001,10128.01,0.40363974203718206,0.0034318901795142554,334,64,203
FIFO,656,3700.9237957317077,9833.060000000001,18182.07,0.3692687904124092,0.0019441069258809235,0,64,204
QSSF_proxy,656,916.7676829268293,10559.300000000001,11644.02,0.5766110841525309,0.001701093560145808,339,64,204
RF_SRPT_proxy,656,916.7676829268293,10559.300000000001,11644.02,0.5766110841525309,0.001701093560145808,335,64,204
Backfill_FIFO,656,967.2340701219515,10102.29,11186.02,0.6002198276146253,0.0014580801944106927,622,64,204
Wind_proxy,656,967.2340701219515,10102.29,11186.02,0.6002198276146253,0.0014580801944106927,622,64,204
PredSched_LLM,656,916.5981402439024,10559.300000000001,11644.02,0.5766110841525307,0.001701093560145808,335,64,204
FIFO,656,3460.959009146342,7117.040000000001,15128.04,0.24107185646653498,0.021271207900734362,0,64,205
QSSF_proxy,656,613.7684603658537,8059.775000000001,10070.01,0.3621589936355574,0.03418586984046594,324,64,205
RF_SRPT_proxy,656,613.7684603658537,8059.775000000001,10070.01,0.3621589936355574,0.03418586984046594,315,64,205
Backfill_FIFO,656,610.9866768292684,8063.5175,10120.03,0.36036896012165975,0.018992149911369965,586,64,205
Wind_proxy,656,610.9836280487806,8063.5175,10120.03,0.36036896012165975,0.017979235249430237,586,64,205
PredSched_LLM,656,613.7654115853659,8059.775000000001,10070.01,0.3621589936355574,0.030134211192707015,315,64,205
FIFO,656,3629.4307164634156,6634.522500000001,12256.02,0.18479711271481283,0.0053734551316496505,0,64,206
QSSF_proxy,656,321.9204725609756,3951.5,5785.0,0.3915085755185825,0.004030091348737238,306,64,206
RF_SRPT_proxy,656,321.9204725609756,3951.5,5785.0,0.3915085755185825,0.004030091348737238,294,64,206
Backfill_FIFO,656,321.7907317073171,3951.5,5807.030000000001,0.39002331818072233,0.004030091348737238,447,64,206
Wind_proxy,656,321.7907317073171,3951.5,5807.030000000001,0.39002331818072233,0.003492745835572273,447,64,206
PredSched_LLM,656,321.9204725609756,3951.5,5785.0,0.3915085755185825,0.008597528210639442,294,64,206
FIFO,656,5600.548948170732,12628.04,20632.03,0.3427242227406853,0.005426181324892607,0,64,207
QSSF_proxy,656,942.844207317073,9688.0,11233.02,0.6294920195381565,0.017861180194438164,360,64,207
RF_SRPT_proxy,656,942.844207317073,9688.0,11233.02,0.6294920195381565,0.017861180194438164,357,64,207
Backfill_FIFO,656,861.3829268292684,9512.5025,11146.02,0.6344055048629467,0.015826362197603437,596,64,207
Wind_proxy,656,861.3844512195124,9512.5025,11146.02,0.6344055048629467,0.02102645263395885,596,64,207
PredSched_LLM,656,942.844207317073,9688.0,11233.02,0.6294920195381565,0.02125254352249604,357,64,207
FIFO,656,956.6518292682928,2690.0200000000004,11016.02,0.3133826935255429,0.0043091065785693765,0,64,208
QSSF_proxy,656,570.286493902439,6363.5,10761.0,0.3208094061454557,0.020970985349037633,332,64,208
RF_SRPT_proxy,656,570.286493902439,6363.5,10761.0,0.3208094061454557,0.020970985349037633,326,64,208
Backfill_FIFO,656,568.472362804878,6363.5,10786.02,0.32006523439890244,0.0037345590347601263,574,64,208
Wind_proxy,656,568.472362804878,6363.5,10786.02,0.32006523439890244,0.005745475438092502,574,64,208
PredSched_LLM,656,570.286493902439,6363.5,10761.0,0.3208094061454557,0.016374604998563632,326,64,208
FIFO,656,5215.896875000001,8762.02,17158.04,0.2863509375105635,0.001928175463967221,0,64,209
QSSF_proxy,656,787.8641615853659,9549.0,11184.01,0.4393076222073973,0.0014461315979754157,362,64,209
RF_SRPT_proxy,656,787.8641615853659,9549.0,11184.01,0.4393076222073973,0.0014461315979754157,348,64,209
Backfill_FIFO,656,769.3273780487805,9592.755000000001,11245.01,0.436924541627242,0.0014461315979754157,587,64,209
Wind_proxy,656,769.3273780487805,9592.755000000001,11245.01,0.436924541627242,0.003374307061942637,587,64,209
PredSched_LLM,656,787.8641615853659,9549.0,11184.01,0.4393076222073973,0.007712701855868884,348,64,209
FIFO,656,2527.135564024391,8312.02,16770.02,0.2910573440263488,0.014928698752228164,0,64,210
QSSF_proxy,656,690.2273018292683,8109.7575,10128.03,0.4819335527707511,0.002005347593582888,311,64,210
RF_SRPT_proxy,656,690.2273018292683,8109.7575,10128.03,0.4819335527707511,0.002005347593582888,304,64,210
Backfill_FIFO,656,674.619512195122,8104.0375,10143.070000000002,0.48121894854997066,0.01537433155080214,594,64,210
Wind_proxy,656,674.619512195122,8104.0375,10143.070000000002,0.48121894854997066,0.015151515151515152,594,64,210
PredSched_LLM,656,690.2273018292683,8109.7575,10128.03,0.4819335527707511,0.0017825311942959,304,64,210
FIFO,656,3154.965838414634,8068.030000000001,16011.03,0.24624055065476724,0.004975124378109453,0,64,211
QSSF_proxy,656,546.2681554878048,7913.52,10089.0,0.3907785552334226,0.01780570830060225,351,64,211
RF_SRPT_proxy,656,546.2681554878048,7913.52,10089.0,0.3907785552334226,0.01780570830060225,336,64,211
Backfill_FIFO,656,544.475381097561,7949.52,10160.0,0.3880477208415355,0.01780570830060225,557,64,211
Wind_proxy,656,544.475381097561,7949.52,10160.0,0.3880477208415355,0.0204241948153967,557,64,211
PredSched_LLM,656,546.2681554878048,7913.52,10089.0,0.3907785552334226,0.018853102906520033,336,64,211
FIFO,656,3652.4254420731713,9421.04,15048.04,0.2076972186867858,0.004120879120879121,0,64,212
QSSF_proxy,656,532.7544359756097,5390.0,7332.0,0.4262733298810009,0.015567765567765568,348,64,212
RF_SRPT_proxy,656,532.7544359756097,5390.0,7332.0,0.4262733298810009,0.015567765567765568,335,64,212
Backfill_FIFO,656,528.5804573170732,5522.0025000000005,7411.01,0.42172875960058065,0.0018315018315018315,530,64,212
Wind_proxy,656,528.6017987804878,5522.0025000000005,7411.01,0.42172875960058065,0.005952380952380952,530,64,212
PredSched_LLM,656,532.7544359756097,5390.0,7332.0,0.4262733298810009,0.01510989010989011,335,64,212
FIFO,656,3943.1974085365855,10314.53,18895.03,0.29668791583355514,0.007136485280999108,0,64,213
QSSF_proxy,656,461.01175304878063,3303.25,10239.01,0.5475067482415293,0.0044603033006244425,357,64,213
RF_SRPT_proxy,656,461.01175304878063,3303.25,10239.01,0.5475067482415293,0.0044603033006244425,347,64,213
Backfill_FIFO,656,431.6671036585366,2036.75,10533.01,0.5322246034431279,0.02230151650312221,632,64,213
Wind_proxy,656,431.6671036585366,2036.75,10533.01,0.5322246034431279,0.022598870056497175,632,64,213
PredSched_LLM,656,461.01175304878063,3303.25,10239.01,0.5475067482415293,0.0044603033006244425,347,64,213
FIFO,656,1686.245091463415,3397.76,11023.01,0.22067025342045862,0.02140127388535032,0,64,214
QSSF_proxy,656,608.3793597560975,8070.765,9208.0,0.2641670732141887,0.003057324840764331,327,64,214
RF_SRPT_proxy,656,608.3793597560975,8070.765,9208.0,0.2641670732141887,0.003057324840764331,315,64,214
Backfill_FIFO,656,609.9905792682925,8137.0,9182.01,0.26491480734133915,0.003057324840764331,545,64,214
Wind_proxy,656,609.9905792682925,8137.0,9182.01,0.26491480734133915,0.009426751592356689,545,64,214
PredSched_LLM,656,608.3793597560975,8070.765,9208.0,0.2641670732141887,0.006114649681528662,315,64,214
FIFO,656,4082.9390091463424,7774.52,16282.02,0.19137288785420978,0.003950617283950617,0,64,215
QSSF_proxy,656,505.03044207317066,4631.5,10163.01,0.3065958990003946,0.0024691358024691358,367,64,215
RF_SRPT_proxy,656,505.03044207317066,4631.5,10163.01,0.3065958990003946,0.0024691358024691358,356,64,215
Backfill_FIFO,656,489.2348170731707,4613.26,10158.01,0.3067468123677768,0.0024691358024691358,612,64,215
Wind_proxy,656,489.2348170731707,4613.26,10158.01,0.3067468123677768,0.0024691358024691358,612,64,215
PredSched_LLM,656,505.03044207317066,4631.5,10163.01,0.3065958990003946,0.0027160493827160493,356,64,215
FIFO,656,3479.9159451219502,9352.039999999999,17843.04,0.3455518667923178,0.004007123775601068,0,64,216
QSSF_proxy,656,792.2543750000001,9129.032500000001,11146.01,0.5531751524760878,0.01491540516473731,379,64,216
RF_SRPT_proxy,656,792.2543750000001,9129.032500000001,11146.01,0.5531751524760878,0.01491540516473731,369,64,216
Backfill_FIFO,656,798.490625,9185.01,11236.070000000002,0.5487413109076394,0.0017809439002671415,584,64,216
Wind_proxy,656,798.3915396341464,9185.01,11236.070000000002,0.5487413109076394,0.00578806767586821,584,64,216
PredSched_LLM,656,792.2543750000001,9129.032500000001,11146.01,0.5531751524760878,0.016251113089937666,369,64,216
FIFO,656,5187.146143292683,11304.0175,19833.010000000002,0.22776452950945167,0.008178438661710037,0,64,217
QSSF_proxy,656,732.8976981707317,9152.090000000002,11157.01,0.4048805362194937,0.0024783147459727386,330,64,217
RF_SRPT_proxy,656,732.8976981707317,9152.090000000002,11157.01,0.4048805362194937,0.0024783147459727386,319,64,217
Backfill_FIFO,656,713.4060670731709,9157.272500000001,11184.02,0.40390272830397767,0.0024783147459727386,517,64,217
Wind_proxy,656,713.4060670731709,9157.272500000001,11184.02,0.40390272830397767,0.0024783147459727386,517,64,217
PredSched_LLM,656,732.8976981707317,9152.090000000002,11157.01,0.4048805362194937,0.0024783147459727386,319,64,217
FIFO,656,5136.320853658537,11604.27,19606.02,0.26096847721229244,0.004882379050155349,0,64,218
QSSF_proxy,656,743.1985213414633,8088.280000000001,10119.01,0.5056377238083323,0.0024411895250776743,376,64,218
RF_SRPT_proxy,656,743.1985213414633,8088.280000000001,10119.01,0.5056377238083323,0.0024411895250776743,363,64,218
Backfill_FIFO,656,707.2595731707318,8112.015,10154.01,0.5038948340206236,0.015312916111850865,617,64,218
Wind_proxy,656,707.2626219512196,8112.015,10154.01,0.5038948340206236,0.013315579227696404,617,64,218
PredSched_LLM,656,743.2000457317073,8088.280000000001,10119.01,0.5056377238083323,0.006213936972924989,363,64,218
FIFO,656,3114.5330945121955,7718.542500000001,16481.07,0.38022663084071606,0.002751375687843922,0,64,219
QSSF_proxy,656,611.8745579268293,7628.0075,10891.01,0.5753866463027764,0.0032516258129064533,346,64,219
RF_SRPT_proxy,656,611.8745579268293,7628.0075,10891.01,0.5753866463027764,0.0032516258129064533,332,64,219
Backfill_FIFO,656,667.6139786585367,9098.0275,10873.01,0.5763391847105815,0.01775887943971986,595,64,219
Wind_proxy,656,667.6139786585367,9098.0275,10873.01,0.5763391847105815,0.017508754377188594,595,64,219
PredSched_LLM,656,678.8288262195123,9332.0075,10884.01,0.5757567035265497,0.010755377688844422,332,64,219
FIFO,656,4852.105762195122,11010.52,19346.03,0.23066816510609675,0.0028636884306987398,0,64,220
QSSF_proxy,656,513.530487804878,5468.0,10125.0,0.44074204861111116,0.002577319587628866,301,64,220
RF_SRPT_proxy,656,513.530487804878,5468.0,10125.0,0.44074204861111116,0.002577319587628866,287,64,220
Backfill_FIFO,656,513.6016920731707,5468.0,10125.0,0.44074204861111116,0.019759450171821305,514,64,220
Wind_proxy,656,513.5986432926829,5468.0,10125.0,0.44074204861111116,0.02004581901489118,514,64,220
PredSched_LLM,656,513.5274390243902,5468.0,10125.0,0.44074204861111116,0.0028636884306987398,287,64,220
FIFO,656,3839.4930487804886,7404.25,15350.0,0.2364508792243485,0.0059771309771309775,0,64,221
QSSF_proxy,656,589.1277743902439,7685.262500000001,10092.01,0.359643024144224,0.002858627858627859,364,64,221
RF_SRPT_proxy,656,589.1277743902439,7685.262500000001,10092.01,0.359643024144224,0.002858627858627859,353,64,221
Backfill_FIFO,656,582.1067987804877,7719.292500000001,10117.03,0.3587536061565252,0.018451143451143452,592,64,221
Wind_proxy,656,582.1067987804877,7719.292500000001,10117.03,0.3587536061565252,0.013253638253638254,592,64,221
PredSched_LLM,656,589.1277743902439,7685.262500000001,10092.01,0.359643024144224,0.005197505197505198,353,64,221
FIFO,656,2754.4934908536584,7532.7874999999985,16209.029999999999,0.3524627589432403,0.0071174377224199285,0,64,222
QSSF_proxy,656,687.9266768292684,9273.26,11452.0,0.49887176332463784,0.018030842230130486,257,64,222
RF_SRPT_proxy,656,687.9266768292684,9273.26,11452.0,0.49887176332463784,0.018030842230130486,247,64,222
Backfill_FIFO,656,682.393018292683,9129.2575,11385.0,0.5018075918835091,0.018030842230130486,309,64,222
Wind_proxy,656,682.393018292683,9129.2575,11385.0,0.5018075918835091,0.0132858837485172,309,64,222
PredSched_LLM,656,687.9266768292684,9273.26,11452.0,0.49887176332463784,0.014709371293001186,247,64,222
FIFO,656,3775.806753048781,7305.02,15818.02,0.30814904975662244,0.017491254372813594,0,64,223
QSSF_proxy,656,741.5446798780488,9102.022500000001,11152.01,0.4370788613022454,0.01699150424787606,336,64,223
RF_SRPT_proxy,656,741.5446798780488,9102.022500000001,11152.01,0.4370788613022454,0.01699150424787606,325,64,223
Backfill_FIFO,656,734.3817530487805,9134.032500000001,11210.04,0.4348162746993992,0.017241379310344827,548,64,223
Wind_proxy,656,734.3817530487805,9134.032500000001,11210.04,0.4348162746993992,0.019490254872563718,548,64,223
PredSched_LLM,656,741.5446798780488,9102.022500000001,11152.01,0.4370788613022454,0.017491254372813594,325,64,223
FIFO,656,3251.621585365854,5511.02,12993.02,0.2728196697750985,0.002965892239248641,0,64,224
QSSF_proxy,656,635.3661280487805,8067.25,9150.03,0.3874032572331729,0.0022244191794364805,340,64,224
RF_SRPT_proxy,656,635.3661280487805,8067.25,9150.03,0.3874032572331729,0.0022244191794364805,332,64,224
Backfill_FIFO,656,608.2134908536586,8085.005,9128.01,0.388337811393858,0.0022244191794364805,525,64,224
Wind_proxy,656,608.2134908536586,8085.005,9128.01,0.388337811393858,0.009639149777558082,525,64,224
PredSched_LLM,656,635.3661280487805,8067.25,9150.03,0.3874032572331729,0.004201680672268907,332,64,224
FIFO,656,5002.357088414635,11163.050000000001,19610.050000000003,0.29562539161998563,0.0049911920140927775,0,64,225
QSSF_proxy,656,662.586981707317,4590.75,10426.0,0.5560357482195953,0.020258367586611863,289,64,225
RF_SRPT_proxy,656,662.586981707317,4590.75,10426.0,0.5560357482195953,0.020258367586611863,285,64,225
Backfill_FIFO,656,667.9329725609756,4485.0,10703.0,0.5416452126448194,0.0049911920140927775,509,64,225
Wind_proxy,656,667.9329725609756,4485.0,10703.0,0.5416452126448194,0.0049911920140927775,509,64,225
PredSched_LLM,656,661.961981707317,4590.75,10426.0,0.5560357482195953,0.01790957134468585,285,64,225
FIFO,656,3315.3493597560987,5590.762500000001,13943.02,0.28238408559444084,0.00461335676625659,0,64,226
QSSF_proxy,656,823.6520884146341,9151.265,11178.01,0.3522350537461498,0.0017574692442882249,354,64,226
RF_SRPT_proxy,656,823.6520884146341,9151.265,11178.01,0.3522350537461498,0.0017574692442882249,350,64,226
Backfill_FIFO,656,816.5717073170732,9188.01,11214.02,0.3511039710224344,0.001977152899824253,589,64,226
Wind_proxy,656,816.5717073170732,9188.01,11214.02,0.3511039710224344,0.001977152899824253,589,64,226
PredSched_LLM,656,823.6520884146341,9151.265,11178.01,0.3522350537461498,0.001977152899824253,350,64,226
FIFO,656,4570.764237804879,8448.050000000001,16623.04,0.22876858480383253,0.0033879164313946925,0,64,227
QSSF_proxy,656,597.2363109756097,6629.0,10175.01,0.37374207356430106,0.002540937323546019,339,64,227
RF_SRPT_proxy,656,597.2363109756097,6629.0,10175.01,0.37374207356430106,0.002540937323546019,331,64,227
Backfill_FIFO,656,585.2025457317073,4614.5,10178.01,0.373631911929493,0.002258610954263128,558,64,227
Wind_proxy,656,584.5501067073171,4614.5,10178.01,0.373631911929493,0.001976284584980237,558,64,227
PredSched_LLM,656,597.3064329268293,6629.0,10175.01,0.37374207356430106,0.002258610954263128,331,64,227
FIFO,656,4987.634847560977,11385.54,19452.04,0.41647491166093625,0.023336214347450302,0,64,228
QSSF_proxy,656,995.1455487804877,6891.0075,13577.0,0.5966919526128748,0.005185825410544511,339,64,228
RF_SRPT_proxy,656,995.1455487804877,6891.0075,13577.0,0.5966919526128748,0.005185825410544511,333,64,228
Backfill_FIFO,656,978.1728963414635,6306.5,12742.0,0.6357939601808978,0.003457216940363008,541,64,228
Wind_proxy,656,978.1622713414636,6306.5,12742.0,0.635793960180898,0.012676462114664363,541,64,228
PredSched_LLM,656,995.1455487804877,6891.0075,13577.0,0.5966919526128748,0.00979544799769519,333,64,228
FIFO,656,2351.6647560975616,6397.0,14683.01,0.44495274241495786,0.017888198757763974,0,64,229
QSSF_proxy,656,730.5576524390244,9231.2575,10340.01,0.6318413199219587,0.002732919254658385,331,64,229
RF_SRPT_proxy,656,730.5576524390244,9231.2575,10340.01,0.6318413199219587,0.002732919254658385,323,64,229
Backfill_FIFO,656,730.4420731707318,9238.522500000001,10333.02,0.6322687429624883,0.002732919254658385,601,64,229
Wind_proxy,656,725.077743902439,9155.522500000001,10250.02,0.6373885676716973,0.002732919254658385,601,64,229
PredSched_LLM,656,730.5591768292683,9231.2575,10340.01,0.6318413199219587,0.0052173913043478265,323,64,229
FIFO,656,2841.024664634147,6885.01,15266.01,0.2929565241056766,0.020594430142756845,0,64,230
QSSF_proxy,656,792.2346646341464,9161.022500000001,11160.0,0.40074168696796586,0.001872220922068804,354,64,230
RF_SRPT_proxy,656,792.2346646341464,9161.022500000001,11160.0,0.40074168696796586,0.001872220922068804,341,64,230
Backfill_FIFO,656,789.077012195122,9179.7875,11231.01,0.398207928455455,0.001872220922068804,563,64,230
Wind_proxy,656,789.0419512195123,9179.7875,11231.01,0.398207928455455,0.007488883688275216,563,64,230
PredSched_LLM,656,792.2346646341464,9161.022500000001,11160.0,0.40074168696796586,0.011233325532412824,341,64,230
FIFO,656,4109.095823170732,7861.290000000001,11714.060000000001,0.22329919064675285,0.00475963826749167,0,64,231
QSSF_proxy,656,419.15759146341475,4232.285000000001,5807.01,0.4504452579188772,0.017848643503093765,341,64,231
RF_SRPT_proxy,656,419.15759146341475,4232.285000000001,5807.01,0.4504452579188772,0.017848643503093765,327,64,231
Backfill_FIFO,656,416.4446341463415,4227.025000000001,5867.01,0.4458387010057082,0.046406473108043786,607,64,231
Wind_proxy,656,416.4446341463415,4227.025000000001,5867.01,0.4458387010057082,0.044264635887672536,607,64,231
PredSched_LLM,656,419.15759146341475,4232.285000000001,5807.01,0.4504452579188772,0.02760590195145169,327,64,231
FIFO,656,3765.005152439025,6324.300000000001,14987.050000000001,0.33458855937292525,0.008303349017437033,0,64,232
QSSF_proxy,656,600.4472713414634,7932.565000000001,10229.0,0.49022343032065707,0.0033213396069748133,335,64,232
RF_SRPT_proxy,656,600.4472713414634,7932.565000000001,10229.0,0.49022343032065707,0.0033213396069748133,326,64,232
Backfill_FIFO,656,599.9575609756098,7908.772500000001,10394.0,0.4824413573936887,0.03653473567672295,572,64,232
Wind_proxy,656,599.9575609756098,7908.772500000001,10394.0,0.4824413573936887,0.03625795737614171,572,64,232
PredSched_LLM,656,600.4472713414634,7932.565000000001,10229.0,0.49022343032065707,0.0035981179075560477,326,64,232
FIFO,656,5978.086966463416,13048.29,21537.04,0.3170016178378041,0.003745318352059925,0,64,233
QSSF_proxy,656,873.6651829268294,9732.7575,11401.0,0.5988313764965794,0.0035112359550561797,380,64,233
RF_SRPT_proxy,656,873.6651829268294,9732.7575,11401.0,0.5988313764965794,0.0035112359550561797,368,64,233
Backfill_FIFO,656,814.8693750000001,9353.0,11035.080000000002,0.6186884484242525,0.0016385767790262173,599,64,233
Wind_proxy,656,814.8693750000001,9353.0,11035.080000000002,0.6186884484242525,0.0018726591760299626,599,64,233
PredSched_LLM,656,873.7292073170734,9732.7575,11401.0,0.5988313764965794,0.0028089887640449437,368,64,233
FIFO,656,5153.145396341463,10598.03,19302.03,0.2721286472200074,0.016168327796234772,0,64,234
QSSF_proxy,656,718.5411890243904,8098.762500000001,10125.0,0.5187787962962964,0.0024363233665559247,326,64,234
RF_SRPT_proxy,656,718.5411890243904,8098.762500000001,10125.0,0.5187787962962964,0.0024363233665559247,318,64,234
Backfill_FIFO,656,718.1472713414636,8098.2675,10125.0,0.5187787962962963,0.0024363233665559247,528,64,234
Wind_proxy,656,718.1472713414636,8098.2675,10125.0,0.5187787962962963,0.0019933554817275745,528,64,234
PredSched_LLM,656,718.5411890243904,8098.762500000001,10125.0,0.5187787962962964,0.0024363233665559247,318,64,234
FIFO,656,3555.450503048781,7135.530000000001,15773.04,0.25550796693677946,0.004998684556695606,0,64,235
QSSF_proxy,656,670.4006707317074,8897.75,11169.0,0.3608324275058197,0.0031570639305445935,344,64,235
RF_SRPT_proxy,656,670.4006707317074,8897.75,11169.0,0.3608324275058197,0.0031570639305445935,335,64,235
Backfill_FIFO,656,634.664237804878,8736.5075,11185.01,0.3603159391732774,0.018942383583267563,503,64,235
Wind_proxy,656,634.664237804878,8736.5075,11185.01,0.3603159391732774,0.017890028939752698,503,64,235
PredSched_LLM,656,670.4006707317074,8897.75,11169.0,0.3608324275058197,0.006314127861089187,335,64,235
FIFO,656,3635.2609603658543,9244.2575,17731.0,0.2243497573106423,0.005129666571672842,0,64,236
QSSF_proxy,656,583.7190701219512,7812.530000000001,10179.0,0.3907992481456921,0.002564833285836421,358,64,236
RF_SRPT_proxy,656,583.7190701219512,7812.530000000001,10179.0,0.3907992481456921,0.002564833285836421,352,64,236
Backfill_FIFO,656,583.4021341463415,7814.5375,10179.0,0.3907992481456921,0.002564833285836421,589,64,236
Wind_proxy,656,583.4021341463415,7814.5375,10179.0,0.3907992481456921,0.002564833285836421,589,64,236
PredSched_LLM,656,583.7190701219512,7812.530000000001,10179.0,0.3907992481456921,0.002564833285836421,352,64,236
FIFO,656,4590.401600609756,10661.550000000001,18669.050000000003,0.27814428325222756,0.005244338498212158,0,64,237
QSSF_proxy,656,723.0585823170733,8114.2525000000005,10082.0,0.5150455793741323,0.0019070321811680572,362,64,237
RF_SRPT_proxy,656,723.0585823170733,8114.2525000000005,10082.0,0.5150455793741323,0.0019070321811680572,355,64,237
Backfill_FIFO,656,718.554756097561,8099.25,10134.0,0.5124027561920272,0.0021454112038140644,550,64,237
Wind_proxy,656,718.554756097561,8099.25,10134.0,0.5124027561920272,0.0057210965435041715,550,64,237
PredSched_LLM,656,723.0585823170733,8114.2525000000005,10082.0,0.5150455793741323,0.005244338498212158,355,64,237
FIFO,656,5048.124420731709,11200.04,19639.04,0.24254032282446086,0.021917808219178082,0,64,238
QSSF_proxy,656,739.384024390244,9243.2575,10845.0,0.439212457497695,0.017434620174346202,364,64,238
RF_SRPT_proxy,656,739.384024390244,9243.2575,10845.0,0.439212457497695,0.017434620174346202,355,64,238
Backfill_FIFO,656,737.9705945121952,9277.01,10914.01,0.43643528836445095,0.0024906600249066002,610,64,238
Wind_proxy,656,738.0239481707318,9277.01,10914.01,0.43643528836445095,0.006973848069738481,610,64,238
PredSched_LLM,656,739.3825,9243.2575,10845.0,0.439212457497695,0.01594022415940224,355,64,238
FIFO,656,3860.8586890243905,10140.052500000002,18652.050000000003,0.3115673863596761,0.005121901249743905,0,64,239
QSSF_proxy,656,975.6395274390244,9162.51,11159.02,0.5207778522441938,0.0022536365498873182,334,64,239
RF_SRPT_proxy,656,975.6395274390244,9162.51,11159.02,0.5207778522441938,0.0022536365498873182,325,64,239
Backfill_FIFO,656,972.2013262195123,9210.52,11241.03,0.5169784680540842,0.0026633886498668305,561,64,239
Wind_proxy,656,972.2013262195123,9210.52,11241.03,0.5169784680540842,0.009629174349518542,561,64,239
PredSched_LLM,656,975.6395274390244,9162.51,11159.02,0.5207778522441938,0.008809670149559516,325,64,239
FIFO,656,995.1518902439025,2894.01,8521.01,0.19320767505847317,0.004729897933781429,0,64,240
QSSF_proxy,656,170.07926829268294,924.75,5657.0,0.2910243116934771,0.032362459546925564,335,64,240
RF_SRPT_proxy,656,170.07926829268294,924.75,5657.0,0.2910243116934771,0.032362459546925564,324,64,240
Backfill_FIFO,656,169.21812500000001,925.5,5657.0,0.29102431169347714,0.017674881752551656,600,64,240
Wind_proxy,656,169.43039634146342,925.5,5657.0,0.29102431169347714,0.018421707742096092,600,64,240
PredSched_LLM,656,170.26833841463417,924.75,5657.0,0.2910243116934771,0.02937515558874782,326,64,240
FIFO,656,2830.4937195121947,4820.030000000001,13206.03,0.35025302332296315,0.004637143519591932,0,64,241
QSSF_proxy,656,554.0672103658537,4656.275000000001,10289.01,0.44955267159753465,0.0018548574078367725,354,64,241
RF_SRPT_proxy,656,554.0717835365854,4656.275000000001,10289.01,0.44955267159753465,0.0018548574078367725,341,64,241
Backfill_FIFO,656,532.4604878048782,4627.51,10709.01,0.4319215252944717,0.02967771852538836,611,64,241
Wind_proxy,656,532.8187195121951,4627.51,10709.01,0.4319215252944717,0.03037329005332715,611,64,241
PredSched_LLM,656,554.0977134146341,4656.275000000001,10289.01,0.44955267159753465,0.0018548574078367725,341,64,241
FIFO,656,4544.789527439026,11507.3075,19862.050000000003,0.2981535984295428,0.003833375926399182,0,64,242
QSSF_proxy,656,738.865762195122,9022.2575,11244.01,0.5266752412784674,0.001277791975466394,358,64,242
RF_SRPT_proxy,656,738.865762195122,9022.2575,11244.01,0.5266752412784674,0.001277791975466394,343,64,242
Backfill_FIFO,656,701.5548932926829,8731.0125,11241.03,0.5268148630230058,0.0017889087656529517,620,64,242
Wind_proxy,656,701.5594664634147,8731.0125,11241.03,0.5268148630230058,0.0017889087656529517,620,64,242
PredSched_LLM,656,738.867286585366,9022.2575,11244.01,0.5266752412784674,0.001277791975466394,343,64,242
FIFO,656,3016.0776219512195,8691.279999999999,17293.03,0.29114694823037085,0.005653710247349823,0,64,243
QSSF_proxy,656,792.618780487805,9494.0075,11533.03,0.43655595365279115,0.003062426383981154,350,64,243
RF_SRPT_proxy,656,792.618780487805,9494.0075,11533.03,0.43655595365279115,0.003062426383981154,339,64,243
Backfill_FIFO,656,792.8246189024392,9502.7575,11561.03,0.43549864589541337,0.003062426383981154,594,64,243
Wind_proxy,656,792.8246189024392,9502.7575,11561.03,0.43549864589541337,0.003297997644287397,594,64,243
PredSched_LLM,656,792.618780487805,9494.0075,11533.03,0.43655595365279115,0.003062426383981154,339,64,243
FIFO,656,3036.3322408536587,5649.0275,13987.03,0.236746601416187,0.0057910586055130876,0,64,244
QSSF_proxy,656,686.4654420731707,8075.512500000001,10115.0,0.3273733876822788,0.0023164234422052353,313,64,244
RF_SRPT_proxy,656,686.4654420731707,8075.512500000001,10115.0,0.3273733876822788,0.0023164234422052353,304,64,244
Backfill_FIFO,656,687.065487804878,8098.7675,10115.0,0.3273733876822788,0.0023164234422052353,392,64,244
Wind_proxy,656,687.065487804878,8098.7675,10115.0,0.3273733876822788,0.0023164234422052353,392,64,244
PredSched_LLM,656,686.4654420731707,8075.512500000001,10115.0,0.3273733876822788,0.0020847810979847115,304,64,244
FIFO,656,2385.7829268292685,5757.540000000001,14298.04,0.3078750162172577,0.0034836065573770492,0,64,245
QSSF_proxy,656,740.5978048780489,8079.515,10115.0,0.4351961736900643,0.02663934426229508,302,64,245
RF_SRPT_proxy,656,740.5978048780489,8079.515,10115.0,0.4351961736900643,0.02663934426229508,289,64,245
Backfill_FIFO,656,741.7530792682926,8125.272500000001,10145.0,0.43390924562592414,0.0020491803278688526,443,64,245
Wind_proxy,656,741.7530792682926,8125.272500000001,10145.0,0.43390924562592414,0.0020491803278688526,443,64,245
PredSched_LLM,656,740.5978048780489,8079.515,10115.0,0.4351961736900643,0.02663934426229508,289,64,245
FIFO,656,3432.9392987804886,9201.7775,17369.03,0.19528003268425181,0.002425222312045271,0,64,246
QSSF_proxy,656,458.69992378048784,5210.0025000000005,10130.0,0.3348296886568361,0.002155753166262463,334,64,246
RF_SRPT_proxy,656,458.69992378048784,5210.0025000000005,10130.0,0.3348296886568361,0.002155753166262463,326,64,246
Backfill_FIFO,656,458.64955792682923,5209.2575,10130.0,0.33482968865683616,0.002155753166262463,579,64,246
Wind_proxy,656,458.64955792682923,5209.2575,10130.0,0.33482968865683616,0.0016168148746968471,579,64,246
PredSched_LLM,656,458.69992378048784,5210.0025000000005,10130.0,0.3348296886568361,0.001886284020479655,326,64,246
FIFO,656,911.7401981707318,2976.01,11488.01,0.22996456434523913,0.0038957876795714633,0,64,247
QSSF_proxy,656,200.8705030487805,815.015,10139.0,0.26056171366443925,0.003652300949598247,318,64,247
RF_SRPT_proxy,656,200.8705030487805,815.015,10139.0,0.26056171366443925,0.003652300949598247,311,64,247
Backfill_FIFO,656,200.8111280487805,815.015,10139.0,0.26056171366443925,0.003652300949598247,624,64,247
Wind_proxy,656,200.85687500000003,815.015,10139.0,0.26056171366443925,0.003165327489651814,624,64,247
PredSched_LLM,656,200.91625000000005,815.015,10139.0,0.26056171366443925,0.0041392744095446795,311,64,247
FIFO,656,6763.011707317073,14557.01,22650.02,0.2638650453592315,0.0060478569550354985,0,64,248
QSSF_proxy,656,739.0731402439025,9405.522500000001,11653.0,0.5128763884568355,0.020773073889034974,376,64,248
RF_SRPT_proxy,656,739.0731402439025,9405.522500000001,11653.0,0.5128763884568355,0.020773073889034974,363,64,248
Backfill_FIFO,656,724.2973323170731,9172.53,11408.01,0.5238905431085268,0.01972127267946358,542,64,248
Wind_proxy,656,724.2973323170731,9172.53,11408.01,0.5238905431085268,0.01630291874835656,542,64,248
PredSched_LLM,656,739.0731402439025,9405.522500000001,11653.0,0.5128763884568355,0.016039968445963712,363,64,248
FIFO,656,5849.227774390244,11953.78,20259.03,0.22310287182740238,0.005030447445062218,0,64,249
QSSF_proxy,656,608.8042530487805,7904.540000000001,10125.0,0.44640471836419765,0.0021180831347630395,302,64,249
RF_SRPT_proxy,656,608.8042530487805,7904.540000000001,10125.0,0.44640471836419765,0.0021180831347630395,299,64,249
Backfill_FIFO,656,609.8377286585365,7904.51,10125.0,0.44640471836419765,0.0021180831347630395,456,64,249
Wind_proxy,656,610.5054115853659,7904.51,10125.0,0.44640471836419765,0.0023828435266084196,456,64,249
PredSched_LLM,656,609.1746798780488,7904.540000000001,10125.0,0.44640471836419765,0.003177124702144559,299,64,249
FIFO,656,833.2451676829265,1731.5675,9785.06,0.3262988742531982,0.0012056908608632747,0,64,250
QSSF_proxy,656,281.9160213414634,898.0,9104.03,0.35070777035005385,0.003858210754762479,321,64,250
RF_SRPT_proxy,656,281.9160213414634,898.0,9104.03,0.35070777035005385,0.003858210754762479,316,64,250
Backfill_FIFO,656,294.19054878048786,898.0,9104.03,0.3507077703500538,0.003858210754762479,639,64,250
Wind_proxy,656,294.1936280487805,899.01,9104.03,0.3507077703500538,0.003375934410417169,639,64,250
PredSched_LLM,656,291.3078048780487,899.0,9104.03,0.3507077703500538,0.003617072582589824,316,64,250
FIFO,656,2261.76881097561,7419.030000000001,13048.03,0.22639626471630198,0.005401234567901234,0,64,251
QSSF_proxy,656,412.9296646341463,5275.530000000001,7301.0,0.4046055682654773,0.001800411522633745,335,64,251
RF_SRPT_proxy,656,412.9296646341463,5275.530000000001,7301.0,0.4046055682654773,0.001800411522633745,320,64,251
Backfill_FIFO,656,409.41274390243905,5300.01,7331.01,0.4029492871932039,0.017232510288065845,566,64,251
Wind_proxy,656,409.41274390243905,5300.01,7331.01,0.4029492871932039,0.013374485596707819,566,64,251
PredSched_LLM,656,412.9296646341463,5275.530000000001,7301.0,0.4046055682654773,0.0038580246913580245,320,64,251
FIFO,656,4156.647027439026,9527.292500000001,17761.06,0.3249431511794622,0.00299311583358276,0,64,252
QSSF_proxy,656,616.571524390244,5577.25,10848.03,0.5320168551052589,0.0020951810835079317,324,64,252
RF_SRPT_proxy,656,616.571524390244,5577.25,10848.03,0.5320168551052589,0.0020951810835079317,314,64,252
Backfill_FIFO,656,616.3343597560976,5577.25,10827.04,0.5330482573896005,0.0020951810835079317,572,64,252
Wind_proxy,656,616.3343597560976,5577.25,10827.04,0.5330482573896005,0.0020951810835079317,572,64,252
PredSched_LLM,656,616.571524390244,5577.25,10848.03,0.5320168551052589,0.00598623166716552,314,64,252
FIFO,656,4500.89256097561,9978.03,18459.04,0.3850291899660004,0.005051922537187763,0,64,253
QSSF_proxy,656,925.0960060975609,5863.75,13192.02,0.5387551882691205,0.021330339601459445,380,64,253
RF_SRPT_proxy,656,925.0960060975609,5863.75,13192.02,0.5387551882691205,0.021330339601459445,369,64,253
Backfill_FIFO,656,805.211768292683,5199.0,12842.03,0.5534381416917731,0.019085040696042662,616,64,253
Wind_proxy,656,805.211768292683,5199.0,12842.03,0.5534381416917731,0.019085040696042662,616,64,253
PredSched_LLM,656,925.0960060975609,5863.75,13192.02,0.5387551882691205,0.019085040696042662,369,64,253
FIFO,656,2694.073948170732,7298.51,12038.01,0.24353539363285537,0.003246753246753247,0,64,254
QSSF_proxy,656,415.8809298780488,5088.7775,7299.01,0.40165467699129725,0.0027472527472527475,354,64,254
RF_SRPT_proxy,656,415.8809298780488,5088.7775,7299.01,0.40165467699129725,0.0027472527472527475,342,64,254
Backfill_FIFO,656,412.497256097561,5115.51,7369.02,0.3978387226396792,0.017732267732267732,560,64,254
Wind_proxy,656,412.497256097561,5115.51,7369.02,0.3978387226396792,0.018731268731268732,560,64,254
PredSched_LLM,656,415.8809298780488,5088.7775,7299.01,0.40165467699129725,0.005744255744255744,342,64,254
FIFO,656,3967.2831859756097,10045.03,17978.03,0.42945291028480315,0.007267441860465116,0,64,255
QSSF_proxy,656,871.8479115853659,9830.265,11831.03,0.6525820072037264,0.0026647286821705426,374,64,255
RF_SRPT_proxy,656,871.8479115853659,9830.265,11831.03,0.6525820072037264,0.0026647286821705426,368,64,255
Backfill_FIFO,656,821.3212957317076,9638.54,11664.04,0.6619247966131377,0.0026647286821705426,602,64,255
Wind_proxy,656,821.3197713414636,9638.54,11664.04,0.6619247966131377,0.0026647286821705426,602,64,255
PredSched_LLM,656,880.5293140243903,9935.265,11936.03,0.6468413119510844,0.0026647286821705426,368,64,255
FIFO,656,4571.762606707318,11283.02,19753.03,0.23675930785998406,0.004120213281628696,0,64,256
QSSF_proxy,656,704.7121951219513,9132.76,10774.03,0.4340728317015547,0.00290838584585555,346,64,256
RF_SRPT_proxy,656,704.7121951219513,9132.76,10774.03,0.4340728317015547,0.00290838584585555,337,64,256
Backfill_FIFO,656,699.867637195122,9178.2875,10827.04,0.4319475785567894,0.0174503150751333,616,64,256
Wind_proxy,656,699.867637195122,9178.2875,10827.04,0.4319475785567894,0.014541929229277752,616,64,256
PredSched_LLM,656,704.7121951219513,9132.76,10774.03,0.4340728317015547,0.007755695588948134,337,64,256
FIFO,656,2578.5050914634144,7458.279999999999,15837.029999999999,0.2865277760018765,0.006398104265402844,0,64,257
QSSF_proxy,656,280.31399390243905,951.0,10128.0,0.4480399866089061,0.002369668246445498,333,64,257
RF_SRPT_proxy,656,280.31399390243905,951.0,10128.0,0.4480399866089061,0.002369668246445498,323,64,257
Backfill_FIFO,656,280.46361280487804,951.0,10128.0,0.4480399866089061,0.002369668246445498,586,64,257
Wind_proxy,656,280.45446646341463,951.0,10128.0,0.4480399866089061,0.002369668246445498,586,64,257
PredSched_LLM,656,280.30789634146345,951.0,10128.0,0.4480399866089061,0.0026066350710900474,323,64,257
FIFO,656,1825.7121646341466,4560.77,14313.02,0.3909279843522715,0.017180616740088105,0,64,258
QSSF_proxy,656,394.6371036585366,1515.0,11470.02,0.4878247865822162,0.014977973568281937,348,64,258
RF_SRPT_proxy,656,394.6371036585366,1515.0,11470.02,0.4878247865822162,0.014977973568281937,340,64,258
Backfill_FIFO,656,399.68364329268286,1515.0100000000002,11238.02,0.4978955419721402,0.001982378854625551,611,64,258
Wind_proxy,656,400.1653658536585,1515.0100000000002,11238.02,0.4978955419721402,0.004845814977973568,611,64,258
PredSched_LLM,656,394.8764634146342,1515.0,11470.02,0.4878247865822162,0.015198237885462556,342,64,258
FIFO,656,5573.740792682927,11654.02,20145.02,0.43951579751472064,0.0052173913043478265,0,64,259
QSSF_proxy,656,1090.7037652439026,11252.01,13790.01,0.6420629521842259,0.0014906832298136647,368,64,259
RF_SRPT_proxy,656,1090.7037652439026,11252.01,13790.01,0.6420629521842259,0.0014906832298136647,359,64,259
Backfill_FIFO,656,1207.1633993902437,11262.0125,13801.01,0.6415512003288165,0.0012422360248447205,601,64,259
Wind_proxy,656,1207.1633993902437,11262.0125,13801.01,0.6415512003288165,0.0012422360248447205,601,64,259
PredSched_LLM,656,1090.7037652439026,11252.01,13790.01,0.6420629521842259,0.0014906832298136647,359,64,259
FIFO,656,2404.460792682927,6899.02,14685.02,0.4729469706310411,0.020135983263598327,0,64,260
QSSF_proxy,656,874.3123780487806,11024.037499999999,12135.05,0.5723285625239491,0.020397489539748955,348,64,260
RF_SRPT_proxy,656,874.3123780487806,11024.037499999999,12135.05,0.5723285625239491,0.020397489539748955,333,64,260
Backfill_FIFO,656,883.4817530487803,10911.26,11969.01,0.5802681861454081,0.002876569037656904,571,64,260
Wind_proxy,656,881.2271798780487,10911.26,11969.01,0.5802681861454081,0.004968619246861925,571,64,260
PredSched_LLM,656,867.2233384146342,10918.0075,12029.02,0.577373362306842,0.02065899581589958,333,64,260
FIFO,656,2829.827957317073,8331.2975,16685.03,0.19704498489813924,0.005013578441612701,0,64,261
QSSF_proxy,656,582.8735670731708,5304.792500000001,10129.02,0.32458238648704424,0.0027156883225402132,374,64,261
RF_SRPT_proxy,656,582.8735670731708,5304.792500000001,10129.02,0.32458238648704424,0.0027156883225402132,361,64,261
Backfill_FIFO,656,552.024161585366,5298.2575,10119.02,0.3249031511327184,0.0027156883225402132,632,64,261
Wind_proxy,656,552.024161585366,5298.2575,10119.02,0.3249031511327184,0.0027156883225402132,632,64,261
PredSched_LLM,656,582.8735670731708,5304.792500000001,10129.02,0.32458238648704424,0.0029245874242740757,361,64,261
FIFO,656,4797.153079268293,8454.5375,13385.04,0.24588791881878944,0.0034076015727391874,0,64,262
QSSF_proxy,656,380.66249999999997,4134.01,5607.01,0.5869830139247568,0.0015727391874180866,341,64,262
RF_SRPT_proxy,656,380.66249999999997,4134.01,5607.01,0.5869830139247568,0.0015727391874180866,334,64,262
Backfill_FIFO,656,381.12618902439027,4134.022500000001,5607.01,0.586983013924757,0.01730013106159895,615,64,262
Wind_proxy,656,381.1292378048781,4134.022500000001,5607.01,0.586983013924757,0.015203145478374836,615,64,262
PredSched_LLM,656,380.66707317073167,4134.01,5607.01,0.5869830139247568,0.00471821756225426,334,64,262
FIFO,656,4454.759435975609,7499.040000000001,15413.04,0.17086428039382562,0.005998956703182056,0,64,263
QSSF_proxy,656,566.7981402439024,8048.022500000001,10091.03,0.26097811504685353,0.003129890453834116,366,64,263
RF_SRPT_proxy,656,566.7981402439024,8048.022500000001,10091.03,0.26097811504685353,0.003129890453834116,357,64,263
Backfill_FIFO,656,558.3727591463415,8069.052500000002,10129.03,0.2599990313269138,0.03442879499217527,576,64,263
Wind_proxy,656,558.3727591463415,8069.052500000002,10129.03,0.2599990313269138,0.02686489306207616,576,64,263
PredSched_LLM,656,566.7981402439024,8048.022500000001,10091.03,0.26097811504685353,0.00782472613458529,357,64,263
FIFO,656,5672.71899390244,11822.7975,17399.04,0.23041439961450458,0.0030043910330483014,0,64,264
QSSF_proxy,656,526.8742835365854,5293.550000000001,7301.02,0.5490999004890754,0.0032354980355904783,335,64,264
RF_SRPT_proxy,656,526.8742835365854,5293.550000000001,7301.02,0.5490999004890754,0.0032354980355904783,326,64,264
Backfill_FIFO,656,520.1921798780487,5309.280000000001,7351.060000000001,0.5453620777777285,0.0032354980355904783,566,64,264
Wind_proxy,656,520.2089481707317,5309.280000000001,7351.060000000001,0.5453620777777285,0.0067021030737231336,566,64,264
PredSched_LLM,656,526.8742835365854,5293.550000000001,7301.02,0.5490999004890754,0.0048532470533857175,326,64,264
FIFO,656,2460.4443445121956,6049.050000000001,11171.080000000002,0.29430990837501836,0.0032088012835205133,0,64,265
QSSF_proxy,656,441.61911585365857,4182.7575,6199.02,0.530367627665341,0.0016044006417602567,362,64,265
RF_SRPT_proxy,656,441.61911585365857,4182.7575,6199.02,0.530367627665341,0.0016044006417602567,353,64,265
Backfill_FIFO,656,423.52434451219506,4186.75,6255.02,0.525619347540056,0.0016044006417602567,611,64,265
Wind_proxy,656,423.52434451219506,4186.75,6255.02,0.525619347540056,0.004354801741920697,611,64,265
PredSched_LLM,656,441.61911585365857,4182.7575,6199.02,0.530367627665341,0.005959202383680954,353,64,265
FIFO,656,5122.716493902439,11228.01,19587.010000000002,0.23964177083274835,0.004273504273504274,0,64,266
QSSF_proxy,656,743.0425762195122,9173.5,11183.0,0.4197322508914199,0.0030165912518853697,345,64,266
RF_SRPT_proxy,656,743.0425762195122,9173.5,11183.0,0.4197322508914199,0.0030165912518853697,338,64,266
Backfill_FIFO,656,734.7220121951219,9186.75,11304.0,0.41523936320937277,0.033685268979386625,555,64,266
Wind_proxy,656,734.7204878048781,9186.75,11304.0,0.41523936320937277,0.026143790849673203,555,64,266
PredSched_LLM,656,743.0425762195122,9173.5,11183.0,0.4197322508914199,0.011060834590246356,338,64,266
FIFO,656,2775.3912804878055,5074.02,13460.02,0.19651129761276362,0.020335256938719428,0,64,267
QSSF_proxy,656,233.88696646341464,2432.7575,10115.0,0.2614973797423381,0.03489969771915361,279,64,267
RF_SRPT_proxy,656,233.88696646341464,2432.7575,10115.0,0.2614973797423381,0.03489969771915361,273,64,267
Backfill_FIFO,656,234.65365853658534,2435.7575,10115.0,0.26149737974233805,0.018411651552624347,397,64,267
Wind_proxy,656,234.65518292682924,2435.7575,10115.0,0.26149737974233805,0.018411651552624347,397,64,267
PredSched_LLM,656,233.88849085365854,2432.7575,10115.0,0.2614973797423381,0.03489969771915361,273,64,267
FIFO,656,1001.6975457317076,2301.0400000000004,10771.04,0.31935623933482754,0.018768596932936598,0,64,268
QSSF_proxy,656,699.1762347560975,8096.5,10146.01,0.33902971001654847,0.002746623941405356,333,64,268
RF_SRPT_proxy,656,699.1762347560975,8096.5,10146.01,0.33902971001654847,0.002746623941405356,325,64,268
Backfill_FIFO,656,683.7717073170732,8079.275000000001,10154.02,0.3387622663856286,0.002746623941405356,636,64,268
Wind_proxy,656,683.7717073170732,8079.275000000001,10154.02,0.3387622663856286,0.002746623941405356,636,64,268
PredSched_LLM,656,699.1762347560975,8096.5,10146.01,0.33902971001654847,0.0025177386129549098,325,64,268
FIFO,656,3314.022942073171,9191.050000000001,17688.050000000003,0.2587582159547689,0.003922473465620674,0,64,269
QSSF_proxy,656,667.2962652439026,8096.540000000001,10129.0,0.45186378336644784,0.0025380710659898475,363,64,269
RF_SRPT_proxy,656,667.2962652439026,8096.540000000001,10129.0,0.45186378336644784,0.0025380710659898475,357,64,269
Backfill_FIFO,656,665.7467225609756,8067.005,10129.0,0.45186378336644784,0.0025380710659898475,603,64,269
Wind_proxy,656,665.7467225609756,8067.005,10129.0,0.45186378336644784,0.0018458698661744347,603,64,269
PredSched_LLM,656,667.2962652439026,8096.540000000001,10129.0,0.45186378336644784,0.0023073373327180432,357,64,269
FIFO,656,2503.05899390244,5730.030000000001,9648.02,0.2788053699262905,0.01794145420207743,0,64,270
QSSF_proxy,656,328.1540853658537,3333.5175000000004,4746.02,0.5667737989212539,0.0016525023607176581,370,64,270
RF_SRPT_proxy,656,328.1540853658537,3333.5175000000004,4746.02,0.5667737989212539,0.0016525023607176581,359,64,270
Backfill_FIFO,656,307.0169359756097,3161.26,4785.040000000001,0.5621519956272568,0.0016525023607176581,442,64,270
Wind_proxy,656,307.0169359756097,3161.26,4785.040000000001,0.5621519956272568,0.010623229461756374,442,64,270
PredSched_LLM,656,328.1540853658537,3333.5175000000004,4746.02,0.5667737989212539,0.011095372993389991,359,64,270
FIFO,656,3549.0919969512197,9572.03,17954.03,0.21515462967262777,0.004655721636853712,0,64,271
QSSF_proxy,656,732.7821036585366,9136.0,11178.0,0.34557994952417687,0.0017152658662092624,350,64,271
RF_SRPT_proxy,656,732.7821036585366,9136.0,11178.0,0.34557994952417687,0.0017152658662092624,338,64,271
Backfill_FIFO,656,728.8964634146341,9183.52,11204.03,0.34477707358702625,0.0017152658662092624,522,64,271
Wind_proxy,656,728.8964634146341,9183.52,11204.03,0.34477707358702625,0.0012251899044351876,522,64,271
PredSched_LLM,656,732.7821036585366,9136.0,11178.0,0.34557994952417687,0.001470227885322225,338,64,271
FIFO,656,2993.2288871951223,9046.060000000001,17392.06,0.2282225539448749,0.005050505050505051,0,64,272
QSSF_proxy,656,564.3856097560976,5746.840000000002,10124.01,0.39206404888601454,0.0016835016835016834,367,64,272
RF_SRPT_proxy,656,564.3856097560976,5746.840000000002,10124.01,0.39206404888601454,0.0016835016835016834,356,64,272
Backfill_FIFO,656,548.3680030487807,5502.780000000001,10119.01,0.3922577753715532,0.0023148148148148147,616,64,272
Wind_proxy,656,548.3847713414635,5502.780000000001,10119.01,0.3922577753715532,0.0023148148148148147,616,64,272
PredSched_LLM,656,564.3871341463415,5746.840000000002,10124.01,0.39206404888601454,0.0021043771043771043,356,64,272
FIFO,656,3783.809100609757,6177.02,15516.02,0.3444081390858449,0.0024797114517583407,0,64,273
QSSF_proxy,656,752.3467530487806,8079.540000000001,10443.0,0.5117153666780381,0.0015779981965734896,354,64,273
RF_SRPT_proxy,656,752.3467530487806,8079.540000000001,10443.0,0.5117153666780381,0.0015779981965734896,347,64,273
Backfill_FIFO,656,753.4987347560976,8086.2575,10615.0,0.5034237940856102,0.0015779981965734896,568,64,273
Wind_proxy,656,753.4987347560976,8086.2575,10615.0,0.5034237940856102,0.0015779981965734896,568,64,273
PredSched_LLM,656,752.3467530487806,8079.540000000001,10443.0,0.5117153666780381,0.0015779981965734896,347,64,273
FIFO,656,3549.048490853659,6819.0,14837.0,0.287610339649188,0.0050335570469798654,0,64,274
QSSF_proxy,656,695.4178048780489,8085.5375,10110.0,0.42208453109544997,0.04410354745925216,365,64,274
RF_SRPT_proxy,656,695.4178048780489,8085.5375,10110.0,0.42208453109544997,0.04410354745925216,359,64,274
Backfill_FIFO,656,661.6599085365855,8111.2675,10212.01,0.41786823645638793,0.0011984659635666348,578,64,274
Wind_proxy,656,661.6934451219513,8111.2675,10212.01,0.41786823645638793,0.010786193672099712,578,64,274
PredSched_LLM,656,695.4178048780489,8085.5375,10110.0,0.42208453109544997,0.039309683604985615,359,64,274
FIFO,656,1445.5030182926832,2737.0300000000007,10607.04,0.25930642415615013,0.003997715591090805,0,64,275
QSSF_proxy,656,560.320137195122,7842.005,9683.0,0.28405180349904463,0.0037121644774414622,333,64,275
RF_SRPT_proxy,656,560.320137195122,7842.005,9683.0,0.28405180349904463,0.0037121644774414622,326,64,275
Backfill_FIFO,656,558.0334451219513,7836.5,9710.0,0.2832619581134139,0.0034266133637921186,551,64,275
Wind_proxy,656,558.0334451219513,7836.5,9710.0,0.2832619581134139,0.0074243289548829245,551,64,275
PredSched_LLM,656,560.320137195122,7842.005,9683.0,0.28405180349904463,0.006282124500285551,326,64,275
FIFO,656,5196.628262195122,10723.75,19321.0,0.27282242079537805,0.020631369624658214,0,64,276
QSSF_proxy,656,468.8003658536585,5199.0,10296.01,0.5119655082102194,0.018145662440964456,355,64,276
RF_SRPT_proxy,656,468.8003658536585,5199.0,10296.01,0.5119655082102194,0.018145662440964456,350,64,276
Backfill_FIFO,656,472.4674390243903,5199.0,10812.01,0.48753210477862113,0.018145662440964456,593,64,276
Wind_proxy,656,472.4674390243903,5199.0,10812.01,0.48753210477862113,0.018145662440964456,593,64,276
PredSched_LLM,656,468.8003658536585,5199.0,10296.01,0.5119655082102194,0.018145662440964456,350,64,276
FIFO,656,2611.3167530487804,7953.529999999999,16323.039999999999,0.3074519518308171,0.032547169811320754,0,64,277
QSSF_proxy,656,368.22228658536585,1255.75,11200.0,0.4480848667689732,0.0025943396226415093,346,64,277
RF_SRPT_proxy,656,368.22228658536585,1255.75,11200.0,0.4480848667689732,0.0025943396226415093,334,64,277
Backfill_FIFO,656,356.1277743902439,1255.75,11200.0,0.4480848667689733,0.0025943396226415093,638,64,277
Wind_proxy,656,356.1277743902439,1255.75,11200.0,0.4480848667689733,0.002830188679245283,638,64,277
PredSched_LLM,656,368.22228658536585,1255.75,11200.0,0.4480848667689732,0.0025943396226415093,334,64,277
FIFO,656,6149.541326219512,14655.27,23127.02,0.3681349468000525,0.0026607538802660754,0,64,278
QSSF_proxy,656,1192.1906859756098,10699.5375,12896.0,0.6601941902406755,0.0022172949002217295,314,64,278
RF_SRPT_proxy,656,1192.1906859756098,10699.5375,12896.0,0.6601941902406755,0.0022172949002217295,310,64,278
Backfill_FIFO,656,1220.5493750000003,10490.51,13035.0,0.653154144790468,0.028824833702882482,477,64,278
Wind_proxy,656,1220.5585213414636,10490.51,13037.0,0.6530539447222329,0.028824833702882482,477,64,278
PredSched_LLM,656,1192.199832317073,10699.5375,12896.0,0.6601941902406755,0.0022172949002217295,310,64,278
FIFO,656,4387.422073170732,8250.28,16670.03,0.4059430740470324,0.005954912803062527,0,64,279
QSSF_proxy,656,904.525868902439,9408.7525,11410.0,0.5930835427393736,0.002552105487026797,358,64,279
RF_SRPT_proxy,656,904.525868902439,9408.7525,11410.0,0.5930835427393736,0.002552105487026797,352,64,279
Backfill_FIFO,656,896.5385213414635,9440.01,11482.04,0.5893624497612141,0.002552105487026797,561,64,279
Wind_proxy,656,896.5339481707317,9440.01,11482.04,0.5893624497612141,0.008719693747341557,561,64,279
PredSched_LLM,656,904.5228201219512,9408.7525,11410.0,0.5930835427393736,0.008081667375584857,352,64,279
FIFO,656,4022.867362804878,10289.52,18856.02,0.33564384896209537,0.018911439114391145,0,64,280
QSSF_proxy,656,686.230899390244,8067.26,10845.0,0.5835783429143616,0.01614391143911439,349,64,280
RF_SRPT_proxy,656,686.230899390244,8067.26,10845.0,0.5835783429143616,0.01614391143911439,343,64,280
Backfill_FIFO,656,668.4378658536586,8067.51,10659.0,0.5937618096356366,0.0020756457564575647,521,64,280
Wind_proxy,656,671.5994512195123,8067.51,10979.0,0.5764556998730532,0.0023062730627306273,521,64,280
PredSched_LLM,656,686.2583384146342,8067.26,10845.0,0.5835783429143616,0.01614391143911439,343,64,280
FIFO,656,5391.734283536586,11776.042500000001,15650.03,0.31764235485890435,0.005851063829787234,0,64,281
QSSF_proxy,656,501.1266920731708,5199.0,6917.01,0.7186793690933656,0.0031914893617021275,395,64,281
RF_SRPT_proxy,656,501.1266920731708,5199.0,6917.01,0.7186793690933656,0.0031914893617021275,378,64,281
Backfill_FIFO,656,481.0059298780489,5135.265,6948.02,0.7154718010040991,0.01702127659574468,586,64,281
Wind_proxy,656,481.0059298780489,5135.265,6948.02,0.7154718010040991,0.014893617021276596,586,64,281
PredSched_LLM,656,501.1266920731708,5199.0,6917.01,0.7186793690933656,0.005851063829787234,378,64,281
FIFO,656,2111.069100609757,6680.050000000001,10895.01,0.2260270233517454,0.0060759493670886075,0,64,282
QSSF_proxy,656,425.8187500000001,5283.01,7323.0,0.33627839405810445,0.002531645569620253,351,64,282
RF_SRPT_proxy,656,425.8187500000001,5283.01,7323.0,0.33627839405810445,0.002531645569620253,342,64,282
Backfill_FIFO,656,410.69230182926833,5322.7525000000005,7353.050000000001,0.3349041118566443,0.017721518987341773,457,64,282
Wind_proxy,656,410.69230182926833,5322.7525000000005,7353.050000000001,0.3349041118566443,0.02050632911392405,457,64,282
PredSched_LLM,656,425.8187500000001,5283.01,7323.0,0.33627839405810445,0.007341772151898734,342,64,282
FIFO,656,4226.825030487806,11151.560000000001,19474.02,0.2674032987282543,0.019367492032360874,0,64,283
QSSF_proxy,656,483.7925457317074,5278.0075,10374.0,0.5019681113842299,0.016670752635449867,351,64,283
RF_SRPT_proxy,656,483.7925457317074,5278.0075,10374.0,0.5019681113842299,0.016670752635449867,340,64,283
Backfill_FIFO,656,468.6782469512196,5280.51,10510.0,0.4954726153663178,0.016670752635449867,589,64,283
Wind_proxy,656,470.0273323170733,5280.51,10510.0,0.4954726153663178,0.015935278254474137,589,64,283
PredSched_LLM,656,483.5547408536586,5278.0075,10374.0,0.5019681113842299,0.016425594508457955,340,64,283
FIFO,656,2611.1659298780487,6955.540000000001,15454.04,0.4459063513387922,0.006775407779171894,0,64,284
QSSF_proxy,656,965.122012195122,11484.5175,13504.0,0.5102972889398513,0.01631116687578419,370,64,284
RF_SRPT_proxy,656,965.122012195122,11484.5175,13504.0,0.5102972889398513,0.01631116687578419,362,64,284
Backfill_FIFO,656,885.8596341463415,10777.0125,12826.0,0.5372723054610754,0.01756587202007528,564,64,284
Wind_proxy,656,885.8657317073171,10777.0125,12826.0,0.5372723054610754,0.01656210790464241,564,64,284
PredSched_LLM,656,965.1281097560976,11484.5175,13504.0,0.5102972889398513,0.013801756587202008,362,64,284
FIFO,656,1414.0263109756097,3313.5299999999997,11308.029999999999,0.29212185285865444,0.003655471784327165,0,64,285
QSSF_proxy,656,294.9014024390244,999.0074999999999,9705.01,0.34037292859886287,0.0018277358921635824,334,64,285
RF_SRPT_proxy,656,294.9014024390244,999.0074999999999,9705.01,0.34037292859886287,0.0018277358921635824,326,64,285
Backfill_FIFO,656,289.57184451219507,999.0074999999999,9705.01,0.34037292859886287,0.01553575508339045,616,64,285
Wind_proxy,656,289.57184451219507,999.0074999999999,9705.01,0.34037292859886287,0.015307288096870002,616,64,285
PredSched_LLM,656,294.9014024390244,999.0074999999999,9705.01,0.34037292859886287,0.0013708019191226869,326,64,285
FIFO,656,3088.1876524390254,7956.0700000000015,16252.070000000002,0.2838629243651731,0.001738752445120626,0,64,286
QSSF_proxy,656,564.6618902439025,5316.522500000001,10158.01,0.45415983220999984,0.001738752445120626,350,64,286
RF_SRPT_proxy,656,564.6618902439025,5316.522500000001,10158.01,0.45415983220999984,0.001738752445120626,340,64,286
Backfill_FIFO,656,564.2747560975611,5319.547500000001,10158.01,0.45415983220999995,0.001738752445120626,617,64,286
Wind_proxy,656,564.2960975609757,5319.547500000001,10158.01,0.45415983220999995,0.0015214083894805478,617,64,286
PredSched_LLM,656,564.6618902439025,5316.522500000001,10158.01,0.45415983220999984,0.001738752445120626,340,64,286
FIFO,656,3651.67818597561,10034.0,18025.0,0.2741397939060333,0.0054441260744985676,0,64,287
QSSF_proxy,656,511.94314024390246,4485.0,9685.0,0.5102085477703923,0.01862464183381089,349,64,287
RF_SRPT_proxy,656,511.94314024390246,4485.0,9685.0,0.5102085477703923,0.01862464183381089,337,64,287
Backfill_FIFO,656,483.469131097561,3997.25,9707.0,0.5090522082163647,0.03581661891117478,415,64,287
Wind_proxy,656,483.2633384146341,3997.25,9707.0,0.5090522082163647,0.02865329512893983,415,64,287
PredSched_LLM,656,511.94314024390246,4485.0,9685.0,0.5102085477703923,0.0169054441260745,337,64,287
FIFO,656,5021.144756097561,9851.54,17823.050000000003,0.2259464098544442,0.005333951762523191,0,64,288
QSSF_proxy,656,639.0671646341463,8059.765,10091.01,0.3990734485602777,0.016465677179962893,374,64,288
RF_SRPT_proxy,656,639.0671646341463,8059.765,10091.01,0.3990734485602777,0.016465677179962893,367,64,288
Backfill_FIFO,656,634.6255335365854,8091.5275,10140.03,0.3971442057031635,0.016697588126159554,597,64,288
Wind_proxy,656,634.6255335365854,8091.5275,10140.03,0.3971442057031635,0.015538033395176253,597,64,288
PredSched_LLM,656,639.0671646341463,8059.765,10091.01,0.3990734485602777,0.016001855287569575,367,64,288
FIFO,656,2531.8700152439023,5805.530000000001,9701.03,0.2742227198587418,0.0033018867924528303,0,64,289
QSSF_proxy,656,321.4886128048781,3161.5250000000005,4756.01,0.559343405928762,0.01768867924528302,315,64,289
RF_SRPT_proxy,656,321.4886128048781,3161.5250000000005,4756.01,0.559343405928762,0.01768867924528302,309,64,289
Backfill_FIFO,656,321.4895731707317,3145.7525,4822.030000000001,0.551685251238846,0.018160377358490565,596,64,289
Wind_proxy,656,321.4895731707317,3145.7525,4822.030000000001,0.551685251238846,0.019575471698113207,596,64,289
PredSched_LLM,656,321.4886128048781,3161.5250000000005,4756.01,0.559343405928762,0.01768867924528302,309,64,289
FIFO,656,303.97155487804883,821.27,9047.0,0.2219965721544435,0.0037413148049171567,0,64,290
QSSF_proxy,656,133.4008536585366,572.5025,9047.0,0.2219965721544435,0.004008551576696953,277,64,290
RF_SRPT_proxy,656,133.4008536585366,572.5025,9047.0,0.2219965721544435,0.004008551576696953,265,64,290
Backfill_FIFO,656,131.60971036585363,566.0,9047.0,0.22199657215444346,0.020309994655264563,493,64,290
Wind_proxy,656,153.63254573170732,607.5025,9047.0,0.2219965721544435,0.020309994655264563,483,64,290
PredSched_LLM,656,155.41911585365855,612.0074999999999,9047.0,0.2219965721544435,0.008017103153393906,249,64,290
FIFO,656,2716.3167530487804,7385.049999999999,15863.05,0.21742249234463093,0.002641690682036503,0,64,291
QSSF_proxy,656,557.3003506097562,5279.532500000001,10149.01,0.33983451264581477,0.002881844380403458,351,64,291
RF_SRPT_proxy,656,557.3003506097562,5279.532500000001,10149.01,0.33983451264581477,0.002881844380403458,344,64,291
Backfill_FIFO,656,557.221280487805,5281.012500000001,10149.01,0.33983451264581477,0.002881844380403458,600,64,291
Wind_proxy,656,557.221280487805,5281.012500000001,10149.01,0.33983451264581477,0.002881844380403458,600,64,291
PredSched_LLM,656,557.3003506097562,5279.532500000001,10149.01,0.33983451264581477,0.002881844380403458,344,64,291
FIFO,656,5803.307042682928,12715.79,21866.04,0.2800256422530668,0.004830917874396135,0,64,292
QSSF_proxy,656,753.6090548780488,9237.0075,11231.0,0.5451920483065846,0.017023234414538763,309,64,292
RF_SRPT_proxy,656,753.6090548780488,9237.0075,11231.0,0.5451920483065846,0.017023234414538763,299,64,292
Backfill_FIFO,656,760.9185060975612,9244.03,11299.0,0.5419109562378308,0.003450655624568668,465,64,292
Wind_proxy,656,760.9185060975612,9244.03,11299.0,0.5419109562378308,0.00322061191626409,465,64,292
PredSched_LLM,656,753.6090548780488,9237.0075,11231.0,0.5451920483065846,0.016793190706234185,299,64,292
FIFO,656,3007.727103658537,7343.547500000001,12722.04,0.23236861482120796,0.0039081582804103565,0,64,293
QSSF_proxy,656,479.6982164634146,5273.0,6356.02,0.46510281787974234,0.002442598925256473,339,64,293
RF_SRPT_proxy,656,479.6982164634146,5273.0,6356.02,0.46510281787974234,0.002442598925256473,326,64,293
Backfill_FIFO,656,480.6116006097561,5308.522500000001,6352.02,0.46539570286302623,0.01709819247679531,553,64,293
Wind_proxy,656,480.62074695121953,5308.522500000001,6352.02,0.46539570286302623,0.01441133365901319,553,64,293
PredSched_LLM,656,479.6982164634146,5273.0,6356.02,0.46510281787974234,0.00903761602344895,326,64,293
FIFO,656,2897.247804878049,7371.52,15937.03,0.39199664829331426,0.004383218534752661,0,64,294
QSSF_proxy,656,282.2663414634146,1045.5,10701.0,0.5838017328987944,0.004070131496556042,348,64,294
RF_SRPT_proxy,656,282.2663414634146,1045.5,10701.0,0.5838017328987944,0.004070131496556042,342,64,294
Backfill_FIFO,656,285.79532012195125,898.0,10688.0,0.5845118210843937,0.003757044458359424,577,64,294
Wind_proxy,656,285.88983231707317,946.25,10725.0,0.5824953234265734,0.006261740763932373,577,64,294
PredSched_LLM,656,282.04233231707315,1045.5,10701.0,0.5838017328987944,0.022229179711959923,342,64,294
FIFO,656,1950.7775914634149,6098.53,14634.04,0.3803773785938469,0.0035822540644805732,0,64,295
QSSF_proxy,656,576.6308993902439,6275.0,10764.0,0.5171365452840487,0.002204464039680353,370,64,295
RF_SRPT_proxy,656,576.6308993902439,6275.0,10764.0,0.5171365452840487,0.002204464039680353,359,64,295
Backfill_FIFO,656,544.0868749999998,5468.0,10768.04,0.5169425237496797,0.0019289060347203086,498,64,295
Wind_proxy,656,544.0868749999998,5468.0,10768.04,0.5169425237496797,0.0013777900248002205,498,64,295
PredSched_LLM,656,576.6308993902439,6275.0,10764.0,0.5171365452840487,0.002204464039680353,359,64,295
FIFO,656,3585.2408993902445,5994.02,14461.02,0.25271464145509803,0.0071246819338422395,0,64,296
QSSF_proxy,656,672.9467225609757,9133.532500000001,11148.0,0.3278176788998026,0.0027989821882951653,336,64,296
RF_SRPT_proxy,656,672.9467225609757,9133.532500000001,11148.0,0.3278176788998026,0.0027989821882951653,326,64,296
Backfill_FIFO,656,670.4085823170731,9143.2575,11181.01,0.32684985384817644,0.018066157760814248,566,64,296
Wind_proxy,656,670.4085823170731,9143.2575,11181.01,0.32684985384817644,0.019338422391857506,566,64,296
PredSched_LLM,656,672.9467225609757,9133.532500000001,11148.0,0.3278176788998026,0.008905852417302799,326,64,296
FIFO,656,3998.481737804879,10000.03,18101.02,0.30714833335359004,0.015592273679311148,0,64,297
QSSF_proxy,656,732.8585213414635,8094.2875,10092.0,0.5509015185295287,0.01605771468466372,347,64,297
RF_SRPT_proxy,656,732.8585213414635,8094.2875,10092.0,0.5509015185295287,0.01605771468466372,336,64,297
Backfill_FIFO,656,733.6317378048781,8117.550000000001,10157.0,0.5473760091562475,0.002094484524086572,559,64,297
Wind_proxy,656,733.6317378048781,8117.550000000001,10157.0,0.5473760091562475,0.007447056085641145,559,64,297
PredSched_LLM,656,732.8585213414635,8094.2875,10092.0,0.5509015185295287,0.021177565743542005,336,64,297
FIFO,656,1020.440960365854,2831.0075,10762.01,0.3157520009186249,0.02486678507992895,0,64,298
QSSF_proxy,656,497.33675304878045,4044.5,10068.0,0.3375175001396752,0.0026642984014209592,255,64,298
RF_SRPT_proxy,656,497.33675304878045,4044.5,10068.0,0.3375175001396752,0.0026642984014209592,255,64,298
Backfill_FIFO,656,497.2984908536586,4044.5,10108.01,0.3361815225159304,0.020426287744227355,436,64,298
Wind_proxy,656,497.2984908536586,4044.5,10108.01,0.3361815225159304,0.019538188277087035,436,64,298
PredSched_LLM,656,497.33675304878045,4044.5,10068.0,0.3375175001396752,0.005624629958555358,255,64,298
FIFO,656,4392.19262195122,10461.060000000001,18853.04,0.20269790748932268,0.004801920768307323,0,64,299
QSSF_proxy,656,400.7484146341464,4378.0025000000005,10135.01,0.377056535495525,0.0024009603841536613,318,64,299
RF_SRPT_proxy,656,400.7484146341464,4378.0025000000005,10135.01,0.377056535495525,0.0024009603841536613,300,64,299
Backfill_FIFO,656,401.6797408536586,4383.0025000000005,10135.01,0.377056535495525,0.001800720288115246,584,64,299
Wind_proxy,656,401.6797408536586,4383.0025000000005,10135.01,0.377056535495525,0.0015006002400960385,584,64,299
PredSched_LLM,656,400.7484146341464,4378.0025000000005,10135.01,0.377056535495525,0.0027010804321728693,300,64,299
