policy,n_jobs_completed,avg_jct_min,p95_jct_min,makespan_min,mean_gpu_utilization,fragmentation_rate,backfill_admissions,cluster,n_hosts,boot_rep
FIFO,700,11059.467880952381,25378.822499999995,37759.88333333334,0.7640800471443899,0.011984021304926764,0,Earth,8,0
QSSF_proxy,700,6399.0545,14975.155833333332,40420.98333333333,0.7137771290612674,0.006657789613848202,308,Earth,8,0
RF_SRPT_proxy,700,6418.507642857142,14704.045833333332,39119.066666666666,0.7375322546251958,0.002663115845539281,346,Earth,8,0
Backfill_FIFO,700,7523.324333333335,17572.64416666667,33528.76666666667,0.8605020794332832,0.002663115845539281,349,Earth,8,0
Wind_proxy,700,7523.324333333335,17572.64416666667,33528.76666666667,0.8605020794332832,0.002663115845539281,349,Earth,8,0
PredSched_LLM,700,6418.507642857142,14704.045833333332,39119.066666666666,0.7375322546251958,0.002663115845539281,346,Earth,8,0
FIFO,700,9644.082142857142,20244.811666666665,33485.216666666674,0.804683428707096,0.013386880856760375,0,Earth,8,1
QSSF_proxy,700,6253.178095238096,14580.161666666669,38211.88333333333,0.7051471062884886,0.006693440428380187,286,Earth,8,1
RF_SRPT_proxy,700,6324.693095238095,14687.56416666667,38005.01666666666,0.7089853214553693,0.0,340,Earth,8,1
Backfill_FIFO,700,7173.3207619047635,16841.214999999997,33267.51666666666,0.8099492134720004,0.013386880856760375,337,Earth,8,1
Wind_proxy,700,7173.3207619047635,16841.214999999997,33267.51666666666,0.8099492134720004,0.013386880856760375,337,Earth,8,1
PredSched_LLM,700,6324.693095238095,14687.56416666667,38005.01666666666,0.7089853214553693,0.0,340,Earth,8,1
FIFO,700,334.48171428571436,1154.6833333333334,18220.133333333335,0.44086948400944775,0.017496635262449527,0,Earth,8,2
QSSF_proxy,700,168.8179285714286,1064.6000000000022,18220.133333333335,0.44086948400944737,0.021534320323014805,140,Earth,8,2
RF_SRPT_proxy,700,167.94309523809528,1064.2908333333303,18220.133333333335,0.4408694840094476,0.018842530282637954,150,Earth,8,2
Backfill_FIFO,700,171.918380952381,1118.380833333333,18220.133333333335,0.44086948400944737,0.020188425302826378,261,Earth,8,2
Wind_proxy,700,172.41702380952384,1154.6833333333334,18220.133333333335,0.44086948400944737,0.021534320323014805,261,Earth,8,2
PredSched_LLM,700,167.94309523809528,1064.2908333333303,18220.133333333335,0.4408694840094476,0.018842530282637954,150,Earth,8,2
FIFO,700,7504.7628333333305,16065.66416666666,31840.183333333334,0.7957576439048981,0.013297872340425532,0,Earth,8,3
QSSF_proxy,700,6102.987476190477,14775.534166666665,29119.949999999997,0.870093158499014,0.022606382978723406,313,Earth,8,3
RF_SRPT_proxy,700,6006.239880952381,14550.509166666681,32058.183333333334,0.7903463838666256,0.03856382978723404,184,Earth,8,3
Backfill_FIFO,700,6228.236738095237,14450.641666666663,31812.15,0.7964588772161998,0.011968085106382979,326,Earth,8,3
Wind_proxy,700,6160.429761904761,14679.466666666667,30815.166666666664,0.8222272345598222,0.014627659574468085,327,Earth,8,3
PredSched_LLM,700,6006.239880952381,14550.509166666681,32058.183333333334,0.7903463838666256,0.03856382978723404,184,Earth,8,3
FIFO,700,2784.142119047624,8326.727500000025,22094.900000000023,0.8352254790698302,0.007731958762886598,0,Earth,8,4
QSSF_proxy,700,561.5043333333335,3453.869999999973,22866.36666666667,0.8070465984612041,0.019329896907216496,348,Earth,8,4
RF_SRPT_proxy,700,648.4880476190478,4062.762499999999,21458.733333333334,0.859986614812617,0.019329896907216496,468,Earth,8,4
Backfill_FIFO,700,890.0153095238104,3471.765833333334,26800.033333333333,0.6885895703176985,0.015463917525773196,424,Earth,8,4
Wind_proxy,700,889.7249047619056,3471.765833333334,26791.083333333336,0.6888196049369658,0.015463917525773196,424,Earth,8,4
PredSched_LLM,700,648.4880476190478,4062.762499999999,21458.733333333334,0.859986614812617,0.019329896907216496,468,Earth,8,4
FIFO,700,2406.9773333333337,9909.283333333333,21866.95,0.6793359003732423,0.009320905459387484,0,Earth,8,5
QSSF_proxy,700,384.9933333333338,1746.1049999999937,18492.3,0.8033075478262124,0.03062583222370173,303,Earth,8,5
RF_SRPT_proxy,700,462.0663809523813,3027.433333333338,18492.3,0.8033075478262124,0.006657789613848202,309,Earth,8,5
Backfill_FIFO,700,467.45028571428605,2718.879166666665,18492.3,0.8033075478262122,0.02929427430093209,317,Earth,8,5
Wind_proxy,700,467.45028571428605,2718.879166666665,18492.3,0.8033075478262122,0.03195739014647137,317,Earth,8,5
PredSched_LLM,700,462.0663809523813,3027.433333333338,18492.3,0.8033075478262124,0.006657789613848202,309,Earth,8,5
FIFO,700,108.19230952380953,713.5683333333309,13777.900000000001,0.34451696648255525,0.014725568942436412,0,Earth,8,6
QSSF_proxy,700,94.64323809523809,614.6083333333293,13777.900000000001,0.34451696648255525,0.01740294511378849,30,Earth,8,6
RF_SRPT_proxy,700,92.20704761904761,547.9708333333326,13777.900000000001,0.34451696648255525,0.014725568942436412,34,Earth,8,6
Backfill_FIFO,700,91.41009523809522,591.7308333333323,13777.900000000001,0.34451696648255525,0.0214190093708166,44,Earth,8,6
Wind_proxy,700,90.65897619047618,593.5899999999972,13777.900000000001,0.34451696648255514,0.012048192771084338,45,Earth,8,6
PredSched_LLM,700,92.20704761904761,547.9708333333326,13777.900000000001,0.34451696648255525,0.014725568942436412,34,Earth,8,6
FIFO,700,520.1606428571431,1640.0166666666673,13691.566666666664,0.43703651517844355,0.018867924528301886,0,Earth,8,7
QSSF_proxy,700,110.64938095238097,644.6958333333313,13569.65,0.44096307445905586,0.013477088948787063,148,Earth,8,7
RF_SRPT_proxy,700,121.61226190476198,847.6075000000004,13569.65,0.44096307445905614,0.013477088948787063,243,Earth,8,7
Backfill_FIFO,700,116.92657142857148,863.4458333333338,13569.65,0.44096307445905625,0.0215633423180593,258,Earth,8,7
Wind_proxy,700,126.73540476190475,879.9799999999999,13569.65,0.4409630744590565,0.01752021563342318,313,Earth,8,7
PredSched_LLM,700,121.61226190476198,847.6075000000004,13569.65,0.44096307445905614,0.013477088948787063,243,Earth,8,7
FIFO,700,3511.586904761905,10602.733333333334,23959.25,0.7110853693423904,0.021505376344086023,0,Earth,8,8
QSSF_proxy,700,555.9608333333335,2075.3474999999967,21784.399999999998,0.7820767216639737,0.01881720430107527,328,Earth,8,8
RF_SRPT_proxy,700,587.4881190476192,3180.934166666656,21998.600000000006,0.7744616537150846,0.01881720430107527,343,Earth,8,8
Backfill_FIFO,700,793.8090476190479,3989.214166666662,21953.616666666676,0.7760485387942911,0.026881720430107527,316,Earth,8,8
Wind_proxy,700,790.9750714285717,3749.3224999999966,21919.016666666674,0.7772735608767423,0.01478494623655914,316,Earth,8,8
PredSched_LLM,700,587.4881190476192,3180.934166666656,21998.600000000006,0.7744616537150846,0.01881720430107527,343,Earth,8,8
FIFO,700,2694.2314999999994,10602.650000000001,20709.216666666664,0.81708618515669,0.025780189959294438,0,Earth,8,9
QSSF_proxy,700,580.5379761904761,2654.560833333323,20529.51666666667,0.8242383451347695,0.031207598371777476,293,Earth,8,9
RF_SRPT_proxy,700,584.3858333333333,3030.6999999999953,19599.68333333333,0.8633412364868143,0.016282225237449117,307,Earth,8,9
Backfill_FIFO,700,646.3073809523809,2576.9208333333295,20144.783333333333,0.8399799870644754,0.016282225237449117,345,Earth,8,9
Wind_proxy,700,646.3073809523809,2576.9208333333295,20144.783333333333,0.8399799870644754,0.016282225237449117,345,Earth,8,9
PredSched_LLM,700,584.3858333333333,3030.6999999999953,19599.68333333333,0.8633412364868143,0.016282225237449117,307,Earth,8,9
FIFO,700,7641.643785714286,15503.43833333333,31215.533333333333,0.8021558827949984,0.011842105263157895,0,Earth,8,10
QSSF_proxy,700,583.1979761904763,2610.7108333333363,34752.066666666666,0.7205247370779866,0.010526315789473684,342,Earth,8,10
RF_SRPT_proxy,700,1010.568261904762,5939.64166666667,34106.78333333333,0.7341567058141416,0.014473684210526316,391,Earth,8,10
Backfill_FIFO,700,1025.3672380952385,3779.6499999999996,34128.5,0.7336895467986188,0.011842105263157895,407,Earth,8,10
Wind_proxy,700,1029.432904761905,3811.6833333333325,34128.5,0.7336895467986189,0.010526315789473684,407,Earth,8,10
PredSched_LLM,700,1010.568261904762,5939.64166666667,34106.78333333333,0.7341567058141416,0.014473684210526316,391,Earth,8,10
FIFO,700,8503.126595238096,16791.085000000003,34018.166666666664,0.7111924495612637,0.0316622691292876,0,Earth,8,11
QSSF_proxy,700,879.1757619047619,6365.939166666665,34991.63333333333,0.6914070872537151,0.0158311345646438,343,Earth,8,11
RF_SRPT_proxy,700,719.9207857142859,4010.256666666669,33277.166666666664,0.7270289422051156,0.011873350923482849,373,Earth,8,11
Backfill_FIFO,700,1047.9783333333335,3924.461666666584,33267.51666666666,0.7272398334887236,0.010554089709762533,378,Earth,8,11
Wind_proxy,700,1047.9783333333335,3924.461666666584,33267.51666666666,0.7272398334887236,0.010554089709762533,378,Earth,8,11
PredSched_LLM,700,719.9207857142859,4010.256666666669,33277.166666666664,0.7270289422051156,0.011873350923482849,373,Earth,8,11
FIFO,700,14111.384619047618,29394.989166666674,46751.99999999999,0.7956335535556414,0.0066050198150594455,0,Earth,8,12
QSSF_proxy,700,6086.901142857143,14775.216666666665,43894.98333333334,0.8474193876179474,0.003963011889035667,271,Earth,8,12
RF_SRPT_proxy,700,6225.694523809523,15974.714999999986,48225.23333333333,0.7713277329053876,0.0,330,Earth,8,12
Backfill_FIFO,700,13358.218023809522,28862.68666666666,46051.56666666665,0.8077349499329384,0.002642007926023778,314,Earth,8,12
Wind_proxy,700,13341.447547619042,28813.476666666655,46026.46666666666,0.8081754388236051,0.005284015852047556,314,Earth,8,12
PredSched_LLM,700,6225.694523809523,15974.714999999986,48225.23333333333,0.7713277329053876,0.0,330,Earth,8,12
FIFO,700,821.5190000000002,2233.669166666666,13697.566666666666,0.5885524527470816,0.02127659574468085,0,Earth,8,13
QSSF_proxy,700,161.0116904761905,1132.9641666666653,13569.65,0.5941005448433326,0.014627659574468085,197,Earth,8,13
RF_SRPT_proxy,700,160.48488095238093,1132.9641666666653,13569.65,0.5941005448433323,0.013297872340425532,200,Earth,8,13
Backfill_FIFO,700,200.2442619047619,1254.750833333331,13569.65,0.5941005448433332,0.0199468085106383,310,Earth,8,13
Wind_proxy,700,200.34388095238097,1254.750833333331,13569.65,0.5941005448433332,0.02127659574468085,310,Earth,8,13
PredSched_LLM,700,160.48488095238093,1132.9641666666653,13569.65,0.5941005448433323,0.013297872340425532,200,Earth,8,13
FIFO,700,381.5030952380951,1545.660833333332,16359.566666666668,0.418624210324438,0.010540184453227932,0,Earth,8,14
QSSF_proxy,700,160.79592857142853,900.0291666666651,16359.566666666668,0.4186242103244381,0.005270092226613966,141,Earth,8,14
RF_SRPT_proxy,700,151.1229285714285,957.6766666666617,16359.566666666668,0.4186242103244381,0.005270092226613966,134,Earth,8,14
Backfill_FIFO,700,159.62447619047614,954.643333333331,16359.566666666668,0.4186242103244381,0.005270092226613966,123,Earth,8,14
Wind_proxy,700,154.79804761904757,954.643333333331,16359.566666666668,0.41862421032443786,0.005270092226613966,118,Earth,8,14
PredSched_LLM,700,151.1229285714285,957.6766666666617,16359.566666666668,0.4186242103244381,0.005270092226613966,134,Earth,8,14
FIFO,700,12110.09219047619,25851.764166666653,39200.11666666667,0.8851240398094052,0.01955671447196871,0,Earth,8,15
QSSF_proxy,700,874.0234047619048,7057.069999999982,37380.49999999999,0.9282103135324571,0.014341590612777053,370,Earth,8,15
RF_SRPT_proxy,700,981.0862857142854,8855.18999999998,39414.61666666666,0.8803070677671611,0.014341590612777053,481,Earth,8,15
Backfill_FIFO,700,837.9022142857145,2458.8991666666675,42570.3,0.8150510009325751,0.007822685788787484,458,Earth,8,15
Wind_proxy,700,797.5314523809525,2690.7674999999954,42793.4,0.8108017971229209,0.002607561929595828,460,Earth,8,15
PredSched_LLM,700,981.0862857142854,8855.18999999998,39414.61666666666,0.8803070677671611,0.014341590612777053,481,Earth,8,15
FIFO,700,385.5462380952382,1471.3733333333337,18618.36666666667,0.48428004168374905,0.01606425702811245,0,Earth,8,16
QSSF_proxy,700,173.3705476190476,1288.8108333333334,18230.133333333335,0.4945933867049795,0.012048192771084338,139,Earth,8,16
RF_SRPT_proxy,700,201.74499999999992,1373.4708333333338,18230.133333333335,0.49459338670497915,0.012048192771084338,71,Earth,8,16
Backfill_FIFO,700,189.12207142857145,1262.3174999999999,18284.95,0.49311063937372884,0.024096385542168676,306,Earth,8,16
Wind_proxy,700,189.41980952380953,1262.3174999999999,18284.95,0.49311063937372884,0.024096385542168676,314,Earth,8,16
PredSched_LLM,700,201.74499999999992,1373.4708333333338,18230.133333333335,0.49459338670497915,0.012048192771084338,71,Earth,8,16
FIFO,700,543.6264285714283,2049.691666666665,20050.85,0.5453252942934255,0.013297872340425532,0,Earth,8,17
QSSF_proxy,700,257.8163809523808,1446.5624999999986,20050.85,0.5453252942934252,0.03590425531914894,165,Earth,8,17
RF_SRPT_proxy,700,261.2137142857143,1446.5624999999986,20891.61666666667,0.5233791071099493,0.015957446808510637,157,Earth,8,17
Backfill_FIFO,700,302.28940476190485,1668.4499999999985,20054.05,0.5452382774094674,0.018617021276595744,223,Earth,8,17
Wind_proxy,700,302.28940476190485,1668.4499999999985,20054.05,0.5452382774094674,0.018617021276595744,223,Earth,8,17
PredSched_LLM,700,261.2137142857143,1446.5624999999986,20891.61666666667,0.5233791071099493,0.015957446808510637,157,Earth,8,17
FIFO,700,614.1361428571429,2159.0166666666682,19070.283333333333,0.5337483241815144,0.013568521031207599,0,Earth,8,18
QSSF_proxy,700,281.10240476190484,1752.6108333333286,18783.0,0.5419119294486151,0.010854816824966078,289,Earth,8,18
RF_SRPT_proxy,700,263.0652857142857,1417.6849999999986,18339.833333333332,0.5550067760066888,0.013568521031207599,304,Earth,8,18
Backfill_FIFO,700,290.4759047619047,1631.5166666666664,18286.166666666668,0.5566356227840716,0.012211668928086838,304,Earth,8,18
Wind_proxy,700,317.13995238095237,2039.6166666666677,18907.533333333333,0.5383426590547682,0.004070556309362279,308,Earth,8,18
PredSched_LLM,700,263.0652857142857,1417.6849999999986,18339.833333333332,0.5550067760066888,0.013568521031207599,304,Earth,8,18
FIFO,700,2269.9967619047625,4634.666666666668,21152.450000000004,0.6727654356626924,0.021108179419525065,0,Earth,8,19
QSSF_proxy,700,335.5581904761905,1766.3316666666663,21202.35,0.6711820736655765,0.010554089709762533,304,Earth,8,19
RF_SRPT_proxy,700,321.98292857142854,1597.2999999999997,21287.95,0.6684832141931626,0.013192612137203167,470,Earth,8,19
Backfill_FIFO,700,1065.322571428572,3955.9175000000037,18673.466666666667,0.7620779522950569,0.002638522427440633,439,Earth,8,19
Wind_proxy,700,1067.596071428572,3902.9524999999985,18794.833333333332,0.757156873232005,0.0,444,Earth,8,19
PredSched_LLM,700,321.98292857142854,1597.2999999999997,21287.95,0.6684832141931626,0.011873350923482849,470,Earth,8,19
FIFO,700,15569.993357142854,30617.007499999985,42296.44999999998,0.8787884569804333,0.015810276679841896,0,Earth,8,20
QSSF_proxy,700,6423.145833333333,14776.95083333333,40139.85,0.9260032618769133,0.002635046113306983,303,Earth,8,20
RF_SRPT_proxy,700,6468.26826190476,14599.339166666661,40612.96666666666,0.9152158800986394,0.00922266139657444,349,Earth,8,20
Backfill_FIFO,700,14270.573333333332,29491.691666666662,39476.049999999996,0.9415742464418309,0.022397891963109356,333,Earth,8,20
Wind_proxy,700,14433.694285714282,29232.415833333325,39781.68333333333,0.9343403525638482,0.00922266139657444,333,Earth,8,20
PredSched_LLM,700,6468.26826190476,14599.339166666661,40612.96666666666,0.9152158800986394,0.00922266139657444,349,Earth,8,20
FIFO,700,728.1635714285717,2307.651666666667,16997.416666666668,0.5254993712279812,0.011826544021024968,0,Earth,8,21
QSSF_proxy,700,187.42342857142862,1020.4574999999978,16829.666666666668,0.5307372955000097,0.013140604467805518,242,Earth,8,21
RF_SRPT_proxy,700,188.2600952380953,941.8941666666664,16500.933333333334,0.5413106998493016,0.022339027595269383,275,Earth,8,21
Backfill_FIFO,700,208.03097619047622,1162.3475000000005,16859.86666666667,0.5297866197538136,0.013140604467805518,297,Earth,8,21
Wind_proxy,700,208.02564285714288,1162.3475000000005,16859.86666666667,0.5297866197538136,0.013140604467805518,301,Earth,8,21
PredSched_LLM,700,187.67688095238103,958.794166666665,16500.933333333334,0.5413106998493018,0.017082785808147174,275,Earth,8,21
FIFO,700,765.1483333333331,2309.535833333332,18280.949999999997,0.49608718650197775,0.01455026455026455,0,Earth,8,22
QSSF_proxy,700,216.07957142857146,1287.7858333333331,18808.61666666667,0.4821696998140035,0.015873015873015872,260,Earth,8,22
RF_SRPT_proxy,700,236.23442857142857,1502.9966666666653,18220.133333333335,0.49774306730741097,0.022486772486772486,248,Earth,8,22
Backfill_FIFO,700,250.6612380952382,1446.5624999999986,18338.183333333334,0.49453890209499124,0.013227513227513227,287,Earth,8,22
Wind_proxy,700,250.6612380952382,1446.5624999999986,18338.183333333334,0.49453890209499124,0.013227513227513227,287,Earth,8,22
PredSched_LLM,700,236.23442857142857,1502.9966666666653,18220.133333333335,0.49774306730741097,0.022486772486772486,248,Earth,8,22
FIFO,700,10660.709666666664,25377.91833333333,40406.35,0.8308861236125844,0.022193211488250653,0,Earth,8,23
QSSF_proxy,700,972.4444523809526,7667.690833333334,37993.600000000006,0.8836508127903995,0.02349869451697128,331,Earth,8,23
RF_SRPT_proxy,700,909.1967857142857,6580.347499999986,38389.98333333334,0.8745269626538865,0.020887728459530026,343,Earth,8,23
Backfill_FIFO,700,1341.2100238095243,10888.511666666664,38086.33333333334,0.8814992828792481,0.0195822454308094,372,Earth,8,23
Wind_proxy,700,1341.0081190476194,10888.511666666664,38086.33333333334,0.8814992828792481,0.016971279373368148,372,Earth,8,23
PredSched_LLM,700,909.1967857142857,6580.347499999986,38389.98333333334,0.8745269626538865,0.020887728459530026,343,Earth,8,23
FIFO,700,6798.760428571429,14069.463333333335,29421.0,0.7298516135725045,0.020053475935828877,0,Earth,8,24
QSSF_proxy,700,6099.446452380952,13922.416666666652,29402.05,0.730322012339843,0.00267379679144385,356,Earth,8,24
RF_SRPT_proxy,700,6156.082261904763,13991.233333333332,29477.266666666666,0.7284584614216822,0.00267379679144385,325,Earth,8,24
Backfill_FIFO,700,6225.749452380952,13763.766666666665,28793.500000000007,0.7457573522814763,0.008021390374331552,349,Earth,8,24
Wind_proxy,700,6224.915166666666,13763.766666666665,28793.500000000007,0.7457573522814764,0.0106951871657754,349,Earth,8,24
PredSched_LLM,700,6156.082261904763,13991.233333333332,29477.266666666666,0.7284584614216822,0.00267379679144385,325,Earth,8,24
FIFO,700,5227.137833333335,12867.383333333331,24763.750000000007,0.7726255405246244,0.013003901170351105,0,Earth,8,25
QSSF_proxy,700,444.7855238095237,1520.5899999999883,22400.1,0.8541526925847057,0.016905071521456438,238,Earth,8,25
RF_SRPT_proxy,700,403.0802857142857,1445.9108333333324,22400.1,0.8541526925847057,0.01950585175552666,476,Earth,8,25
Backfill_FIFO,700,883.0410952380955,3332.416666666668,25097.050000000003,0.7623647292875722,0.0039011703511053317,447,Earth,8,25
Wind_proxy,700,883.0410952380955,3332.416666666668,25097.050000000003,0.7623647292875722,0.0039011703511053317,447,Earth,8,25
PredSched_LLM,700,403.0802857142857,1445.9108333333324,22400.1,0.8541526925847057,0.01950585175552666,476,Earth,8,25
FIFO,700,3423.2742380952395,9292.068333333336,21850.26666666667,0.7494630714842535,0.011780104712041885,0,Earth,8,26
QSSF_proxy,700,448.0879047619046,2106.6583333333333,19975.516666666666,0.8198019726857296,0.010471204188481676,355,Earth,8,26
RF_SRPT_proxy,700,427.8800714285714,1872.0,19975.516666666666,0.8198019726857299,0.024869109947643978,456,Earth,8,26
Backfill_FIFO,700,551.3824523809525,2770.9425000000006,20732.86666666667,0.7898554614774287,0.002617801047120419,368,Earth,8,26
Wind_proxy,700,551.3824523809525,2770.9425000000006,20732.86666666667,0.7898554614774287,0.002617801047120419,368,Earth,8,26
PredSched_LLM,700,427.8800714285714,1872.0,19975.516666666666,0.8198019726857299,0.024869109947643978,456,Earth,8,26
FIFO,700,7561.400595238094,16085.197499999997,32710.66666666667,0.6619428502552686,0.010666666666666666,0,Earth,8,27
QSSF_proxy,700,6071.819880952381,14175.499166666674,29119.699999999997,0.7435719436355228,0.0013333333333333333,276,Earth,8,27
RF_SRPT_proxy,700,6044.747714285713,13958.431666666682,30428.15,0.7115973835768308,0.005333333333333333,197,Earth,8,27
Backfill_FIFO,700,6216.544642857144,13763.766666666665,30801.450000000004,0.7029731368842483,0.004,332,Earth,8,27
Wind_proxy,700,6219.049666666668,13838.845833333333,31032.01666666667,0.6977500740498657,0.0,332,Earth,8,27
PredSched_LLM,700,6044.747714285713,13958.431666666682,30428.15,0.7115973835768308,0.005333333333333333,197,Earth,8,27
FIFO,700,3115.074404761905,10605.513333333334,23656.933333333334,0.7388822564174279,0.01971090670170828,0,Earth,8,28
QSSF_proxy,700,597.6831904761908,2701.397500000002,20685.183333333334,0.8450342450232092,0.03810775295663601,278,Earth,8,28
RF_SRPT_proxy,700,502.5441904761909,2071.516666666667,21971.86666666667,0.7955486234480155,0.03679369250985545,313,Earth,8,28
Backfill_FIFO,700,782.0077619047621,5278.374166666668,21360.966666666667,0.8183004334034512,0.030223390275952694,319,Earth,8,28
Wind_proxy,700,782.0077619047621,5278.374166666668,21360.966666666667,0.8183004334034512,0.030223390275952694,319,Earth,8,28
PredSched_LLM,700,502.5441904761909,2071.516666666667,21971.86666666667,0.7955486234480155,0.03679369250985545,313,Earth,8,28
FIFO,700,1690.051952380953,4350.12083333333,21624.56666666667,0.563832842218803,0.01437908496732026,0,Earth,8,29
QSSF_proxy,700,309.6216904761905,1801.0983333333318,18459.516666666666,0.6605070493223458,0.013071895424836602,149,Earth,8,29
RF_SRPT_proxy,700,344.64669047619054,2079.290833333333,18244.416666666668,0.668294366883933,0.018300653594771243,145,Earth,8,29
Backfill_FIFO,700,407.7423333333335,2581.575833333331,18220.133333333335,0.66918505273013,0.01437908496732026,293,Earth,8,29
Wind_proxy,700,400.56369047619063,2579.949166666666,18220.133333333335,0.6691850527301301,0.013071895424836602,293,Earth,8,29
PredSched_LLM,700,344.64669047619054,2079.290833333333,18244.416666666668,0.668294366883933,0.018300653594771243,145,Earth,8,29
FIFO,700,677.3869047619049,2516.926666666665,20184.75,0.5745602858180888,0.010723860589812333,0,Earth,8,30
QSSF_proxy,700,310.2546428571428,1878.8816666666603,18230.133333333335,0.6361640651284322,0.0160857908847185,82,Earth,8,30
RF_SRPT_proxy,700,254.5166904761904,1397.345833333331,18276.4,0.6345536171875569,0.013404825737265416,122,Earth,8,30
Backfill_FIFO,700,347.4731904761905,2145.940833333332,18276.4,0.6345536171875573,0.01876675603217158,303,Earth,8,30
Wind_proxy,700,349.9135238095237,2145.940833333332,18276.4,0.6345536171875573,0.00938337801608579,298,Earth,8,30
PredSched_LLM,700,254.5166904761904,1397.345833333331,18276.4,0.6345536171875569,0.013404825737265416,122,Earth,8,30
FIFO,700,3730.705833333333,10598.266666666665,26573.449999999997,0.716002083768448,0.012,0,Earth,8,31
QSSF_proxy,700,833.432357142857,6119.764166666613,22574.86666666667,0.8428242724024947,0.005333333333333333,334,Earth,8,31
RF_SRPT_proxy,700,778.937523809524,6504.195833333335,24707.500000000004,0.7700757087085568,0.021333333333333333,315,Earth,8,31
Backfill_FIFO,700,1146.0941428571425,6208.207499999987,21894.41666666666,0.8690181548378012,0.009333333333333334,328,Earth,8,31
Wind_proxy,700,1146.0941428571425,6208.207499999987,21894.41666666666,0.8690181548378012,0.009333333333333334,328,Earth,8,31
PredSched_LLM,700,778.937523809524,6504.195833333335,24707.500000000004,0.7700757087085568,0.021333333333333333,315,Earth,8,31
FIFO,700,1576.3579285714286,4858.5091666666585,20428.15,0.7009257522707637,0.026954177897574125,0,Earth,8,32
QSSF_proxy,700,319.2910476190475,1416.2666666666664,19433.666666666664,0.7367943812070118,0.006738544474393531,307,Earth,8,32
RF_SRPT_proxy,700,319.711119047619,1266.889166666664,19433.666666666664,0.7367943812070118,0.005390835579514825,321,Earth,8,32
Backfill_FIFO,700,351.4921904761903,2110.4233333333314,19433.666666666664,0.7367943812070118,0.005390835579514825,323,Earth,8,32
Wind_proxy,700,353.0730238095236,2108.7733333333317,19433.666666666664,0.7367943812070117,0.016172506738544475,323,Earth,8,32
PredSched_LLM,700,319.711119047619,1266.889166666664,19433.666666666664,0.7367943812070118,0.005390835579514825,321,Earth,8,32
FIFO,700,669.2741666666666,2438.9024999999983,19027.9,0.5554808525682459,0.028532608695652172,0,Earth,8,33
QSSF_proxy,700,240.88880952380956,1417.3249999999987,18225.399999999998,0.5799397606956963,0.010869565217391304,191,Earth,8,33
RF_SRPT_proxy,700,234.80002380952385,1417.6466666666652,18471.433333333334,0.5722151564442756,0.024456521739130436,165,Earth,8,33
Backfill_FIFO,700,254.77426190476194,1434.7849999999994,18284.766666666666,0.5780568222318035,0.012228260869565218,281,Earth,8,33
Wind_proxy,700,254.93540476190483,1435.0066666666662,18284.766666666666,0.5780568222318034,0.017663043478260868,305,Earth,8,33
PredSched_LLM,700,234.80002380952385,1417.6466666666652,18471.433333333334,0.5722151564442756,0.024456521739130436,165,Earth,8,33
FIFO,700,2771.6797380952385,10799.059166666662,23420.549999999996,0.7665247840571645,0.02796271637816245,0,Earth,8,34
QSSF_proxy,700,736.1550238095236,4388.414999999994,21614.2,0.8305850797739448,0.022636484687083888,289,Earth,8,34
RF_SRPT_proxy,700,782.0068809523812,4941.229166666586,21862.266666666666,0.8211606008183049,0.018641810918774968,305,Earth,8,34
Backfill_FIFO,700,940.3748333333334,6277.460833333333,21177.399999999994,0.8477165294724565,0.013315579227696404,333,Earth,8,34
Wind_proxy,700,940.3748333333334,6277.460833333333,21177.399999999994,0.8477165294724565,0.013315579227696404,333,Earth,8,34
PredSched_LLM,700,782.0068809523812,4941.229166666586,21862.266666666666,0.8211606008183049,0.018641810918774968,305,Earth,8,34
FIFO,700,961.1472857142852,3701.1666666666642,20109.449999999997,0.6195391294059927,0.0158311345646438,0,Earth,8,35
QSSF_proxy,700,321.439357142857,1806.8999999999987,20060.25,0.6210586182043263,0.014511873350923483,142,Earth,8,35
RF_SRPT_proxy,700,344.88557142857144,1804.0625000000007,20542.65,0.6064743908810859,0.01978891820580475,172,Earth,8,35
Backfill_FIFO,700,391.39816666666667,2374.387499999995,20105.833333333336,0.6196505730094917,0.017150395778364115,169,Earth,8,35
Wind_proxy,700,477.6276666666665,3114.4899999999984,20108.1,0.6195807234812506,0.025065963060686015,176,Earth,8,35
PredSched_LLM,700,344.88557142857144,1804.0625000000007,20542.65,0.6064743908810859,0.01978891820580475,172,Earth,8,35
FIFO,700,12616.977642857142,28470.52750000002,43550.95,0.8632936561468041,0.030104712041884817,0,Earth,8,36
QSSF_proxy,700,735.5619285714287,2700.8833333333337,48260.63333333333,0.7790461139306775,0.002617801047120419,247,Earth,8,36
RF_SRPT_proxy,700,789.4897857142859,2425.0983333333274,45319.450000000004,0.829605364896676,0.007853403141361256,377,Earth,8,36
Backfill_FIFO,700,1721.770976190476,11528.02499999999,41274.183333333334,0.9109146642715724,0.01832460732984293,359,Earth,8,36
Wind_proxy,700,881.1208333333334,3066.5866666666698,45620.21666666667,0.8241359116919292,0.01832460732984293,365,Earth,8,36
PredSched_LLM,700,789.4897857142859,2425.0983333333274,45319.450000000004,0.829605364896676,0.007853403141361256,377,Earth,8,36
FIFO,700,355.19097619047614,1541.1733333333318,13777.900000000001,0.5210571972748633,0.017639077340569877,0,Earth,8,37
QSSF_proxy,700,142.60638095238096,1036.9466666666592,13777.900000000001,0.521057197274863,0.012211668928086838,128,Earth,8,37
RF_SRPT_proxy,700,142.66857142857143,1036.9466666666592,13777.900000000001,0.521057197274863,0.013568521031207599,120,Earth,8,37
Backfill_FIFO,700,143.05335714285712,997.8325000000004,13777.900000000001,0.521057197274863,0.010854816824966078,208,Earth,8,37
Wind_proxy,700,142.94576190476187,997.8325000000004,13777.900000000001,0.5210571972748628,0.009497964721845319,207,Earth,8,37
PredSched_LLM,700,142.66857142857143,1036.9466666666592,13777.900000000001,0.521057197274863,0.013568521031207599,120,Earth,8,37
FIFO,700,2542.14942857143,5438.7266666666665,23320.033333333333,0.6288027925917775,0.00510204081632653,0,Earth,8,38
QSSF_proxy,700,406.05207142857154,2074.5524999999975,22979.850000000006,0.6381113054842971,0.011479591836734694,305,Earth,8,38
RF_SRPT_proxy,700,380.7411428571431,1878.514166666667,23508.983333333337,0.623748882519377,0.01913265306122449,448,Earth,8,38
Backfill_FIFO,700,947.3949523809529,3822.8558333333335,18452.15,0.7946879948045799,0.0012755102040816326,376,Earth,8,38
Wind_proxy,700,947.3949523809529,3822.8558333333335,18452.15,0.7946879948045799,0.0012755102040816326,376,Earth,8,38
PredSched_LLM,700,380.7411428571431,1878.514166666667,23508.983333333337,0.623748882519377,0.01913265306122449,448,Earth,8,38
FIFO,700,660.7014285714282,2457.36583333333,18945.333333333336,0.4770897159150889,0.018543046357615896,0,Earth,8,39
QSSF_proxy,700,298.182238095238,1872.849166666666,18483.166666666664,0.4890192173734659,0.018543046357615896,173,Earth,8,39
RF_SRPT_proxy,700,294.89985714285694,1878.617499999994,21230.966666666667,0.4257283165588318,0.01456953642384106,170,Earth,8,39
Backfill_FIFO,700,302.99204761904747,1786.3391666666653,18775.61666666667,0.4814022281336518,0.015894039735099338,255,Earth,8,39
Wind_proxy,700,305.2806666666665,1862.8008333333337,18789.933333333334,0.481035431982196,0.010596026490066225,256,Earth,8,39
PredSched_LLM,700,294.89985714285694,1878.617499999994,21230.966666666667,0.4257283165588318,0.01456953642384106,170,Earth,8,39
FIFO,700,105.53226190476188,577.6541666666658,18220.133333333335,0.030576737130408677,0.00821917808219178,0,Earth,107,0
QSSF_proxy,700,105.5322619047619,577.6541666666658,18220.133333333335,0.030576737130408677,0.00821917808219178,0,Earth,107,0
RF_SRPT_proxy,700,105.53226190476188,577.6541666666658,18220.133333333335,0.030576737130408677,0.00821917808219178,0,Earth,107,0
Backfill_FIFO,700,105.53226190476188,577.6541666666658,18220.133333333335,0.030576737130408677,0.00821917808219178,0,Earth,107,0
Wind_proxy,700,105.53226190476188,577.6541666666658,18220.133333333335,0.030576737130408677,0.005479452054794521,0,Earth,107,0
PredSched_LLM,700,105.53226190476188,577.6541666666658,18220.133333333335,0.030576737130408677,0.00821917808219178,0,Earth,107,0
FIFO,700,117.05480952380951,787.3350000000002,18220.133333333335,0.041394265369513204,0.017287234042553192,0,Earth,107,1
QSSF_proxy,700,117.05480952380951,787.3350000000002,18220.133333333335,0.041394265369513204,0.017287234042553192,0,Earth,107,1
RF_SRPT_proxy,700,117.05480952380951,787.3350000000002,18220.133333333335,0.041394265369513204,0.017287234042553192,0,Earth,107,1
Backfill_FIFO,700,117.05480952380951,787.3350000000002,18220.133333333335,0.041394265369513204,0.017287234042553192,0,Earth,107,1
Wind_proxy,700,117.05480952380951,787.3350000000002,18220.133333333335,0.041394265369513204,0.007978723404255319,0,Earth,107,1
PredSched_LLM,700,117.05480952380951,787.3350000000002,18220.133333333335,0.041394265369513204,0.017287234042553192,0,Earth,107,1
FIFO,700,170.14128571428571,790.731666666666,18492.3,0.11360416378911137,0.01937984496124031,0,Earth,107,2
QSSF_proxy,700,170.1412857142857,790.731666666666,18492.3,0.11360416378911137,0.01937984496124031,0,Earth,107,2
RF_SRPT_proxy,700,170.1412857142857,790.731666666666,18492.3,0.11360416378911137,0.01937984496124031,0,Earth,107,2
Backfill_FIFO,700,170.14128571428571,790.731666666666,18492.3,0.11360416378911137,0.01937984496124031,0,Earth,107,2
Wind_proxy,700,170.14128571428571,790.731666666666,18492.3,0.11360416378911137,0.011627906976744186,0,Earth,107,2
PredSched_LLM,700,170.1412857142857,790.731666666666,18492.3,0.11360416378911137,0.01937984496124031,0,Earth,107,2
FIFO,700,100.20133333333331,576.9499999999998,16359.566666666668,0.049378786939359647,0.006587615283267457,0,Earth,107,3
QSSF_proxy,700,100.20133333333334,576.9499999999998,16359.566666666668,0.049378786939359647,0.006587615283267457,0,Earth,107,3
RF_SRPT_proxy,700,100.20133333333334,576.9499999999998,16359.566666666668,0.049378786939359647,0.006587615283267457,0,Earth,107,3
Backfill_FIFO,700,100.20133333333331,576.9499999999998,16359.566666666668,0.049378786939359647,0.006587615283267457,0,Earth,107,3
Wind_proxy,700,100.20133333333331,576.9499999999998,16359.566666666668,0.049378786939359647,0.003952569169960474,0,Earth,107,3
PredSched_LLM,700,100.20133333333334,576.9499999999998,16359.566666666668,0.049378786939359647,0.006587615283267457,0,Earth,107,3
FIFO,700,128.18930952380953,797.1516666666643,18220.133333333335,0.04813526349988919,0.0026595744680851063,0,Earth,107,4
QSSF_proxy,700,128.18930952380953,797.1516666666643,18220.133333333335,0.04813526349988919,0.0026595744680851063,0,Earth,107,4
RF_SRPT_proxy,700,128.18930952380953,797.1516666666643,18220.133333333335,0.04813526349988919,0.0026595744680851063,0,Earth,107,4
Backfill_FIFO,700,128.18930952380953,797.1516666666643,18220.133333333335,0.04813526349988919,0.0026595744680851063,0,Earth,107,4
Wind_proxy,700,128.18930952380953,797.1516666666643,18220.133333333335,0.04813526349988919,0.007978723404255319,0,Earth,107,4
PredSched_LLM,700,128.18930952380953,797.1516666666643,18220.133333333335,0.04813526349988919,0.0026595744680851063,0,Earth,107,4
FIFO,700,160.70421428571427,852.25,18492.3,0.09037583260847996,0.011811023622047244,0,Earth,107,5
QSSF_proxy,700,160.70421428571427,852.25,18492.3,0.09037583260847996,0.010498687664041995,0,Earth,107,5
RF_SRPT_proxy,700,160.70421428571427,852.25,18492.3,0.09037583260847996,0.011811023622047244,0,Earth,107,5
Backfill_FIFO,700,160.70421428571427,852.25,18492.3,0.09037583260847996,0.011811023622047244,0,Earth,107,5
Wind_proxy,700,160.70421428571427,852.25,18492.3,0.09037583260847996,0.011811023622047244,0,Earth,107,5
PredSched_LLM,700,160.70421428571427,852.25,18492.3,0.09037583260847996,0.011811023622047244,0,Earth,107,5
FIFO,700,143.79285714285714,578.621666666665,18220.133333333335,0.06125274481544739,0.006693440428380187,0,Earth,107,6
QSSF_proxy,700,143.79285714285712,578.621666666665,18220.133333333335,0.06125274481544739,0.006693440428380187,0,Earth,107,6
RF_SRPT_proxy,700,143.79285714285712,578.621666666665,18220.133333333335,0.06125274481544739,0.006693440428380187,0,Earth,107,6
Backfill_FIFO,700,143.79285714285714,578.621666666665,18220.133333333335,0.06125274481544739,0.006693440428380187,0,Earth,107,6
Wind_proxy,700,143.79285714285714,578.621666666665,18220.133333333335,0.06125274481544739,0.006693440428380187,0,Earth,107,6
PredSched_LLM,700,143.79285714285712,578.621666666665,18220.133333333335,0.06125274481544739,0.006693440428380187,0,Earth,107,6
FIFO,700,130.39404761904763,682.1500000000001,18492.3,0.06974017669356461,0.007936507936507936,0,Earth,107,7
QSSF_proxy,700,130.39404761904763,682.1500000000001,18492.3,0.06974017669356461,0.007936507936507936,0,Earth,107,7
RF_SRPT_proxy,700,130.39404761904763,682.1500000000001,18492.3,0.06974017669356461,0.007936507936507936,0,Earth,107,7
Backfill_FIFO,700,130.39404761904763,682.1500000000001,18492.3,0.06974017669356461,0.007936507936507936,0,Earth,107,7
Wind_proxy,700,130.39404761904763,682.1500000000001,18492.3,0.06974017669356461,0.006613756613756613,0,Earth,107,7
PredSched_LLM,700,130.39404761904763,682.1500000000001,18492.3,0.06974017669356461,0.007936507936507936,0,Earth,107,7
FIFO,700,97.83245238095238,496.25833333333287,18492.3,0.049249150311497,0.008174386920980926,0,Earth,107,8
QSSF_proxy,700,97.83245238095238,496.25833333333287,18492.3,0.049249150311497,0.008174386920980926,0,Earth,107,8
RF_SRPT_proxy,700,97.83245238095238,496.25833333333287,18492.3,0.049249150311497,0.008174386920980926,0,Earth,107,8
Backfill_FIFO,700,97.83245238095238,496.25833333333287,18492.3,0.049249150311497,0.008174386920980926,0,Earth,107,8
Wind_proxy,700,97.83245238095238,496.25833333333287,18492.3,0.049249150311497,0.009536784741144414,0,Earth,107,8
PredSched_LLM,700,97.83245238095238,496.25833333333287,18492.3,0.049249150311497,0.006811989100817439,0,Earth,107,8
FIFO,700,174.43102380952385,703.4874999999957,18492.3,0.07610524068761601,0.002728512960436562,0,Earth,107,9
QSSF_proxy,700,174.43102380952382,703.4874999999957,18492.3,0.07610524068761601,0.002728512960436562,0,Earth,107,9
RF_SRPT_proxy,700,174.43102380952382,703.4874999999957,18492.3,0.07610524068761601,0.002728512960436562,0,Earth,107,9
Backfill_FIFO,700,174.43102380952385,703.4874999999957,18492.3,0.07610524068761601,0.002728512960436562,0,Earth,107,9
Wind_proxy,700,174.43102380952385,703.4874999999957,18492.3,0.07610524068761601,0.009549795361527967,0,Earth,107,9
PredSched_LLM,700,174.43102380952382,703.4874999999957,18492.3,0.07610524068761601,0.002728512960436562,0,Earth,107,9
FIFO,700,171.76202380952378,797.008333333331,18492.3,0.10353205673733061,0.0107095046854083,0,Earth,107,10
QSSF_proxy,700,171.76202380952378,797.008333333331,18492.3,0.10353205673733061,0.0107095046854083,0,Earth,107,10
RF_SRPT_proxy,700,171.76202380952378,797.008333333331,18492.3,0.10353205673733061,0.0107095046854083,0,Earth,107,10
Backfill_FIFO,700,171.76202380952378,797.008333333331,18492.3,0.10353205673733061,0.0107095046854083,0,Earth,107,10
Wind_proxy,700,171.76202380952378,797.008333333331,18492.3,0.10353205673733061,0.006693440428380187,0,Earth,107,10
PredSched_LLM,700,171.76202380952378,797.008333333331,18492.3,0.10353205673733061,0.0107095046854083,0,Earth,107,10
FIFO,700,112.51314285714284,844.666666666667,16359.566666666668,0.04936108696790991,0.013157894736842105,0,Earth,107,11
QSSF_proxy,700,112.51314285714284,844.666666666667,16359.566666666668,0.04936108696790991,0.013157894736842105,0,Earth,107,11
RF_SRPT_proxy,700,112.51314285714284,844.666666666667,16359.566666666668,0.04936108696790991,0.013157894736842105,0,Earth,107,11
Backfill_FIFO,700,112.51314285714284,844.666666666667,16359.566666666668,0.04936108696790991,0.013157894736842105,0,Earth,107,11
Wind_proxy,700,112.51314285714284,844.666666666667,16359.566666666668,0.04936108696790991,0.007894736842105263,0,Earth,107,11
PredSched_LLM,700,112.51314285714284,844.666666666667,16359.566666666668,0.04936108696790991,0.011842105263157895,0,Earth,107,11
FIFO,700,103.31826190476187,787.166666666667,16359.566666666668,0.03495862900648471,0.012032085561497326,0,Earth,107,12
QSSF_proxy,700,103.31826190476187,787.166666666667,16359.566666666668,0.03495862900648471,0.0106951871657754,0,Earth,107,12
RF_SRPT_proxy,700,103.31826190476187,787.166666666667,16359.566666666668,0.03495862900648471,0.012032085561497326,0,Earth,107,12
Backfill_FIFO,700,103.31826190476187,787.166666666667,16359.566666666668,0.03495862900648471,0.012032085561497326,0,Earth,107,12
Wind_proxy,700,103.31826190476187,787.166666666667,16359.566666666668,0.03495862900648471,0.0106951871657754,0,Earth,107,12
PredSched_LLM,700,103.31826190476187,787.166666666667,16359.566666666668,0.03495862900648471,0.012032085561497326,0,Earth,107,12
FIFO,700,111.42685714285713,703.6558333333288,18492.3,0.06446388677931338,0.010484927916120577,0,Earth,107,13
QSSF_proxy,700,111.42685714285713,703.6558333333288,18492.3,0.06446388677931338,0.010484927916120577,0,Earth,107,13
RF_SRPT_proxy,700,111.42685714285713,703.6558333333288,18492.3,0.06446388677931338,0.010484927916120577,0,Earth,107,13
Backfill_FIFO,700,111.42685714285713,703.6558333333288,18492.3,0.06446388677931338,0.010484927916120577,0,Earth,107,13
Wind_proxy,700,111.42685714285713,703.6558333333288,18492.3,0.06446388677931338,0.002621231979030144,0,Earth,107,13
PredSched_LLM,700,111.42685714285713,703.6558333333288,18492.3,0.06446388677931338,0.010484927916120577,0,Earth,107,13
FIFO,700,102.34757142857143,703.4874999999957,18220.133333333335,0.03193490335089928,0.013440860215053764,0,Earth,107,14
QSSF_proxy,700,102.34757142857143,703.4874999999957,18220.133333333335,0.03193490335089928,0.013440860215053764,0,Earth,107,14
RF_SRPT_proxy,700,102.34757142857143,703.4874999999957,18220.133333333335,0.03193490335089928,0.013440860215053764,0,Earth,107,14
Backfill_FIFO,700,102.34757142857143,703.4874999999957,18220.133333333335,0.03193490335089928,0.013440860215053764,0,Earth,107,14
Wind_proxy,700,102.34757142857143,703.4874999999957,18220.133333333335,0.03193490335089928,0.01478494623655914,0,Earth,107,14
PredSched_LLM,700,102.34757142857143,703.4874999999957,18220.133333333335,0.03193490335089928,0.013440860215053764,0,Earth,107,14
FIFO,700,134.7577857142857,619.2224999999919,18492.3,0.09253053194675635,0.0158311345646438,0,Earth,107,15
QSSF_proxy,700,134.7577857142857,619.2224999999919,18492.3,0.09253053194675635,0.0158311345646438,0,Earth,107,15
RF_SRPT_proxy,700,134.7577857142857,619.2224999999919,18492.3,0.09253053194675635,0.0158311345646438,0,Earth,107,15
Backfill_FIFO,700,134.7577857142857,619.2224999999919,18492.3,0.09253053194675635,0.0158311345646438,0,Earth,107,15
Wind_proxy,700,134.7577857142857,619.2224999999919,18492.3,0.09253053194675635,0.010554089709762533,0,Earth,107,15
PredSched_LLM,700,134.7577857142857,619.2224999999919,18492.3,0.09253053194675635,0.0158311345646438,0,Earth,107,15
FIFO,700,127.3345,844.8100000000002,18220.133333333335,0.03439402422037392,0.013245033112582781,0,Earth,107,16
QSSF_proxy,700,127.3345,844.8100000000002,18220.133333333335,0.03439402422037392,0.013245033112582781,0,Earth,107,16
RF_SRPT_proxy,700,127.3345,844.8100000000002,18220.133333333335,0.03439402422037392,0.013245033112582781,0,Earth,107,16
Backfill_FIFO,700,127.3345,844.8100000000002,18220.133333333335,0.03439402422037392,0.013245033112582781,0,Earth,107,16
Wind_proxy,700,127.3345,844.8100000000002,18220.133333333335,0.03439402422037392,0.010596026490066225,0,Earth,107,16
PredSched_LLM,700,127.3345,844.8100000000002,18220.133333333335,0.03439402422037392,0.013245033112582781,0,Earth,107,16
FIFO,700,169.80809523809523,845.0458333333332,18492.3,0.10487252267648385,0.014608233731739707,0,Earth,107,17
QSSF_proxy,700,169.80809523809523,845.0458333333332,18492.3,0.10487252267648385,0.014608233731739707,0,Earth,107,17
RF_SRPT_proxy,700,169.80809523809523,845.0458333333332,18492.3,0.10487252267648385,0.014608233731739707,0,Earth,107,17
Backfill_FIFO,700,169.80809523809523,845.0458333333332,18492.3,0.10487252267648385,0.014608233731739707,0,Earth,107,17
Wind_proxy,700,169.80809523809523,845.0458333333332,18492.3,0.10487252267648385,0.01195219123505976,0,Earth,107,17
PredSched_LLM,700,169.80809523809523,845.0458333333332,18492.3,0.10487252267648385,0.013280212483399735,0,Earth,107,17
FIFO,700,168.28007142857143,790.731666666666,18492.3,0.08225638744848973,0.02032520325203252,0,Earth,107,18
QSSF_proxy,700,168.2800714285714,790.731666666666,18492.3,0.08225638744848973,0.02032520325203252,0,Earth,107,18
RF_SRPT_proxy,700,168.28007142857143,790.731666666666,18492.3,0.08225638744848973,0.02032520325203252,0,Earth,107,18
Backfill_FIFO,700,168.28007142857143,790.731666666666,18492.3,0.08225638744848973,0.02032520325203252,0,Earth,107,18
Wind_proxy,700,168.28007142857143,790.731666666666,18492.3,0.08225638744848973,0.01084010840108401,0,Earth,107,18
PredSched_LLM,700,168.28007142857143,790.731666666666,18492.3,0.08225638744848973,0.02032520325203252,0,Earth,107,18
FIFO,700,196.50023809523813,1164.6275000000005,18492.3,0.10042162471664765,0.011873350923482849,0,Earth,107,19
QSSF_proxy,700,196.50023809523813,1164.6275000000005,18492.3,0.10042162471664765,0.011873350923482849,0,Earth,107,19
RF_SRPT_proxy,700,196.50023809523813,1164.6275000000005,18492.3,0.10042162471664765,0.011873350923482849,0,Earth,107,19
Backfill_FIFO,700,196.50023809523813,1164.6275000000005,18492.3,0.10042162471664765,0.011873350923482849,0,Earth,107,19
Wind_proxy,700,196.50023809523813,1164.6275000000005,18492.3,0.10042162471664765,0.00395778364116095,0,Earth,107,19
PredSched_LLM,700,196.50023809523813,1164.6275000000005,18492.3,0.10042162471664765,0.011873350923482849,0,Earth,107,19
FIFO,700,165.56697619047614,852.25,18492.3,0.07250020817791587,0.013192612137203167,0,Earth,107,20
QSSF_proxy,700,165.56697619047614,852.25,18492.3,0.07250020817791587,0.013192612137203167,0,Earth,107,20
RF_SRPT_proxy,700,165.56697619047614,852.25,18492.3,0.07250020817791587,0.013192612137203167,0,Earth,107,20
Backfill_FIFO,700,165.56697619047614,852.25,18492.3,0.07250020817791587,0.013192612137203167,0,Earth,107,20
Wind_proxy,700,165.56697619047614,852.25,18492.3,0.07250020817791587,0.0079155672823219,0,Earth,107,20
PredSched_LLM,700,165.56697619047614,852.25,18492.3,0.07250020817791587,0.013192612137203167,0,Earth,107,20
FIFO,700,110.25788095238094,614.8183333333292,16359.566666666668,0.036802050326988654,0.012311901504787962,0,Earth,107,21
QSSF_proxy,700,110.25788095238094,614.8183333333292,16359.566666666668,0.036802050326988654,0.012311901504787962,0,Earth,107,21
RF_SRPT_proxy,700,110.25788095238094,614.8183333333292,16359.566666666668,0.036802050326988654,0.012311901504787962,0,Earth,107,21
Backfill_FIFO,700,110.25788095238094,614.8183333333292,16359.566666666668,0.036802050326988654,0.012311901504787962,0,Earth,107,21
Wind_proxy,700,110.25788095238094,614.8183333333292,16359.566666666668,0.036802050326988654,0.006839945280437756,0,Earth,107,21
PredSched_LLM,700,110.25788095238094,614.8183333333292,16359.566666666668,0.036802050326988654,0.012311901504787962,0,Earth,107,21
FIFO,700,158.7372619047619,790.5333333333328,18492.3,0.07636795001465879,0.009296148738379814,0,Earth,107,22
QSSF_proxy,700,158.7372619047619,790.5333333333328,18492.3,0.07636795001465879,0.009296148738379814,0,Earth,107,22
RF_SRPT_proxy,700,158.7372619047619,790.5333333333328,18492.3,0.07636795001465879,0.009296148738379814,0,Earth,107,22
Backfill_FIFO,700,158.7372619047619,790.5333333333328,18492.3,0.07636795001465879,0.009296148738379814,0,Earth,107,22
Wind_proxy,700,158.7372619047619,790.5333333333328,18492.3,0.07636795001465879,0.005312084993359893,0,Earth,107,22
PredSched_LLM,700,158.7372619047619,790.5333333333328,18492.3,0.07636795001465879,0.009296148738379814,0,Earth,107,22
FIFO,700,120.59107142857142,587.4608333333236,18492.3,0.06581523225723167,0.006666666666666667,0,Earth,107,23
QSSF_proxy,700,120.59107142857142,587.4608333333236,18492.3,0.06581523225723167,0.006666666666666667,0,Earth,107,23
RF_SRPT_proxy,700,120.59107142857145,587.4608333333236,18492.3,0.06581523225723167,0.006666666666666667,0,Earth,107,23
Backfill_FIFO,700,120.59107142857142,587.4608333333236,18492.3,0.06581523225723167,0.006666666666666667,0,Earth,107,23
Wind_proxy,700,120.59107142857142,587.4608333333236,18492.3,0.06581523225723167,0.004,0,Earth,107,23
PredSched_LLM,700,120.59107142857145,587.4608333333236,18492.3,0.06581523225723167,0.006666666666666667,0,Earth,107,23
FIFO,700,102.74678571428572,682.1500000000001,16359.566666666668,0.025037937827455416,0.020053475935828877,0,Earth,107,24
QSSF_proxy,700,102.74678571428572,682.1500000000001,16359.566666666668,0.025037937827455416,0.020053475935828877,0,Earth,107,24
RF_SRPT_proxy,700,102.74678571428572,682.1500000000001,16359.566666666668,0.025037937827455416,0.020053475935828877,0,Earth,107,24
Backfill_FIFO,700,102.74678571428572,682.1500000000001,16359.566666666668,0.025037937827455416,0.020053475935828877,0,Earth,107,24
Wind_proxy,700,102.74678571428572,682.1500000000001,16359.566666666668,0.025037937827455416,0.0066844919786096255,0,Earth,107,24
PredSched_LLM,700,102.74678571428572,682.1500000000001,16359.566666666668,0.025037937827455416,0.020053475935828877,0,Earth,107,24
FIFO,700,92.11471428571429,497.944999999998,18220.133333333335,0.03731648818085393,0.006622516556291391,0,Earth,107,25
QSSF_proxy,700,92.11471428571429,497.944999999998,18220.133333333335,0.03731648818085393,0.006622516556291391,0,Earth,107,25
RF_SRPT_proxy,700,92.11471428571429,497.944999999998,18220.133333333335,0.03731648818085393,0.006622516556291391,0,Earth,107,25
Backfill_FIFO,700,92.11471428571429,497.944999999998,18220.133333333335,0.03731648818085393,0.006622516556291391,0,Earth,107,25
Wind_proxy,700,92.11471428571429,497.944999999998,18220.133333333335,0.03731648818085393,0.010596026490066225,0,Earth,107,25
PredSched_LLM,700,92.11471428571429,497.944999999998,18220.133333333335,0.03731648818085393,0.006622516556291391,0,Earth,107,25
FIFO,700,159.86964285714285,495.8166666666666,18492.3,0.07115634560738193,0.016129032258064516,0,Earth,107,26
QSSF_proxy,700,159.86964285714285,495.8166666666666,18492.3,0.07115634560738193,0.016129032258064516,0,Earth,107,26
RF_SRPT_proxy,700,159.86964285714285,495.8166666666666,18492.3,0.07115634560738193,0.016129032258064516,0,Earth,107,26
Backfill_FIFO,700,159.86964285714285,495.8166666666666,18492.3,0.07115634560738193,0.016129032258064516,0,Earth,107,26
Wind_proxy,700,159.86964285714285,495.8166666666666,18492.3,0.07115634560738193,0.010752688172043012,0,Earth,107,26
PredSched_LLM,700,159.86964285714285,495.8166666666666,18492.3,0.07115634560738193,0.016129032258064516,0,Earth,107,26
FIFO,700,126.77607142857141,797.008333333331,16359.566666666668,0.0513454308623405,0.010752688172043012,0,Earth,107,27
QSSF_proxy,700,126.77607142857143,797.008333333331,16359.566666666668,0.0513454308623405,0.010752688172043012,0,Earth,107,27
RF_SRPT_proxy,700,126.77607142857141,797.008333333331,16359.566666666668,0.0513454308623405,0.010752688172043012,0,Earth,107,27
Backfill_FIFO,700,126.77607142857141,797.008333333331,16359.566666666668,0.0513454308623405,0.010752688172043012,0,Earth,107,27
Wind_proxy,700,126.77607142857141,797.008333333331,16359.566666666668,0.0513454308623405,0.006720430107526882,0,Earth,107,27
PredSched_LLM,700,126.77607142857141,797.008333333331,16359.566666666668,0.0513454308623405,0.010752688172043012,0,Earth,107,27
FIFO,700,113.98516666666667,699.083333333333,18220.133333333335,0.03598291412013014,0.010723860589812333,0,Earth,107,28
QSSF_proxy,700,113.98516666666667,699.083333333333,18220.133333333335,0.03598291412013014,0.010723860589812333,0,Earth,107,28
RF_SRPT_proxy,700,113.98516666666667,699.083333333333,18220.133333333335,0.03598291412013014,0.010723860589812333,0,Earth,107,28
Backfill_FIFO,700,113.98516666666667,699.083333333333,18220.133333333335,0.03598291412013014,0.010723860589812333,0,Earth,107,28
Wind_proxy,700,113.98516666666667,699.083333333333,18220.133333333335,0.03598291412013014,0.00938337801608579,0,Earth,107,28
PredSched_LLM,700,113.98516666666667,699.083333333333,18220.133333333335,0.03598291412013014,0.010723860589812333,0,Earth,107,28
FIFO,700,127.75149999999998,699.083333333333,18492.3,0.09080171501203929,0.00655307994757536,0,Earth,107,29
QSSF_proxy,700,127.75149999999998,699.083333333333,18492.3,0.09080171501203929,0.00655307994757536,0,Earth,107,29
RF_SRPT_proxy,700,127.75149999999998,699.083333333333,18492.3,0.09080171501203929,0.00655307994757536,0,Earth,107,29
Backfill_FIFO,700,127.75149999999998,699.083333333333,18492.3,0.09080171501203929,0.00655307994757536,0,Earth,107,29
Wind_proxy,700,127.75149999999998,699.083333333333,18492.3,0.09080171501203929,0.011795543905635648,0,Earth,107,29
PredSched_LLM,700,127.75149999999998,699.083333333333,18492.3,0.09080171501203929,0.00655307994757536,0,Earth,107,29
FIFO,700,130.83685714285716,591.0333333333328,18492.3,0.05335303699613427,0.009628610729023384,0,Earth,107,30
QSSF_proxy,700,130.83685714285713,591.0333333333328,18492.3,0.05335303699613427,0.009628610729023384,0,Earth,107,30
RF_SRPT_proxy,700,130.83685714285713,591.0333333333328,18492.3,0.05335303699613427,0.009628610729023384,0,Earth,107,30
Backfill_FIFO,700,130.83685714285716,591.0333333333328,18492.3,0.05335303699613427,0.009628610729023384,0,Earth,107,30
Wind_proxy,700,130.83685714285716,591.0333333333328,18492.3,0.05335303699613427,0.001375515818431912,0,Earth,107,30
PredSched_LLM,700,130.83685714285713,591.0333333333328,18492.3,0.05335303699613427,0.009628610729023384,0,Earth,107,30
FIFO,700,115.53838095238096,703.4874999999957,18220.133333333335,0.03894819662880888,0.016304347826086956,0,Earth,107,31
QSSF_proxy,700,115.53838095238096,703.4874999999957,18220.133333333335,0.03894819662880888,0.016304347826086956,0,Earth,107,31
RF_SRPT_proxy,700,115.53838095238096,703.4874999999957,18220.133333333335,0.03894819662880888,0.016304347826086956,0,Earth,107,31
Backfill_FIFO,700,115.53838095238096,703.4874999999957,18220.133333333335,0.03894819662880888,0.016304347826086956,0,Earth,107,31
Wind_proxy,700,115.53838095238096,703.4874999999957,18220.133333333335,0.03894819662880888,0.006793478260869565,0,Earth,107,31
PredSched_LLM,700,115.53838095238096,703.4874999999957,18220.133333333335,0.03894819662880888,0.016304347826086956,0,Earth,107,31
FIFO,700,143.64488095238093,699.083333333333,18492.3,0.06815072798760076,0.002642007926023778,0,Earth,107,32
QSSF_proxy,700,143.64488095238093,699.083333333333,18492.3,0.06815072798760076,0.002642007926023778,0,Earth,107,32
RF_SRPT_proxy,700,143.64488095238093,699.083333333333,18492.3,0.06815072798760076,0.002642007926023778,0,Earth,107,32
Backfill_FIFO,700,143.64488095238093,699.083333333333,18492.3,0.06815072798760076,0.002642007926023778,0,Earth,107,32
Wind_proxy,700,143.64488095238093,699.083333333333,18492.3,0.06815072798760076,0.003963011889035667,0,Earth,107,32
PredSched_LLM,700,143.64488095238093,699.083333333333,18492.3,0.06815072798760076,0.002642007926023778,0,Earth,107,32
FIFO,700,111.57642857142855,477.3266666666616,18220.133333333335,0.03363735873950537,0.006657789613848202,0,Earth,107,33
QSSF_proxy,700,111.57642857142855,477.3266666666616,18220.133333333335,0.03363735873950537,0.006657789613848202,0,Earth,107,33
RF_SRPT_proxy,700,111.57642857142855,477.3266666666616,18220.133333333335,0.03363735873950537,0.006657789613848202,0,Earth,107,33
Backfill_FIFO,700,111.57642857142855,477.3266666666616,18220.133333333335,0.03363735873950537,0.006657789613848202,0,Earth,107,33
Wind_proxy,700,111.57642857142855,477.3266666666616,18220.133333333335,0.03363735873950537,0.002663115845539281,0,Earth,107,33
PredSched_LLM,700,111.57642857142855,477.3266666666616,18220.133333333335,0.03363735873950537,0.006657789613848202,0,Earth,107,33
FIFO,700,142.79185714285714,962.0549999999911,18492.3,0.062296688553523244,0.024291497975708502,0,Earth,107,34
QSSF_proxy,700,142.79185714285714,962.0549999999911,18492.3,0.062296688553523244,0.024291497975708502,0,Earth,107,34
RF_SRPT_proxy,700,142.79185714285714,962.0549999999911,18492.3,0.062296688553523244,0.024291497975708502,0,Earth,107,34
Backfill_FIFO,700,142.79185714285714,962.0549999999911,18492.3,0.062296688553523244,0.024291497975708502,0,Earth,107,34
Wind_proxy,700,142.79185714285714,962.0549999999911,18492.3,0.062296688553523244,0.009446693657219974,0,Earth,107,34
PredSched_LLM,700,142.79185714285714,962.0549999999911,18492.3,0.062296688553523244,0.024291497975708502,0,Earth,107,34
FIFO,700,172.74278571428573,879.5333333333338,18492.3,0.09771020949310506,0.005398110661268556,0,Earth,107,35
QSSF_proxy,700,172.7427857142857,879.5333333333338,18492.3,0.09771020949310506,0.005398110661268556,0,Earth,107,35
RF_SRPT_proxy,700,172.74278571428573,879.5333333333338,18492.3,0.09771020949310506,0.005398110661268556,0,Earth,107,35
Backfill_FIFO,700,172.74278571428573,879.5333333333338,18492.3,0.09771020949310506,0.005398110661268556,0,Earth,107,35
Wind_proxy,700,172.74278571428573,879.5333333333338,18492.3,0.09771020949310506,0.001349527665317139,0,Earth,107,35
PredSched_LLM,700,172.74278571428573,879.5333333333338,18492.3,0.09771020949310506,0.005398110661268556,0,Earth,107,35
FIFO,700,180.88269047619048,951.916666666667,18492.3,0.11029193122276729,0.013227513227513227,0,Earth,107,36
QSSF_proxy,700,180.88269047619048,951.916666666667,18492.3,0.11029193122276729,0.013227513227513227,0,Earth,107,36
RF_SRPT_proxy,700,180.88269047619048,951.916666666667,18492.3,0.11029193122276729,0.013227513227513227,0,Earth,107,36
Backfill_FIFO,700,180.88269047619048,951.916666666667,18492.3,0.11029193122276729,0.013227513227513227,0,Earth,107,36
Wind_proxy,700,180.88269047619048,951.916666666667,18492.3,0.11029193122276729,0.011904761904761904,0,Earth,107,36
PredSched_LLM,700,180.88269047619048,951.916666666667,18492.3,0.11029193122276729,0.013227513227513227,0,Earth,107,36
FIFO,700,193.41083333333336,844.8100000000002,18492.3,0.10517732980653076,0.010610079575596816,0,Earth,107,37
QSSF_proxy,700,193.41083333333336,844.8100000000002,18492.3,0.10517732980653076,0.010610079575596816,0,Earth,107,37
RF_SRPT_proxy,700,193.41083333333336,844.8100000000002,18492.3,0.10517732980653076,0.010610079575596816,0,Earth,107,37
Backfill_FIFO,700,193.41083333333336,844.8100000000002,18492.3,0.10517732980653076,0.010610079575596816,0,Earth,107,37
Wind_proxy,700,193.41083333333336,844.8100000000002,18492.3,0.10517732980653076,0.002652519893899204,0,Earth,107,37
PredSched_LLM,700,193.41083333333336,844.8100000000002,18492.3,0.10517732980653076,0.006631299734748011,0,Earth,107,37
FIFO,700,131.60902380952382,460.534999999994,18492.3,0.08326145446442698,0.00804289544235925,0,Earth,107,38
QSSF_proxy,700,131.60902380952382,460.534999999994,18492.3,0.08326145446442698,0.00804289544235925,0,Earth,107,38
RF_SRPT_proxy,700,131.60902380952382,460.534999999994,18492.3,0.08326145446442698,0.00804289544235925,0,Earth,107,38
Backfill_FIFO,700,131.60902380952382,460.534999999994,18492.3,0.08326145446442698,0.00804289544235925,0,Earth,107,38
Wind_proxy,700,131.60902380952382,460.534999999994,18492.3,0.08326145446442698,0.01742627345844504,0,Earth,107,38
PredSched_LLM,700,131.60902380952382,460.534999999994,18492.3,0.08326145446442698,0.00804289544235925,0,Earth,107,38
FIFO,700,120.42761904761902,699.083333333333,18220.133333333335,0.043782190477796024,0.005298013245033113,0,Earth,107,39
QSSF_proxy,700,120.42761904761902,699.083333333333,18220.133333333335,0.043782190477796024,0.005298013245033113,0,Earth,107,39
RF_SRPT_proxy,700,120.42761904761902,699.083333333333,18220.133333333335,0.043782190477796024,0.005298013245033113,0,Earth,107,39
Backfill_FIFO,700,120.42761904761902,699.083333333333,18220.133333333335,0.043782190477796024,0.005298013245033113,0,Earth,107,39
Wind_proxy,700,120.42761904761902,699.083333333333,18220.133333333335,0.043782190477796024,0.0013245033112582781,0,Earth,107,39
PredSched_LLM,700,120.42761904761902,699.083333333333,18220.133333333335,0.043782190477796024,0.005298013245033113,0,Earth,107,39
FIFO,700,5606.413904761902,8851.759166666658,23208.133333333324,0.6324760967419468,0.07053941908713693,0,Saturn,4,0
QSSF_proxy,700,1318.914928571429,7625.783333333338,16065.56666666667,0.9136677148020506,0.07607192254495158,488,Saturn,4,0
RF_SRPT_proxy,700,1105.1061904761907,7160.64833333333,16120.016666666663,0.9105815388941907,0.02627939142461964,520,Saturn,4,0
Backfill_FIFO,700,2250.861666666666,6434.137500000002,15787.066666666662,0.9297857476161921,0.02627939142461964,671,Saturn,4,0
Wind_proxy,700,2250.861666666666,6434.137500000002,15787.066666666662,0.9297857476161921,0.02627939142461964,671,Saturn,4,0
PredSched_LLM,700,1105.1061904761907,7160.64833333333,16120.016666666663,0.9105815388941907,0.02627939142461964,520,Saturn,4,0
FIFO,700,4822.254571428572,9517.079166666666,22965.333333333336,0.6153178114476894,0.059639389736477116,0,Saturn,4,1
QSSF_proxy,700,654.8505714285712,4533.205833333329,15595.966666666664,0.9060662251885633,0.07212205270457697,429,Saturn,4,1
RF_SRPT_proxy,700,564.7012857142856,3811.3733333333284,15360.883333333331,0.9199326848065379,0.056865464632454926,335,Saturn,4,1
Backfill_FIFO,700,1737.7729523809521,5360.557499999999,15058.066666666666,0.9384324667066596,0.019417475728155338,615,Saturn,4,1
Wind_proxy,700,1737.7729523809521,5360.557499999999,15058.066666666666,0.9384324667066596,0.019417475728155338,615,Saturn,4,1
PredSched_LLM,700,564.7012857142856,3811.3733333333284,15360.883333333331,0.9199326848065379,0.056865464632454926,335,Saturn,4,1
FIFO,700,5052.733309523809,9083.437500000002,22172.56666666667,0.619029173813887,0.04143646408839779,0,Saturn,4,2
QSSF_proxy,700,724.1100714285715,5593.753333333331,15340.399999999998,0.8947267101900865,0.022099447513812154,394,Saturn,4,2
RF_SRPT_proxy,700,534.0462619047621,3326.8516666666646,15596.41666666666,0.8800396859321319,0.034530386740331494,304,Saturn,4,2
Backfill_FIFO,700,964.7157619047614,2577.9725000000008,15285.383333333324,0.8979470992440493,0.027624309392265192,614,Saturn,4,2
Wind_proxy,700,964.7157619047614,2577.9725000000008,15285.383333333324,0.8979470992440493,0.027624309392265192,614,Saturn,4,2
PredSched_LLM,700,534.0462619047621,3326.8516666666646,15596.41666666666,0.8800396859321319,0.034530386740331494,304,Saturn,4,2
FIFO,700,4687.7291904761905,8763.315833333336,17680.6,0.6858562786802109,0.06620689655172414,0,Saturn,4,3
QSSF_proxy,700,828.2993809523811,5139.770833333334,14124.333333333332,0.8585432129540039,0.04827586206896552,421,Saturn,4,3
RF_SRPT_proxy,700,653.2427619047622,4347.205833333333,13907.649999999998,0.8719194487086849,0.08827586206896551,449,Saturn,4,3
Backfill_FIFO,700,1353.3966666666668,3273.127499999999,13705.049999999996,0.8848089223193882,0.027586206896551724,678,Saturn,4,3
Wind_proxy,700,1352.6836904761903,3265.665000000001,13702.916666666664,0.884946673457597,0.031724137931034485,678,Saturn,4,3
PredSched_LLM,700,653.2427619047622,4347.205833333333,13907.649999999998,0.8719194487086849,0.08827586206896551,449,Saturn,4,3
FIFO,700,7189.830476190477,9906.529166666669,22947.466666666667,0.6216019760351178,0.06843575418994413,0,Saturn,4,4
QSSF_proxy,700,1163.565166666667,6357.649166666667,15535.016666666666,0.9181960297221005,0.04189944134078212,471,Saturn,4,4
RF_SRPT_proxy,700,1114.0406666666672,6048.31583333333,15635.766666666665,0.9122795785517394,0.04888268156424581,503,Saturn,4,4
Backfill_FIFO,700,1807.1533095238094,4110.780833333331,15918.649999999994,0.8960678590835276,0.0223463687150838,661,Saturn,4,4
Wind_proxy,700,1807.1533095238094,4110.780833333331,15918.649999999994,0.8960678590835276,0.0223463687150838,661,Saturn,4,4
PredSched_LLM,700,1114.0406666666672,6048.31583333333,15635.766666666665,0.9122795785517394,0.04888268156424581,503,Saturn,4,4
FIFO,700,8139.774047619047,14391.666666666664,21295.466666666667,0.8290407123034012,0.07320441988950276,0,Saturn,4,5
QSSF_proxy,700,1279.6179523809528,6551.897499999999,18334.983333333334,0.9629029126015022,0.06077348066298342,440,Saturn,4,5
RF_SRPT_proxy,700,1243.3503095238098,6112.3825000000015,18407.166666666664,0.9591269082241519,0.03038674033149171,396,Saturn,4,5
Backfill_FIFO,700,2759.167380952381,8450.294166666667,18578.25,0.9502945032049125,0.013812154696132596,617,Saturn,4,5
Wind_proxy,700,2758.8860476190475,8450.294166666667,18578.25,0.9502945032049125,0.019337016574585635,617,Saturn,4,5
PredSched_LLM,700,1243.3503095238098,6112.3825000000015,18407.166666666664,0.9591269082241519,0.03038674033149171,396,Saturn,4,5
FIFO,700,5858.466023809523,9924.116666666669,18188.216666666667,0.7991371817651173,0.03333333333333333,0,Saturn,4,6
QSSF_proxy,700,586.9070714285714,5001.294166666658,16150.099999999999,0.899987009884356,0.044444444444444446,270,Saturn,4,6
RF_SRPT_proxy,700,563.1240476190476,4831.87333333333,16093.199999999997,0.9031690532854454,0.05555555555555555,293,Saturn,4,6
Backfill_FIFO,700,1080.1217142857136,3273.3424999999993,15330.399999999998,0.9481083473577552,0.02361111111111111,610,Saturn,4,6
Wind_proxy,700,1079.3600238095235,3273.2216666666654,15329.583333333328,0.9481588567856268,0.022222222222222223,610,Saturn,4,6
PredSched_LLM,700,563.1240476190476,4831.87333333333,16093.199999999997,0.9031690532854454,0.05555555555555555,293,Saturn,4,6
FIFO,700,4271.074095238096,8714.90666666667,23162.083333333336,0.6645809422727519,0.048143053645116916,0,Saturn,4,7
QSSF_proxy,700,855.7078571428575,6497.353333333332,17328.03333333334,0.8883338847840009,0.055020632737276476,421,Saturn,4,7
RF_SRPT_proxy,700,943.5012380952381,6682.88583333333,17375.983333333334,0.885882477634359,0.11691884456671252,397,Saturn,4,7
Backfill_FIFO,700,1228.120880952381,2674.2933333333326,17592.866666666665,0.8749613953382621,0.061898211829436035,567,Saturn,4,7
Wind_proxy,700,1228.120880952381,2674.2933333333326,17592.866666666665,0.8749613953382621,0.061898211829436035,567,Saturn,4,7
PredSched_LLM,700,943.5012380952381,6682.88583333333,17375.983333333334,0.885882477634359,0.11691884456671252,397,Saturn,4,7
FIFO,700,4724.858499999999,8344.206666666667,22828.083333333336,0.5971191825127674,0.05103448275862069,0,Saturn,4,8
QSSF_proxy,700,754.8970000000004,5497.2474999999995,15514.949999999997,0.8785775305968329,0.08137931034482758,402,Saturn,4,8
RF_SRPT_proxy,700,684.657047619048,5005.635000000001,15503.766666666663,0.8792112750019886,0.04827586206896552,471,Saturn,4,8
Backfill_FIFO,700,1720.2699523809513,4054.651666666661,17228.983333333334,0.7911718407644478,0.08551724137931034,587,Saturn,4,8
Wind_proxy,700,1720.2699523809513,4054.651666666661,17228.983333333334,0.7911718407644478,0.08551724137931034,587,Saturn,4,8
PredSched_LLM,700,684.657047619048,5005.635000000001,15503.766666666663,0.8792112750019886,0.04827586206896552,471,Saturn,4,8
FIFO,700,7166.257595238095,11158.856666666667,19978.966666666667,0.7446372508004244,0.05547850208044383,0,Saturn,4,9
QSSF_proxy,700,1248.975095238096,7580.098333333335,15960.266666666672,0.932132471418606,0.07073509015256588,514,Saturn,4,9
RF_SRPT_proxy,700,1512.7360000000006,10189.345833333331,17777.800000000003,0.8368348621595473,0.06796116504854369,505,Saturn,4,9
Backfill_FIFO,700,2113.11919047619,5347.741666666654,15957.199999999995,0.9323116093362251,0.018030513176144243,613,Saturn,4,9
Wind_proxy,700,2113.11919047619,5347.741666666654,15957.199999999995,0.9323116093362251,0.018030513176144243,613,Saturn,4,9
PredSched_LLM,700,1512.7360000000006,10189.345833333331,17777.800000000003,0.8368348621595473,0.06796116504854369,505,Saturn,4,9
FIFO,700,4057.2718095238074,7154.724166666662,15978.466666666662,0.7020094687329197,0.06983240223463687,0,Saturn,4,10
QSSF_proxy,700,699.6491904761904,4077.6024999999995,12241.149999999998,0.916338325715585,0.03910614525139665,383,Saturn,4,10
RF_SRPT_proxy,700,638.4745952380949,3977.839166666661,12435.916666666664,0.9019869782417862,0.03770949720670391,392,Saturn,4,10
Backfill_FIFO,700,1571.0829761904754,4481.459166666665,12008.43333333333,0.9340964457617281,0.01675977653631285,612,Saturn,4,10
Wind_proxy,700,1571.0817857142852,4481.459166666665,12008.43333333333,0.9340964457617281,0.01675977653631285,612,Saturn,4,10
PredSched_LLM,700,638.4745952380949,3977.839166666661,12435.916666666664,0.9019869782417862,0.03770949720670391,392,Saturn,4,10
FIFO,700,5235.690119047618,8274.883333333331,22834.966666666674,0.6208212158911255,0.056164383561643834,0,Saturn,4,11
QSSF_proxy,700,594.3322857142856,4107.048333333327,16162.833333333332,0.8771006591769182,0.10684931506849316,353,Saturn,4,11
RF_SRPT_proxy,700,578.3296666666664,3852.1816666666587,16184.05,0.8759508139701332,0.06438356164383562,362,Saturn,4,11
Backfill_FIFO,700,1274.2033571428572,3395.580833333334,15144.766666666663,0.9360614186308578,0.0410958904109589,623,Saturn,4,11
Wind_proxy,700,1274.2033571428572,3395.580833333334,15144.766666666663,0.9360614186308578,0.0410958904109589,623,Saturn,4,11
PredSched_LLM,700,578.3296666666664,3852.1816666666587,16184.05,0.8759508139701332,0.06438356164383562,362,Saturn,4,11
FIFO,700,5800.0287619047585,8584.05833333333,18966.24999999999,0.6392619016234982,0.06188466947960619,0,Saturn,4,12
QSSF_proxy,700,1548.3905952380953,9000.5575,14619.600000000002,0.8293250869836837,0.035161744022503515,491,Saturn,4,12
RF_SRPT_proxy,700,1213.6023809523813,8581.246666666664,14225.866666666669,0.8522785518632727,0.040787623066104076,365,Saturn,4,12
Backfill_FIFO,700,2477.7812142857138,6301.387499999998,13207.45,0.9179971184192748,0.01969057665260197,672,Saturn,4,12
Wind_proxy,700,2477.7812142857138,6301.387499999998,13207.45,0.9179971184192748,0.02109704641350211,672,Saturn,4,12
PredSched_LLM,700,1213.6023809523813,8581.246666666664,14225.866666666669,0.8522785518632727,0.040787623066104076,365,Saturn,4,12
FIFO,700,6274.888404761906,8848.58166666667,24987.266666666674,0.6282871742674272,0.04132231404958678,0,Saturn,4,13
QSSF_proxy,700,914.178785714286,6578.962499999998,17083.65,0.9189593070957712,0.05785123966942149,472,Saturn,4,13
RF_SRPT_proxy,700,863.7122142857144,6019.071666666667,17216.283333333336,0.9118796933523204,0.07300275482093664,486,Saturn,4,13
Backfill_FIFO,700,1698.693333333333,4661.668333333333,16794.183333333338,0.934798605866515,0.02203856749311295,668,Saturn,4,13
Wind_proxy,700,1794.9544285714285,4206.635,18407.800000000003,0.8528547228167768,0.02066115702479339,668,Saturn,4,13
PredSched_LLM,700,863.7122142857144,6019.071666666667,17216.283333333336,0.9118796933523204,0.07300275482093664,486,Saturn,4,13
FIFO,700,5059.58292857143,7547.18416666667,19509.650000000005,0.582115987045727,0.06582633053221289,0,Saturn,4,14
QSSF_proxy,700,796.7031190476195,5326.415833333333,12531.683333333338,0.9062532833444829,0.0350140056022409,485,Saturn,4,14
RF_SRPT_proxy,700,778.8949523809525,4998.375000000002,12647.533333333335,0.8979521039675719,0.04061624649859944,365,Saturn,4,14
Backfill_FIFO,700,1565.9054761904754,5571.996666666662,13116.449999999999,0.8658500712209978,0.028011204481792718,628,Saturn,4,14
Wind_proxy,700,1565.9054761904754,5571.996666666662,13116.449999999999,0.8658500712209978,0.028011204481792718,628,Saturn,4,14
PredSched_LLM,700,778.8949523809525,4998.375000000002,12647.533333333335,0.8979521039675719,0.04061624649859944,365,Saturn,4,14
FIFO,700,5357.956214285712,9307.699999999993,21033.01666666666,0.7057968780829502,0.05212620027434842,0,Saturn,4,15
QSSF_proxy,700,1300.1333095238094,6756.486666666664,16570.566666666662,0.8958678238724481,0.0411522633744856,458,Saturn,4,15
RF_SRPT_proxy,700,1176.9552142857144,6680.973333333328,17082.98333333333,0.8689956086905194,0.07956104252400549,543,Saturn,4,15
Backfill_FIFO,700,2216.630380952382,6317.1058333333385,16610.299999999996,0.8937248273661529,0.012345679012345678,582,Saturn,4,15
Wind_proxy,700,2216.630380952382,6317.1058333333385,16610.299999999996,0.8937248273661529,0.012345679012345678,582,Saturn,4,15
PredSched_LLM,700,1176.9552142857144,6680.973333333328,17082.98333333333,0.8689956086905194,0.07956104252400549,543,Saturn,4,15
FIFO,700,7201.686190476192,11941.971666666668,21796.783333333333,0.7026765512801205,0.07152682255845942,0,Saturn,4,16
QSSF_proxy,700,1126.0357380952382,7004.1624999999985,17181.15,0.8914472280183028,0.04126547455295736,424,Saturn,4,16
RF_SRPT_proxy,700,909.9052380952386,6475.609166666665,17039.2,0.8988736878296316,0.03576341127922971,356,Saturn,4,16
Backfill_FIFO,700,2538.9817857142857,7086.8899999999985,16805.866666666665,0.9113536865102666,0.024759284731774415,617,Saturn,4,16
Wind_proxy,700,2236.304571428571,5691.565833333329,16867.433333333327,0.9080272166482554,0.02063273727647868,617,Saturn,4,16
PredSched_LLM,700,909.9052380952386,6475.609166666665,17039.2,0.8988736878296316,0.03576341127922971,356,Saturn,4,16
FIFO,700,4766.221595238095,6941.336666666665,18420.449999999997,0.6320212951728463,0.03314917127071823,0,Saturn,4,17
QSSF_proxy,700,915.5740952380954,5062.292500000001,13331.533333333333,0.873276642346717,0.049723756906077346,416,Saturn,4,17
RF_SRPT_proxy,700,913.7299523809526,4921.663333333332,13301.399999999998,0.8752549856907295,0.04558011049723757,414,Saturn,4,17
Backfill_FIFO,700,1726.3039999999996,4279.7,16198.816666666664,0.718701674710807,0.03038674033149171,669,Saturn,4,17
Wind_proxy,700,1726.3039999999996,4279.7,16198.816666666664,0.718701674710807,0.03038674033149171,669,Saturn,4,17
PredSched_LLM,700,913.7299523809526,4921.663333333332,13301.399999999998,0.8752549856907295,0.04558011049723757,414,Saturn,4,17
FIFO,700,6987.420785714284,12260.64333333333,31922.799999999992,0.7666139744425094,0.06394557823129252,0,Saturn,4,18
QSSF_proxy,700,1043.661238095238,6511.658333333332,26375.716666666667,0.9278407442957316,0.04353741496598639,462,Saturn,4,18
RF_SRPT_proxy,700,1041.0283571428574,6289.752499999997,26604.61666666667,0.9198578160306764,0.08435374149659863,386,Saturn,4,18
Backfill_FIFO,700,2382.2831904761906,7419.527499999999,30118.850000000002,0.812529847033779,0.02857142857142857,665,Saturn,4,18
Wind_proxy,700,2264.054428571428,6808.1475,26179.916666666668,0.9347800795138768,0.013605442176870748,665,Saturn,4,18
PredSched_LLM,700,1041.0283571428574,6289.752499999997,26604.61666666667,0.9198578160306764,0.08435374149659863,386,Saturn,4,18
FIFO,700,4847.334333333334,9957.339166666668,16714.0,0.7875319405388704,0.04264099037138927,0,Saturn,4,19
QSSF_proxy,700,929.157619047619,5082.815833333333,13785.799999999996,0.9548092134055816,0.03576341127922971,432,Saturn,4,19
RF_SRPT_proxy,700,871.4199523809525,4821.784166666668,13831.333333333332,0.9516659411601678,0.0453920220082531,449,Saturn,4,19
Backfill_FIFO,700,1783.98219047619,5423.5225,14376.833333333332,0.9155568927441137,0.01925722145804677,608,Saturn,4,19
Wind_proxy,700,1783.98219047619,5423.5225,14376.833333333332,0.9155568927441137,0.01925722145804677,608,Saturn,4,19
PredSched_LLM,700,871.4199523809525,4821.784166666668,13831.333333333332,0.9516659411601678,0.0453920220082531,449,Saturn,4,19
FIFO,700,4232.482595238093,6984.149999999996,10763.749999999996,0.8433395269616386,0.036312849162011177,0,Saturn,4,20
QSSF_proxy,700,695.0853095238094,4494.090833333332,10307.183333333332,0.8806960679526089,0.04189944134078212,438,Saturn,4,20
RF_SRPT_proxy,700,548.5430238095239,4028.6908333333336,9916.933333333336,0.9153531165548486,0.07960893854748603,296,Saturn,4,20
Backfill_FIFO,700,1214.3064761904757,3432.499166666666,9707.8,0.9350723988270601,0.0223463687150838,614,Saturn,4,20
Wind_proxy,700,1094.0727619047614,3218.1466666666665,9729.516666666666,0.9329852801869222,0.025139664804469275,612,Saturn,4,20
PredSched_LLM,700,548.5430238095239,4028.6908333333336,9916.933333333336,0.9153531165548486,0.07960893854748603,296,Saturn,4,20
FIFO,700,6886.9305952380955,14533.738333333335,30787.766666666663,0.6975679192926196,0.058423913043478264,0,Saturn,4,21
QSSF_proxy,700,1059.1817380952382,6273.668333333334,23062.550000000007,0.93123086273345,0.11005434782608696,515,Saturn,4,21
RF_SRPT_proxy,700,1098.7391904761903,6315.013333333327,22816.683333333334,0.9412655651822022,0.02717391304347826,561,Saturn,4,21
Backfill_FIFO,700,2182.4029999999993,5976.304999999996,22910.216666666667,0.9374227509851862,0.017663043478260868,621,Saturn,4,21
Wind_proxy,700,2182.4029999999993,5976.304999999996,22910.216666666667,0.9374227509851862,0.017663043478260868,621,Saturn,4,21
PredSched_LLM,700,1098.7391904761903,6315.013333333327,22816.683333333334,0.9412655651822022,0.02717391304347826,561,Saturn,4,21
FIFO,700,5962.692142857143,8548.348333333333,23928.516666666674,0.5934783358210669,0.08310249307479224,0,Saturn,4,22
QSSF_proxy,700,981.8742380952383,6625.533333333336,16389.11666666667,0.8664930843334044,0.02077562326869806,429,Saturn,4,22
RF_SRPT_proxy,700,770.6474047619049,5373.281666666666,16132.083333333336,0.8802989642792572,0.04847645429362881,474,Saturn,4,22
Backfill_FIFO,700,1556.5175238095235,4555.532500000001,16386.516666666663,0.8666305682212306,0.02077562326869806,673,Saturn,4,22
Wind_proxy,700,1520.9778333333327,4784.903333333334,16316.45,0.8703520833269489,0.019390581717451522,673,Saturn,4,22
PredSched_LLM,700,770.6474047619049,5373.281666666666,16132.083333333336,0.8802989642792572,0.04847645429362881,474,Saturn,4,22
FIFO,700,4360.324023809524,7663.410833333335,21793.01666666667,0.5527556227874219,0.06639004149377593,0,Saturn,4,23
QSSF_proxy,700,460.72540476190466,3499.8816666666635,14298.083333333332,0.8425054057362,0.08575380359612725,419,Saturn,4,23
RF_SRPT_proxy,700,499.96542857142856,3484.0983333333206,14775.216666666667,0.8152985348212607,0.06224066390041494,396,Saturn,4,23
Backfill_FIFO,700,1154.059452380952,2962.453333333334,15041.899999999998,0.8008438096251139,0.06500691562932227,623,Saturn,4,23
Wind_proxy,700,1154.059452380952,2962.453333333334,15041.899999999998,0.8008438096251139,0.06500691562932227,623,Saturn,4,23
PredSched_LLM,700,499.96542857142856,3484.0983333333206,14775.216666666667,0.8152985348212607,0.06224066390041494,396,Saturn,4,23
FIFO,700,5805.0596428571425,8715.635833333336,18235.683333333338,0.6733717934891389,0.05034965034965035,0,Saturn,4,24
QSSF_proxy,700,990.6810238095239,6179.721666666645,14182.216666666665,0.8658304325957509,0.05034965034965035,414,Saturn,4,24
RF_SRPT_proxy,700,822.9652857142855,5829.806666666666,13856.999999999998,0.8861510277597365,0.06293706293706294,440,Saturn,4,24
Backfill_FIFO,700,1852.2617857142855,4589.410000000002,14441.199999999993,0.8503029382368965,0.01818181818181818,623,Saturn,4,24
Wind_proxy,700,1852.2617857142855,4589.410000000002,14441.199999999993,0.8503029382368965,0.01818181818181818,623,Saturn,4,24
PredSched_LLM,700,822.9652857142855,5829.806666666666,13856.999999999998,0.8861510277597365,0.06293706293706294,440,Saturn,4,24
FIFO,700,6539.0602619047595,11863.760833333328,21823.933333333327,0.6753576062518517,0.06102635228848821,0,Saturn,4,25
QSSF_proxy,700,1091.983238095238,6050.843333333333,16600.333333333332,0.8878712902351357,0.04299583911234397,311,Saturn,4,25
RF_SRPT_proxy,700,1151.5006190476195,6063.255833333332,16832.066666666666,0.8756476353666217,0.018030513176144243,316,Saturn,4,25
Backfill_FIFO,700,1945.4332380952376,4908.632499999996,17180.433333333334,0.8578921782143638,0.013869625520110958,614,Saturn,4,25
Wind_proxy,700,1945.4332380952376,4908.632499999996,17180.433333333334,0.8578921782143638,0.013869625520110958,614,Saturn,4,25
PredSched_LLM,700,1151.5006190476195,6063.255833333332,16832.066666666666,0.8756476353666217,0.018030513176144243,316,Saturn,4,25
FIFO,700,5944.253119047619,11394.791666666666,27403.55,0.6898527403383866,0.0673076923076923,0,Saturn,4,26
QSSF_proxy,700,1184.5790476190482,6777.3016666666645,20112.76666666667,0.9399211145739936,0.04807692307692308,511,Saturn,4,26
RF_SRPT_proxy,700,1148.0433333333333,6792.381666666668,20208.850000000006,0.9354522430766723,0.07280219780219781,542,Saturn,4,26
Backfill_FIFO,700,1711.8055238095228,3671.0075,21144.23333333333,0.8940694970811582,0.017857142857142856,671,Saturn,4,26
Wind_proxy,700,1711.8055238095228,3671.0075,21144.23333333333,0.8940694970811582,0.016483516483516484,671,Saturn,4,26
PredSched_LLM,700,1148.0433333333333,6792.381666666668,20208.850000000006,0.9354522430766723,0.07280219780219781,542,Saturn,4,26
FIFO,700,5994.494380952378,11879.51666666666,25362.58333333332,0.6915469720815771,0.07967032967032966,0,Saturn,4,27
QSSF_proxy,700,693.3784523809524,3813.1699999999973,19707.75,0.88997565467054,0.05357142857142857,390,Saturn,4,27
RF_SRPT_proxy,700,613.5952619047617,3335.1991666666663,19635.883333333335,0.89323293536578,0.06043956043956044,464,Saturn,4,27
Backfill_FIFO,700,1397.3421666666666,3696.3149999999987,20209.93333333333,0.8678612353166263,0.04945054945054945,599,Saturn,4,27
Wind_proxy,700,1397.3421666666666,3696.3149999999987,20209.93333333333,0.8678612353166263,0.04945054945054945,599,Saturn,4,27
PredSched_LLM,700,613.5952619047617,3335.1991666666663,19635.883333333335,0.89323293536578,0.06043956043956044,464,Saturn,4,27
FIFO,700,4796.275428571428,12390.664999999999,22773.149999999998,0.7693559904975813,0.05434782608695652,0,Saturn,4,28
QSSF_proxy,700,871.0430952380954,4880.465,18804.15,0.9317442891595739,0.033967391304347824,463,Saturn,4,28
RF_SRPT_proxy,700,821.7359761904764,4602.524166666665,18771.149999999998,0.9333823114193854,0.029891304347826088,458,Saturn,4,28
Backfill_FIFO,700,1361.103833333333,3946.449999999996,18885.116666666665,0.9277495969047939,0.02717391304347826,608,Saturn,4,28
Wind_proxy,700,1361.103833333333,3946.449999999996,18885.116666666665,0.9277495969047939,0.02717391304347826,608,Saturn,4,28
PredSched_LLM,700,821.7359761904764,4602.524166666665,18771.149999999998,0.9333823114193854,0.029891304347826088,458,Saturn,4,28
FIFO,700,4046.8384047619047,7961.005833333333,16853.300000000003,0.9109060490625972,0.05198358413132695,0,Saturn,4,29
QSSF_proxy,700,481.34697619047625,3469.928333333333,16402.5,0.9359410404917949,0.04103967168262654,406,Saturn,4,29
RF_SRPT_proxy,700,447.49619047619046,3113.1283333333304,16370.216666666664,0.9377867886089881,0.028727770177838577,366,Saturn,4,29
Backfill_FIFO,700,1194.2266190476184,2904.9108333333315,16365.883333333328,0.938035094347693,0.07934336525307797,610,Saturn,4,29
Wind_proxy,700,893.9029999999995,2473.434166666666,16068.966666666664,0.9553677741153235,0.012311901504787962,671,Saturn,4,29
PredSched_LLM,700,447.49619047619046,3113.1283333333304,16370.216666666664,0.9377867886089881,0.028727770177838577,366,Saturn,4,29
FIFO,700,6393.480857142854,11071.728333333333,25629.816666666662,0.6504682209327808,0.07544581618655692,0,Saturn,4,30
QSSF_proxy,700,895.3509761904762,5701.129166666663,17999.800000000003,0.9261981383126481,0.0438957475994513,460,Saturn,4,30
RF_SRPT_proxy,700,832.1319523809526,5278.7091666666665,17938.36666666667,0.929370079215685,0.04801097393689986,474,Saturn,4,30
Backfill_FIFO,700,1735.1605238095233,4553.65,18089.44999999999,0.9216079676275398,0.06858710562414266,603,Saturn,4,30
Wind_proxy,700,1894.4096666666667,5870.777500000001,18841.6,0.884817703910496,0.04663923182441701,603,Saturn,4,30
PredSched_LLM,700,832.1319523809526,5278.7091666666665,17938.36666666667,0.929370079215685,0.04801097393689986,474,Saturn,4,30
FIFO,700,6278.218666666665,11448.549999999997,21923.233333333334,0.6776476525284436,0.07232267037552156,0,Saturn,4,31
QSSF_proxy,700,1473.8658809523808,8942.413333333334,16848.26666666667,0.8817659346263115,0.06258692628650904,504,Saturn,4,31
RF_SRPT_proxy,700,1426.3260238095238,9048.816666666666,16936.066666666673,0.8771946814195347,0.1070931849791377,454,Saturn,4,31
Backfill_FIFO,700,3294.9306904761906,10229.42166666667,18005.250000000004,0.8251053222902573,0.016689847009735744,617,Saturn,4,31
Wind_proxy,700,2754.894428571429,8152.653333333332,16210.383333333335,0.9164636824854031,0.02086230876216968,617,Saturn,4,31
PredSched_LLM,700,1426.3260238095238,9048.816666666666,16936.066666666673,0.8771946814195347,0.1070931849791377,454,Saturn,4,31
FIFO,700,4165.487047619049,10895.544999999933,19717.216666666667,0.7914708951483175,0.04878048780487805,0,Saturn,4,32
QSSF_proxy,700,712.3336666666669,4702.845833333334,16640.516666666663,0.9378076076363813,0.052845528455284556,358,Saturn,4,32
RF_SRPT_proxy,700,669.9790238095238,4403.184166666667,16421.88333333333,0.95029314288962,0.06233062330623306,398,Saturn,4,32
Backfill_FIFO,700,1366.6603809523806,3439.293333333333,16967.71666666666,0.9197232268533481,0.023035230352303523,605,Saturn,4,32
Wind_proxy,700,1366.6603809523806,3439.293333333333,16967.71666666666,0.9197232268533481,0.023035230352303523,605,Saturn,4,32
PredSched_LLM,700,669.9790238095238,4403.184166666667,16421.88333333333,0.95029314288962,0.06233062330623306,398,Saturn,4,32
FIFO,700,7229.369023809523,12822.845833333331,27039.133333333335,0.6384091337062082,0.0677731673582296,0,Saturn,4,33
QSSF_proxy,700,763.6316190476192,4965.9225000000015,19444.51666666667,0.8877582293980051,0.048409405255878286,401,Saturn,4,33
RF_SRPT_proxy,700,757.0424523809523,5214.969999999998,19536.950000000004,0.8835580624150645,0.07745504840940526,318,Saturn,4,33
Backfill_FIFO,700,1994.4710476190467,5188.407499999993,19681.066666666673,0.8770881162013575,0.03734439834024896,578,Saturn,4,33
Wind_proxy,700,1994.4043571428563,5188.407499999993,19681.066666666673,0.8770881162013575,0.030428769017980636,569,Saturn,4,33
PredSched_LLM,700,757.0424523809523,5214.969999999998,19536.950000000004,0.8835580624150645,0.07745504840940526,318,Saturn,4,33
FIFO,700,6661.365880952381,9478.8625,22308.966666666667,0.617652151078266,0.0533515731874145,0,Saturn,4,34
QSSF_proxy,700,872.9386666666667,4662.631666666667,15057.416666666662,0.9151092484877329,0.02051983584131327,448,Saturn,4,34
RF_SRPT_proxy,700,885.4467380952383,4699.649999999998,15111.116666666665,0.9118572474789526,0.025991792065663474,507,Saturn,4,34
Backfill_FIFO,700,1710.883119047618,3763.1316666666653,15409.149999999994,0.8942207227523906,0.025991792065663474,604,Saturn,4,34
Wind_proxy,700,1710.883119047618,3763.1316666666653,15409.149999999994,0.8942207227523906,0.025991792065663474,604,Saturn,4,34
PredSched_LLM,700,885.4467380952383,4699.649999999998,15111.116666666665,0.9118572474789526,0.025991792065663474,507,Saturn,4,34
FIFO,700,5451.025642857143,9015.859999999999,18907.016666666666,0.6561805262332062,0.06482758620689655,0,Saturn,4,35
QSSF_proxy,700,624.8920476190477,3533.4141666666646,15105.333333333332,0.8213268699245295,0.06620689655172414,397,Saturn,4,35
RF_SRPT_proxy,700,637.328619047619,3621.828333333332,15137.716666666664,0.8195698478854693,0.04551724137931035,314,Saturn,4,35
Backfill_FIFO,700,1359.1929047619035,3628.731666666667,14698.349999999995,0.8440686298688854,0.012413793103448275,624,Saturn,4,35
Wind_proxy,700,1359.1929047619035,3628.731666666667,14698.349999999995,0.8440686298688854,0.012413793103448275,624,Saturn,4,35
PredSched_LLM,700,637.328619047619,3621.828333333332,15137.716666666664,0.8195698478854693,0.04551724137931035,314,Saturn,4,35
FIFO,700,4378.892857142856,7977.350833333331,17962.766666666666,0.6807193363401705,0.06153846153846154,0,Saturn,4,36
QSSF_proxy,700,1038.5281904761905,7155.564166666663,13664.083333333332,0.8948717821661415,0.07972027972027972,399,Saturn,4,36
RF_SRPT_proxy,700,957.3874761904761,5966.567499999998,14759.166666666664,0.8284751355090061,0.07552447552447553,376,Saturn,4,36
Backfill_FIFO,700,1455.275238095238,4597.773333333332,13584.55,0.9001109793233246,0.027972027972027972,614,Saturn,4,36
Wind_proxy,700,1455.275238095238,4597.773333333332,13584.55,0.9001109793233246,0.027972027972027972,614,Saturn,4,36
PredSched_LLM,700,957.3874761904761,5966.567499999998,14759.166666666664,0.8284751355090061,0.07552447552447553,376,Saturn,4,36
FIFO,700,2927.9822857142867,5325.3891666666705,15674.050000000003,0.6181863560577305,0.06582633053221289,0,Saturn,4,37
QSSF_proxy,700,630.0740000000002,4381.395833333325,11387.933333333338,0.8508553370087637,0.07703081232492998,398,Saturn,4,37
RF_SRPT_proxy,700,585.9337857142857,4263.016666666669,11505.466666666667,0.8421634806208065,0.056022408963585436,378,Saturn,4,37
Backfill_FIFO,700,1144.1229047619045,3490.3583333333336,11934.633333333335,0.8118794757693995,0.04201680672268908,626,Saturn,4,37
Wind_proxy,700,1144.1229047619045,3490.3583333333336,11934.633333333335,0.8118794757693995,0.04201680672268908,626,Saturn,4,37
PredSched_LLM,700,585.9337857142857,4263.016666666669,11505.466666666667,0.8421634806208065,0.056022408963585436,378,Saturn,4,37
FIFO,700,9183.99097619048,15789.200833333338,26029.600000000006,0.7364424179587853,0.05761316872427984,0,Saturn,4,38
QSSF_proxy,700,1349.724261904762,7079.289999999993,20522.750000000007,0.9340513119586795,0.05898491083676269,365,Saturn,4,38
RF_SRPT_proxy,700,1354.9624047619052,6911.089999999999,20781.28333333334,0.9224310768022828,0.03429355281207133,432,Saturn,4,38
Backfill_FIFO,700,2658.9993333333323,7366.320833333329,20493.25,0.9353958773010626,0.019204389574759947,664,Saturn,4,38
Wind_proxy,700,2862.6994047619055,7301.323333333333,20456.23333333334,0.9370885270096962,0.02606310013717421,608,Saturn,4,38
PredSched_LLM,700,1354.9624047619052,6911.089999999999,20781.28333333334,0.9224310768022828,0.03429355281207133,432,Saturn,4,38
FIFO,700,6814.906261904761,16950.373333333268,30455.783333333336,0.6793314296627844,0.0653061224489796,0,Saturn,4,39
QSSF_proxy,700,822.3101666666669,4501.664999999997,22834.26666666667,0.9060755545758714,0.04897959183673469,429,Saturn,4,39
RF_SRPT_proxy,700,807.7017857142857,4538.385833333332,22833.450000000004,0.9061079614921677,0.050340136054421766,500,Saturn,4,39
Backfill_FIFO,700,1526.8255238095235,3240.6491666666666,22254.166666666668,0.9296942520127319,0.00816326530612245,664,Saturn,4,39
Wind_proxy,700,1526.8255238095235,3240.6491666666666,22254.166666666668,0.9296942520127319,0.00816326530612245,664,Saturn,4,39
PredSched_LLM,700,807.7017857142857,4538.385833333332,22833.450000000004,0.9061079614921677,0.050340136054421766,500,Saturn,4,39
FIFO,700,67.9425,195.86916666666679,10704.1,0.01624289578379598,0.036061026352288486,0,Saturn,259,0
QSSF_proxy,700,67.9425,195.86916666666679,10704.1,0.01624289578379598,0.036061026352288486,0,Saturn,259,0
RF_SRPT_proxy,700,67.9425,195.86916666666679,10704.1,0.01624289578379598,0.036061026352288486,0,Saturn,259,0
Backfill_FIFO,700,67.9425,195.86916666666679,10704.1,0.01624289578379598,0.036061026352288486,0,Saturn,259,0
Wind_proxy,700,67.9425,195.86916666666679,10704.1,0.01624289578379598,0.033287101248266296,0,Saturn,259,0
PredSched_LLM,700,67.9425,195.86916666666679,10704.1,0.01624289578379598,0.036061026352288486,0,Saturn,259,0
FIFO,700,81.38414285714285,240.37916666666516,10704.1,0.015274121198486616,0.04596100278551532,0,Saturn,259,1
QSSF_proxy,700,81.38414285714285,240.37916666666516,10704.1,0.015274121198486616,0.04596100278551532,0,Saturn,259,1
RF_SRPT_proxy,700,81.38414285714285,240.37916666666516,10704.1,0.015274121198486616,0.04596100278551532,0,Saturn,259,1
Backfill_FIFO,700,81.38414285714285,240.37916666666516,10704.1,0.015274121198486616,0.04596100278551532,0,Saturn,259,1
Wind_proxy,700,81.38414285714285,240.37916666666516,10704.1,0.015274121198486616,0.06267409470752089,0,Saturn,259,1
PredSched_LLM,700,81.38414285714285,240.37916666666516,10704.1,0.015274121198486616,0.04596100278551532,0,Saturn,259,1
FIFO,700,100.5905,362.97333333332995,10704.1,0.02388012095390579,0.04246575342465753,0,Saturn,259,2
QSSF_proxy,700,100.5905,362.97333333332995,10704.1,0.02388012095390579,0.04246575342465753,0,Saturn,259,2
RF_SRPT_proxy,700,100.5905,362.97333333332995,10704.1,0.02388012095390579,0.04246575342465753,0,Saturn,259,2
Backfill_FIFO,700,100.5905,362.97333333332995,10704.1,0.02388012095390579,0.04246575342465753,0,Saturn,259,2
Wind_proxy,700,100.5905,362.97333333332995,10704.1,0.02388012095390579,0.05342465753424658,0,Saturn,259,2
PredSched_LLM,700,100.5905,362.97333333332995,10704.1,0.02388012095390579,0.038356164383561646,0,Saturn,259,2
FIFO,700,123.96716666666666,434.66666666666663,10704.1,0.019696341772695684,0.04450625869262865,0,Saturn,259,3
QSSF_proxy,700,123.96716666666666,434.66666666666663,10704.1,0.019696341772695684,0.04450625869262865,0,Saturn,259,3
RF_SRPT_proxy,700,123.96716666666666,434.66666666666663,10704.1,0.019696341772695684,0.04450625869262865,0,Saturn,259,3
Backfill_FIFO,700,123.96716666666666,434.66666666666663,10704.1,0.019696341772695684,0.04450625869262865,0,Saturn,259,3
Wind_proxy,700,123.96716666666666,434.66666666666663,10704.1,0.019696341772695684,0.04450625869262865,0,Saturn,259,3
PredSched_LLM,700,123.96716666666666,434.66666666666663,10704.1,0.019696341772695684,0.04728789986091794,0,Saturn,259,3
FIFO,700,90.63080952380952,221.6225,10704.1,0.01529754436701308,0.053445850914205346,0,Saturn,259,4
QSSF_proxy,700,90.63080952380952,221.6225,10704.1,0.01529754436701308,0.053445850914205346,0,Saturn,259,4
RF_SRPT_proxy,700,90.63080952380952,221.6225,10704.1,0.01529754436701308,0.053445850914205346,0,Saturn,259,4
Backfill_FIFO,700,90.63080952380952,221.6225,10704.1,0.01529754436701308,0.053445850914205346,0,Saturn,259,4
Wind_proxy,700,90.63080952380952,221.6225,10704.1,0.01529754436701308,0.06047819971870605,0,Saturn,259,4
PredSched_LLM,700,90.63080952380952,221.6225,10704.1,0.01529754436701308,0.053445850914205346,0,Saturn,259,4
FIFO,700,110.45959523809525,387.4,10704.1,0.026769593855453487,0.034482758620689655,0,Saturn,259,5
QSSF_proxy,700,110.45959523809525,387.4,10704.1,0.026769593855453487,0.03586206896551724,0,Saturn,259,5
RF_SRPT_proxy,700,110.45959523809525,387.4,10704.1,0.026769593855453487,0.03586206896551724,0,Saturn,259,5
Backfill_FIFO,700,110.45959523809525,387.4,10704.1,0.026769593855453487,0.034482758620689655,0,Saturn,259,5
Wind_proxy,700,110.45959523809525,387.4,10704.1,0.026769593855453487,0.031724137931034485,0,Saturn,259,5
PredSched_LLM,700,110.45959523809525,387.4,10704.1,0.026769593855453487,0.031724137931034485,0,Saturn,259,5
FIFO,700,89.98788095238095,340.0099999999991,9178.983333333334,0.020246408859935415,0.03021978021978022,0,Saturn,259,6
QSSF_proxy,700,89.98788095238095,340.0099999999991,9178.983333333334,0.020246408859935415,0.03021978021978022,0,Saturn,259,6
RF_SRPT_proxy,700,89.98788095238095,340.0099999999991,9178.983333333334,0.020246408859935415,0.03021978021978022,0,Saturn,259,6
Backfill_FIFO,700,89.98788095238095,340.0099999999991,9178.983333333334,0.020246408859935415,0.03021978021978022,0,Saturn,259,6
Wind_proxy,700,89.98788095238095,340.0099999999991,9178.983333333334,0.020246408859935415,0.028846153846153848,0,Saturn,259,6
PredSched_LLM,700,89.98788095238095,340.0099999999991,9178.983333333334,0.020246408859935415,0.03159340659340659,0,Saturn,259,6
FIFO,700,80.0662142857143,279.8374999999999,10704.1,0.015285259414845292,0.049930651872399444,0,Saturn,259,7
QSSF_proxy,700,80.0662142857143,279.8374999999999,10704.1,0.015285259414845292,0.056865464632454926,0,Saturn,259,7
RF_SRPT_proxy,700,80.0662142857143,279.8374999999999,10704.1,0.015285259414845292,0.056865464632454926,0,Saturn,259,7
Backfill_FIFO,700,80.0662142857143,279.8374999999999,10704.1,0.015285259414845292,0.049930651872399444,0,Saturn,259,7
Wind_proxy,700,80.0662142857143,279.8374999999999,10704.1,0.015285259414845292,0.04576976421636616,0,Saturn,259,7
PredSched_LLM,700,80.0662142857143,279.8374999999999,10704.1,0.015285259414845292,0.056865464632454926,0,Saturn,259,7
FIFO,700,107.63280952380951,284.17249999999785,10704.1,0.017069952309136355,0.03486750348675035,0,Saturn,259,8
QSSF_proxy,700,107.63280952380951,284.17249999999785,10704.1,0.017069952309136355,0.03486750348675035,0,Saturn,259,8
RF_SRPT_proxy,700,107.63280952380951,284.17249999999785,10704.1,0.017069952309136355,0.03486750348675035,0,Saturn,259,8
Backfill_FIFO,700,107.63280952380951,284.17249999999785,10704.1,0.017069952309136355,0.03486750348675035,0,Saturn,259,8
Wind_proxy,700,107.63280952380951,284.17249999999785,10704.1,0.017069952309136355,0.04184100418410042,0,Saturn,259,8
PredSched_LLM,700,107.63280952380951,284.17249999999785,10704.1,0.017069952309136355,0.03486750348675035,0,Saturn,259,8
FIFO,700,96.63764285714286,340.0099999999991,9178.983333333334,0.02140947493918685,0.05263157894736842,0,Saturn,259,9
QSSF_proxy,700,96.63764285714286,340.0099999999991,9178.983333333334,0.02140947493918685,0.05263157894736842,0,Saturn,259,9
RF_SRPT_proxy,700,96.63764285714286,340.0099999999991,9178.983333333334,0.02140947493918685,0.05263157894736842,0,Saturn,259,9
Backfill_FIFO,700,96.63764285714286,340.0099999999991,9178.983333333334,0.02140947493918685,0.05263157894736842,0,Saturn,259,9
Wind_proxy,700,96.63764285714286,340.0099999999991,9178.983333333334,0.02140947493918685,0.04709141274238227,0,Saturn,259,9
PredSched_LLM,700,96.63764285714286,340.0099999999991,9178.983333333334,0.02140947493918685,0.05263157894736842,0,Saturn,259,9
FIFO,700,102.73445238095239,274.1500000000001,10704.1,0.017453566998834703,0.040446304044630406,0,Saturn,259,10
QSSF_proxy,700,102.73445238095239,274.1500000000001,10704.1,0.017453566998834703,0.040446304044630406,0,Saturn,259,10
RF_SRPT_proxy,700,102.73445238095239,274.1500000000001,10704.1,0.017453566998834703,0.040446304044630406,0,Saturn,259,10
Backfill_FIFO,700,102.73445238095239,274.1500000000001,10704.1,0.017453566998834703,0.040446304044630406,0,Saturn,259,10
Wind_proxy,700,102.73445238095239,274.1500000000001,10704.1,0.017453566998834703,0.044630404463040445,0,Saturn,259,10
PredSched_LLM,700,102.73445238095239,274.1500000000001,10704.1,0.017453566998834703,0.040446304044630406,0,Saturn,259,10
FIFO,700,77.94371428571428,238.73333333333332,7286.783333333333,0.031243914015690308,0.04979253112033195,0,Saturn,259,11
QSSF_proxy,700,77.9437142857143,238.73333333333332,7286.783333333333,0.031243914015690308,0.04979253112033195,0,Saturn,259,11
RF_SRPT_proxy,700,77.9437142857143,238.73333333333332,7286.783333333333,0.031243914015690308,0.04979253112033195,0,Saturn,259,11
Backfill_FIFO,700,77.94371428571428,238.73333333333332,7286.783333333333,0.031243914015690308,0.04979253112033195,0,Saturn,259,11
Wind_proxy,700,77.94371428571428,238.73333333333332,7286.783333333333,0.031243914015690308,0.04979253112033195,0,Saturn,259,11
PredSched_LLM,700,77.9437142857143,238.73333333333332,7286.783333333333,0.031243914015690308,0.04979253112033195,0,Saturn,259,11
FIFO,700,63.98183333333332,235.68999999999983,7286.783333333333,0.020434008168365096,0.040446304044630406,0,Saturn,259,12
QSSF_proxy,700,63.98183333333332,235.68999999999983,7286.783333333333,0.020434008168365096,0.040446304044630406,0,Saturn,259,12
RF_SRPT_proxy,700,63.98183333333332,235.68999999999983,7286.783333333333,0.020434008168365096,0.040446304044630406,0,Saturn,259,12
Backfill_FIFO,700,63.98183333333332,235.68999999999983,7286.783333333333,0.020434008168365096,0.040446304044630406,0,Saturn,259,12
Wind_proxy,700,63.98183333333332,235.68999999999983,7286.783333333333,0.020434008168365096,0.02789400278940028,0,Saturn,259,12
PredSched_LLM,700,63.98183333333332,235.68999999999983,7286.783333333333,0.020434008168365096,0.040446304044630406,0,Saturn,259,12
FIFO,700,84.04288095238097,284.17249999999785,7286.783333333333,0.031751646218877966,0.02063273727647868,0,Saturn,259,13
QSSF_proxy,700,84.04288095238094,284.17249999999785,7286.783333333333,0.031751646218877966,0.02063273727647868,0,Saturn,259,13
RF_SRPT_proxy,700,84.04288095238094,284.17249999999785,7286.783333333333,0.031751646218877966,0.02063273727647868,0,Saturn,259,13
Backfill_FIFO,700,84.04288095238097,284.17249999999785,7286.783333333333,0.031751646218877966,0.02063273727647868,0,Saturn,259,13
Wind_proxy,700,84.04288095238097,284.17249999999785,7286.783333333333,0.031751646218877966,0.01925722145804677,0,Saturn,259,13
PredSched_LLM,700,84.04288095238094,284.17249999999785,7286.783333333333,0.031751646218877966,0.02063273727647868,0,Saturn,259,13
FIFO,700,97.34130952380951,360.19749999999914,10704.1,0.02569513997553253,0.04065040650406504,0,Saturn,259,14
QSSF_proxy,700,97.34130952380951,360.19749999999914,10704.1,0.02569513997553253,0.04065040650406504,0,Saturn,259,14
RF_SRPT_proxy,700,97.34130952380951,360.19749999999914,10704.1,0.02569513997553253,0.04065040650406504,0,Saturn,259,14
Backfill_FIFO,700,97.34130952380951,360.19749999999914,10704.1,0.02569513997553253,0.04065040650406504,0,Saturn,259,14
Wind_proxy,700,97.34130952380951,360.19749999999914,10704.1,0.02569513997553253,0.04336043360433604,0,Saturn,259,14
PredSched_LLM,700,97.34130952380951,360.19749999999914,10704.1,0.02569513997553253,0.04200542005420054,0,Saturn,259,14
FIFO,700,90.40214285714285,271.77499999999975,10704.1,0.019856095747576585,0.027777777777777776,0,Saturn,259,15
QSSF_proxy,700,90.40214285714285,271.77499999999975,10704.1,0.019856095747576585,0.027777777777777776,0,Saturn,259,15
RF_SRPT_proxy,700,90.40214285714285,271.77499999999975,10704.1,0.019856095747576585,0.027777777777777776,0,Saturn,259,15
Backfill_FIFO,700,90.40214285714285,271.77499999999975,10704.1,0.019856095747576585,0.027777777777777776,0,Saturn,259,15
Wind_proxy,700,90.40214285714285,271.77499999999975,10704.1,0.019856095747576585,0.018055555555555554,0,Saturn,259,15
PredSched_LLM,700,90.40214285714285,271.77499999999975,10704.1,0.019856095747576585,0.025,0,Saturn,259,15
FIFO,700,98.22395238095237,389.76333333333116,9178.983333333334,0.02560927945456733,0.0319001386962552,0,Saturn,259,16
QSSF_proxy,700,98.22395238095237,389.76333333333116,9178.983333333334,0.02560927945456733,0.0319001386962552,0,Saturn,259,16
RF_SRPT_proxy,700,98.22395238095237,389.76333333333116,9178.983333333334,0.02560927945456733,0.0319001386962552,0,Saturn,259,16
Backfill_FIFO,700,98.22395238095237,389.76333333333116,9178.983333333334,0.02560927945456733,0.0319001386962552,0,Saturn,259,16
Wind_proxy,700,98.22395238095237,389.76333333333116,9178.983333333334,0.02560927945456733,0.013869625520110958,0,Saturn,259,16
PredSched_LLM,700,98.22395238095237,389.76333333333116,9178.983333333334,0.02560927945456733,0.0319001386962552,0,Saturn,259,16
FIFO,700,109.3075714285714,389.76333333333116,10704.1,0.030331124578889434,0.02834008097165992,0,Saturn,259,17
QSSF_proxy,700,109.3075714285714,389.76333333333116,10704.1,0.030331124578889434,0.04588394062078273,0,Saturn,259,17
RF_SRPT_proxy,700,109.3075714285714,389.76333333333116,10704.1,0.030331124578889434,0.04588394062078273,0,Saturn,259,17
Backfill_FIFO,700,109.3075714285714,389.76333333333116,10704.1,0.030331124578889434,0.02834008097165992,0,Saturn,259,17
Wind_proxy,700,109.3075714285714,389.76333333333116,10704.1,0.030331124578889434,0.04183535762483131,0,Saturn,259,17
PredSched_LLM,700,109.3075714285714,389.76333333333116,10704.1,0.030331124578889434,0.043184885290148446,0,Saturn,259,17
FIFO,700,76.15435714285715,238.06833333333327,10704.1,0.017186496286794306,0.036312849162011177,0,Saturn,259,18
QSSF_proxy,700,76.15435714285715,238.06833333333327,10704.1,0.017186496286794306,0.036312849162011177,0,Saturn,259,18
RF_SRPT_proxy,700,76.15435714285715,238.06833333333327,10704.1,0.017186496286794306,0.036312849162011177,0,Saturn,259,18
Backfill_FIFO,700,76.15435714285715,238.06833333333327,10704.1,0.017186496286794306,0.036312849162011177,0,Saturn,259,18
Wind_proxy,700,76.15435714285715,238.06833333333327,10704.1,0.017186496286794306,0.03910614525139665,0,Saturn,259,18
PredSched_LLM,700,76.15435714285715,238.06833333333327,10704.1,0.017186496286794306,0.036312849162011177,0,Saturn,259,18
FIFO,700,102.43635714285712,583.2333333333331,9178.983333333334,0.028431642016752204,0.03424657534246575,0,Saturn,259,19
QSSF_proxy,700,102.43635714285712,583.2333333333331,9178.983333333334,0.028431642016752204,0.03424657534246575,0,Saturn,259,19
RF_SRPT_proxy,700,102.43635714285712,583.2333333333331,9178.983333333334,0.028431642016752204,0.03424657534246575,0,Saturn,259,19
Backfill_FIFO,700,102.43635714285712,583.2333333333331,9178.983333333334,0.028431642016752204,0.03424657534246575,0,Saturn,259,19
Wind_proxy,700,102.43635714285712,583.2333333333331,9178.983333333334,0.028431642016752204,0.0273972602739726,0,Saturn,259,19
PredSched_LLM,700,102.43635714285712,583.2333333333331,9178.983333333334,0.028431642016752204,0.050684931506849315,0,Saturn,259,19
FIFO,700,101.6082380952381,584.0441666666658,10704.1,0.02533654982658167,0.03419972640218878,0,Saturn,259,20
QSSF_proxy,700,101.6082380952381,584.0441666666658,10704.1,0.02533654982658167,0.03419972640218878,0,Saturn,259,20
RF_SRPT_proxy,700,101.6082380952381,584.0441666666658,10704.1,0.02533654982658167,0.03419972640218878,0,Saturn,259,20
Backfill_FIFO,700,101.6082380952381,584.0441666666658,10704.1,0.02533654982658167,0.03419972640218878,0,Saturn,259,20
Wind_proxy,700,101.6082380952381,584.0441666666658,10704.1,0.02533654982658167,0.025991792065663474,0,Saturn,259,20
PredSched_LLM,700,101.6082380952381,584.0441666666658,10704.1,0.02533654982658167,0.03419972640218878,0,Saturn,259,20
FIFO,700,106.27676190476188,439.97999999999513,7286.783333333333,0.03541751443060206,0.04160887656033287,0,Saturn,259,21
QSSF_proxy,700,106.27676190476191,439.97999999999513,7286.783333333333,0.03541751443060206,0.04160887656033287,0,Saturn,259,21
RF_SRPT_proxy,700,106.27676190476191,439.97999999999513,7286.783333333333,0.03541751443060206,0.04160887656033287,0,Saturn,259,21
Backfill_FIFO,700,106.27676190476188,439.97999999999513,7286.783333333333,0.03541751443060206,0.04160887656033287,0,Saturn,259,21
Wind_proxy,700,106.27676190476188,439.97999999999513,7286.783333333333,0.03541751443060206,0.04022191400832178,0,Saturn,259,21
PredSched_LLM,700,106.27676190476191,439.97999999999513,7286.783333333333,0.03541751443060206,0.04160887656033287,0,Saturn,259,21
FIFO,700,110.64916666666669,339.0,10704.1,0.020488123021264522,0.054317548746518104,0,Saturn,259,22
QSSF_proxy,700,110.64916666666669,339.0,10704.1,0.020488123021264522,0.054317548746518104,0,Saturn,259,22
RF_SRPT_proxy,700,110.64916666666669,339.0,10704.1,0.020488123021264522,0.054317548746518104,0,Saturn,259,22
Backfill_FIFO,700,110.64916666666669,339.0,10704.1,0.020488123021264522,0.054317548746518104,0,Saturn,259,22
Wind_proxy,700,110.64916666666669,339.0,10704.1,0.020488123021264522,0.04874651810584958,0,Saturn,259,22
PredSched_LLM,700,110.64916666666669,339.0,10704.1,0.020488123021264522,0.054317548746518104,0,Saturn,259,22
FIFO,700,93.95440476190474,438.5566666666631,10704.1,0.020262615846317413,0.03872752420470263,0,Saturn,259,23
QSSF_proxy,700,93.95440476190475,438.5566666666631,10704.1,0.020262615846317413,0.03872752420470263,0,Saturn,259,23
RF_SRPT_proxy,700,93.95440476190475,438.5566666666631,10704.1,0.020262615846317413,0.03872752420470263,0,Saturn,259,23
Backfill_FIFO,700,93.95440476190474,438.5566666666631,10704.1,0.020262615846317413,0.03872752420470263,0,Saturn,259,23
Wind_proxy,700,93.95440476190474,438.5566666666631,10704.1,0.020262615846317413,0.035961272475795295,0,Saturn,259,23
PredSched_LLM,700,93.95440476190475,438.5566666666631,10704.1,0.020262615846317413,0.03872752420470263,0,Saturn,259,23
FIFO,700,78.00438095238096,271.863333333333,9178.983333333334,0.02342553933552573,0.04861111111111111,0,Saturn,259,24
QSSF_proxy,700,78.00438095238096,271.863333333333,9178.983333333334,0.02342553933552573,0.04861111111111111,0,Saturn,259,24
RF_SRPT_proxy,700,78.00438095238096,271.863333333333,9178.983333333334,0.02342553933552573,0.04861111111111111,0,Saturn,259,24
Backfill_FIFO,700,78.00438095238096,271.863333333333,9178.983333333334,0.02342553933552573,0.04861111111111111,0,Saturn,259,24
Wind_proxy,700,78.00438095238096,271.863333333333,9178.983333333334,0.02342553933552573,0.043055555555555555,0,Saturn,259,24
PredSched_LLM,700,78.00438095238096,271.863333333333,9178.983333333334,0.02342553933552573,0.04861111111111111,0,Saturn,259,24
FIFO,700,103.47428571428571,341.4199999999978,9178.983333333334,0.03351666550863448,0.03678474114441417,0,Saturn,259,25
QSSF_proxy,700,103.47428571428571,341.4199999999978,9178.983333333334,0.03351666550863448,0.03678474114441417,0,Saturn,259,25
RF_SRPT_proxy,700,103.47428571428571,341.4199999999978,9178.983333333334,0.03351666550863448,0.03678474114441417,0,Saturn,259,25
Backfill_FIFO,700,103.47428571428571,341.4199999999978,9178.983333333334,0.03351666550863448,0.03678474114441417,0,Saturn,259,25
Wind_proxy,700,103.47428571428571,341.4199999999978,9178.983333333334,0.03351666550863448,0.04223433242506812,0,Saturn,259,25
PredSched_LLM,700,103.47428571428571,341.4199999999978,9178.983333333334,0.03351666550863448,0.03678474114441417,0,Saturn,259,25
FIFO,700,119.19140476190476,389.76333333333116,10704.1,0.02321107725870852,0.02351313969571231,0,Saturn,259,26
QSSF_proxy,700,119.19140476190476,389.76333333333116,10704.1,0.02321107725870852,0.02351313969571231,0,Saturn,259,26
RF_SRPT_proxy,700,119.19140476190476,389.76333333333116,10704.1,0.02321107725870852,0.02351313969571231,0,Saturn,259,26
Backfill_FIFO,700,119.19140476190476,389.76333333333116,10704.1,0.02321107725870852,0.02351313969571231,0,Saturn,259,26
Wind_proxy,700,119.19140476190476,389.76333333333116,10704.1,0.02321107725870852,0.02627939142461964,0,Saturn,259,26
PredSched_LLM,700,119.19140476190476,389.76333333333116,10704.1,0.02321107725870852,0.027662517289073305,0,Saturn,259,26
FIFO,700,142.39928571428572,655.0891666666658,10704.1,0.026541914946241328,0.058333333333333334,0,Saturn,259,27
QSSF_proxy,700,142.39928571428572,655.0891666666658,10704.1,0.026541914946241328,0.06805555555555555,0,Saturn,259,27
RF_SRPT_proxy,700,142.39928571428572,655.0891666666658,10704.1,0.026541914946241328,0.06805555555555555,0,Saturn,259,27
Backfill_FIFO,700,142.39928571428572,655.0891666666658,10704.1,0.026541914946241328,0.058333333333333334,0,Saturn,259,27
Wind_proxy,700,142.39928571428572,655.0891666666658,10704.1,0.026541914946241328,0.06666666666666667,0,Saturn,259,27
PredSched_LLM,700,142.39928571428572,655.0891666666658,10704.1,0.026541914946241328,0.06666666666666667,0,Saturn,259,27
FIFO,700,129.78526190476194,513.8899999999987,10704.1,0.02855553869067381,0.04,0,Saturn,259,28
QSSF_proxy,700,129.78526190476194,513.8899999999987,10704.1,0.02855553869067381,0.04,0,Saturn,259,28
RF_SRPT_proxy,700,129.78526190476194,513.8899999999987,10704.1,0.02855553869067381,0.04,0,Saturn,259,28
Backfill_FIFO,700,129.78526190476194,513.8899999999987,10704.1,0.02855553869067381,0.04,0,Saturn,259,28
Wind_proxy,700,129.78526190476194,513.8899999999987,10704.1,0.02855553869067381,0.04827586206896552,0,Saturn,259,28
PredSched_LLM,700,129.78526190476194,513.8899999999987,10704.1,0.02855553869067381,0.044137931034482755,0,Saturn,259,28
FIFO,700,90.81707142857142,279.8374999999999,7286.783333333333,0.03365053072542891,0.02912621359223301,0,Saturn,259,29
QSSF_proxy,700,90.81707142857142,279.8374999999999,7286.783333333333,0.03365053072542891,0.02912621359223301,0,Saturn,259,29
RF_SRPT_proxy,700,90.81707142857142,279.8374999999999,7286.783333333333,0.03365053072542891,0.02912621359223301,0,Saturn,259,29
Backfill_FIFO,700,90.81707142857142,279.8374999999999,7286.783333333333,0.03365053072542891,0.02912621359223301,0,Saturn,259,29
Wind_proxy,700,90.81707142857142,279.8374999999999,7286.783333333333,0.03365053072542891,0.02912621359223301,0,Saturn,259,29
PredSched_LLM,700,90.81707142857142,279.8374999999999,7286.783333333333,0.03365053072542891,0.030513176144244106,0,Saturn,259,29
FIFO,700,74.8375238095238,279.8374999999999,4761.583333333334,0.04622313019642336,0.060941828254847646,0,Saturn,259,30
QSSF_proxy,700,74.83752380952382,279.8374999999999,4761.583333333334,0.04622313019642336,0.060941828254847646,0,Saturn,259,30
RF_SRPT_proxy,700,74.83752380952382,279.8374999999999,4761.583333333334,0.04622313019642336,0.060941828254847646,0,Saturn,259,30
Backfill_FIFO,700,74.8375238095238,279.8374999999999,4761.583333333334,0.04622313019642336,0.060941828254847646,0,Saturn,259,30
Wind_proxy,700,74.8375238095238,279.8374999999999,4761.583333333334,0.04622313019642336,0.054016620498614956,0,Saturn,259,30
PredSched_LLM,700,74.83752380952382,279.8374999999999,4761.583333333334,0.04622313019642336,0.060941828254847646,0,Saturn,259,30
FIFO,700,106.48190476190477,339.0,10704.1,0.019052056599585115,0.04299583911234397,0,Saturn,259,31
QSSF_proxy,700,106.48190476190477,339.0,10704.1,0.019052056599585115,0.04299583911234397,0,Saturn,259,31
RF_SRPT_proxy,700,106.48190476190477,339.0,10704.1,0.019052056599585115,0.04299583911234397,0,Saturn,259,31
Backfill_FIFO,700,106.48190476190477,339.0,10704.1,0.019052056599585115,0.04299583911234397,0,Saturn,259,31
Wind_proxy,700,106.48190476190477,339.0,10704.1,0.019052056599585115,0.0651872399445215,0,Saturn,259,31
PredSched_LLM,700,106.48190476190477,339.0,10704.1,0.019052056599585115,0.04299583911234397,0,Saturn,259,31
FIFO,700,91.37278571428571,340.0099999999991,10704.1,0.021041990405365172,0.025,0,Saturn,259,32
QSSF_proxy,700,91.37278571428571,340.0099999999991,10704.1,0.021041990405365172,0.025,0,Saturn,259,32
RF_SRPT_proxy,700,91.37278571428571,340.0099999999991,10704.1,0.021041990405365172,0.025,0,Saturn,259,32
Backfill_FIFO,700,91.37278571428571,340.0099999999991,10704.1,0.021041990405365172,0.025,0,Saturn,259,32
Wind_proxy,700,91.37278571428571,340.0099999999991,10704.1,0.021041990405365172,0.025,0,Saturn,259,32
PredSched_LLM,700,91.37278571428571,340.0099999999991,10704.1,0.021041990405365172,0.025,0,Saturn,259,32
FIFO,700,86.83285714285714,245.15916666666539,9178.983333333334,0.023895266213769174,0.03872752420470263,0,Saturn,259,33
QSSF_proxy,700,86.83285714285714,245.15916666666539,9178.983333333334,0.023895266213769174,0.03872752420470263,0,Saturn,259,33
RF_SRPT_proxy,700,86.83285714285714,245.15916666666539,9178.983333333334,0.023895266213769174,0.03872752420470263,0,Saturn,259,33
Backfill_FIFO,700,86.83285714285714,245.15916666666539,9178.983333333334,0.023895266213769174,0.03872752420470263,0,Saturn,259,33
Wind_proxy,700,86.83285714285714,245.15916666666539,9178.983333333334,0.023895266213769174,0.04149377593360996,0,Saturn,259,33
PredSched_LLM,700,86.83285714285714,245.15916666666539,9178.983333333334,0.023895266213769174,0.04149377593360996,0,Saturn,259,33
FIFO,700,79.2420238095238,215.33333333333334,9178.983333333334,0.023039300665590057,0.03185595567867036,0,Saturn,259,34
QSSF_proxy,700,79.2420238095238,215.33333333333334,9178.983333333334,0.023039300665590057,0.03185595567867036,0,Saturn,259,34
RF_SRPT_proxy,700,79.2420238095238,215.33333333333334,9178.983333333334,0.023039300665590057,0.03185595567867036,0,Saturn,259,34
Backfill_FIFO,700,79.2420238095238,215.33333333333334,9178.983333333334,0.023039300665590057,0.03185595567867036,0,Saturn,259,34
Wind_proxy,700,79.2420238095238,215.33333333333334,9178.983333333334,0.023039300665590057,0.045706371191135735,0,Saturn,259,34
PredSched_LLM,700,79.2420238095238,215.33333333333334,9178.983333333334,0.023039300665590057,0.03185595567867036,0,Saturn,259,34
FIFO,700,95.97519047619048,284.17249999999785,10704.1,0.0228258859951389,0.045205479452054796,0,Saturn,259,35
QSSF_proxy,700,95.97519047619048,284.17249999999785,10704.1,0.0228258859951389,0.045205479452054796,0,Saturn,259,35
RF_SRPT_proxy,700,95.97519047619048,284.17249999999785,10704.1,0.0228258859951389,0.045205479452054796,0,Saturn,259,35
Backfill_FIFO,700,95.97519047619048,284.17249999999785,10704.1,0.0228258859951389,0.045205479452054796,0,Saturn,259,35
Wind_proxy,700,95.97519047619048,284.17249999999785,10704.1,0.0228258859951389,0.0547945205479452,0,Saturn,259,35
PredSched_LLM,700,95.97519047619048,284.17249999999785,10704.1,0.0228258859951389,0.04246575342465753,0,Saturn,259,35
FIFO,700,108.21454761904762,379.56249999999955,10704.1,0.020873080579174516,0.07242339832869081,0,Saturn,259,36
QSSF_proxy,700,108.21454761904762,379.56249999999955,10704.1,0.020873080579174516,0.07242339832869081,0,Saturn,259,36
RF_SRPT_proxy,700,108.21454761904762,379.56249999999955,10704.1,0.020873080579174516,0.07242339832869081,0,Saturn,259,36
Backfill_FIFO,700,108.21454761904762,379.56249999999955,10704.1,0.020873080579174516,0.07242339832869081,0,Saturn,259,36
Wind_proxy,700,108.21454761904762,379.56249999999955,10704.1,0.020873080579174516,0.07242339832869081,0,Saturn,259,36
PredSched_LLM,700,108.21454761904762,379.56249999999955,10704.1,0.020873080579174516,0.07242339832869081,0,Saturn,259,36
FIFO,700,107.8162619047619,389.76333333333116,10704.1,0.020013986088901307,0.025069637883008356,0,Saturn,259,37
QSSF_proxy,700,107.8162619047619,389.76333333333116,10704.1,0.020013986088901307,0.025069637883008356,0,Saturn,259,37
RF_SRPT_proxy,700,107.8162619047619,389.76333333333116,10704.1,0.020013986088901307,0.025069637883008356,0,Saturn,259,37
Backfill_FIFO,700,107.8162619047619,389.76333333333116,10704.1,0.020013986088901307,0.025069637883008356,0,Saturn,259,37
Wind_proxy,700,107.8162619047619,389.76333333333116,10704.1,0.020013986088901307,0.027855153203342618,0,Saturn,259,37
PredSched_LLM,700,107.8162619047619,389.76333333333116,10704.1,0.020013986088901307,0.025069637883008356,0,Saturn,259,37
FIFO,700,84.06664285714285,328.9816666666667,9178.983333333334,0.022579288708752938,0.03851444291609354,0,Saturn,259,38
QSSF_proxy,700,84.06664285714285,328.9816666666667,9178.983333333334,0.022579288708752938,0.03851444291609354,0,Saturn,259,38
RF_SRPT_proxy,700,84.06664285714285,328.9816666666667,9178.983333333334,0.022579288708752938,0.03851444291609354,0,Saturn,259,38
Backfill_FIFO,700,84.06664285714285,328.9816666666667,9178.983333333334,0.022579288708752938,0.03851444291609354,0,Saturn,259,38
Wind_proxy,700,84.06664285714285,328.9816666666667,9178.983333333334,0.022579288708752938,0.0343878954607978,0,Saturn,259,38
PredSched_LLM,700,84.06664285714285,328.9816666666667,9178.983333333334,0.022579288708752938,0.03851444291609354,0,Saturn,259,38
FIFO,700,116.07178571428571,339.0,10704.1,0.020858671235045693,0.03347280334728033,0,Saturn,259,39
QSSF_proxy,700,116.0717857142857,339.0,10704.1,0.020858671235045693,0.03347280334728033,0,Saturn,259,39
RF_SRPT_proxy,700,116.0717857142857,339.0,10704.1,0.020858671235045693,0.03347280334728033,0,Saturn,259,39
Backfill_FIFO,700,116.07178571428571,339.0,10704.1,0.020858671235045693,0.03347280334728033,0,Saturn,259,39
Wind_proxy,700,116.07178571428571,339.0,10704.1,0.020858671235045693,0.03765690376569038,0,Saturn,259,39
PredSched_LLM,700,116.0717857142857,339.0,10704.1,0.020858671235045693,0.03207810320781032,0,Saturn,259,39
FIFO,700,5793.906666666667,17311.21916666666,26512.933333333334,0.7976257342328524,0.009370816599732263,0,Uranus,6,0
QSSF_proxy,700,1423.4569047619048,12556.219166666633,23019.466666666667,0.9186745385065394,0.013386880856760375,491,Uranus,6,0
RF_SRPT_proxy,700,1657.5494761904765,12307.55499999999,23532.100000000002,0.898661739354612,0.008032128514056224,500,Uranus,6,0
Backfill_FIFO,700,1753.58519047619,10307.329999999998,22653.16666666667,0.9335294366497687,0.014725568942436412,640,Uranus,6,0
Wind_proxy,700,1753.58519047619,10307.329999999998,22653.16666666667,0.9335294366497687,0.014725568942436412,640,Uranus,6,0
PredSched_LLM,700,1657.5494761904765,12307.55499999999,23532.100000000002,0.898661739354612,0.008032128514056224,500,Uranus,6,0
FIFO,700,10494.397261904762,23580.133333333328,34078.399999999994,0.841708995531871,0.012096774193548387,0,Uranus,6,1
QSSF_proxy,700,1925.8950476190475,16183.903333333312,31618.88333333334,0.907182443191911,0.010752688172043012,528,Uranus,6,1
RF_SRPT_proxy,700,2757.9516904761904,16798.424999999996,30575.416666666675,0.9381424346901786,0.008064516129032258,568,Uranus,6,1
Backfill_FIFO,700,2890.8058333333324,13666.674166666628,30630.850000000002,0.9364446573742919,0.005376344086021506,644,Uranus,6,1
Wind_proxy,700,2979.504285714286,16571.588333333337,30711.950000000004,0.9339718198725036,0.006720430107526882,650,Uranus,6,1
PredSched_LLM,700,2757.9516904761904,16798.424999999996,30575.416666666675,0.9381424346901786,0.008064516129032258,568,Uranus,6,1
FIFO,700,4706.246666666667,15347.22083333334,21947.050000000003,0.8562097943307496,0.012145748987854251,0,Uranus,6,2
QSSF_proxy,700,656.9359761904763,5541.463333333321,22848.76666666667,0.8224198461477863,0.021592442645074223,325,Uranus,6,2
RF_SRPT_proxy,700,730.3869285714286,5691.133333333323,21680.01666666667,0.8667557528015426,0.016194331983805668,188,Uranus,6,2
Backfill_FIFO,700,962.2788571428571,5979.1383333333315,21519.933333333334,0.8732034098618645,0.008097165991902834,562,Uranus,6,2
Wind_proxy,700,922.8021666666667,5628.254999999989,21411.4,0.8776296349919515,0.012145748987854251,554,Uranus,6,2
PredSched_LLM,700,730.3869285714286,5691.133333333323,21680.01666666667,0.8667557528015426,0.016194331983805668,188,Uranus,6,2
FIFO,700,14645.045142857143,41080.530000000006,49025.36666666667,0.909039719347105,0.014360313315926894,0,Uranus,6,3
QSSF_proxy,700,2504.297833333333,14430.677499999996,48255.566666666666,0.9235412333545396,0.028720626631853787,514,Uranus,6,3
RF_SRPT_proxy,700,2853.4262857142858,16469.314166666663,48098.24999999999,0.9265618926999539,0.015665796344647518,533,Uranus,6,3
Backfill_FIFO,700,3041.553523809524,15659.874999999987,46634.03333333333,0.9556541085992751,0.0013054830287206266,578,Uranus,6,3
Wind_proxy,700,3041.553523809524,15659.874999999987,46634.03333333333,0.9556541085992751,0.0013054830287206266,578,Uranus,6,3
PredSched_LLM,700,2853.4262857142858,16469.314166666663,48098.24999999999,0.9265618926999539,0.015665796344647518,533,Uranus,6,3
FIFO,700,15988.493333333332,38086.675833333335,46814.98333333335,0.8610850580007795,0.023591087811271297,0,Uranus,6,4
QSSF_proxy,700,2275.483309523809,18609.464166666665,45729.19999999999,0.8815304584136369,0.015727391874180863,528,Uranus,6,4
RF_SRPT_proxy,700,2522.038095238095,17205.754999999994,45188.29999999999,0.8920823009249936,0.011795543905635648,540,Uranus,6,4
Backfill_FIFO,700,2901.293142857142,18033.47166666665,45834.51666666666,0.8795049139943416,0.007863695937090432,629,Uranus,6,4
Wind_proxy,700,2901.293142857142,18033.47166666665,45834.51666666666,0.8795049139943416,0.007863695937090432,629,Uranus,6,4
PredSched_LLM,700,2522.038095238095,17205.754999999994,45188.29999999999,0.8920823009249936,0.011795543905635648,540,Uranus,6,4
FIFO,700,13202.797857142852,26294.774166666662,34779.399999999994,0.8485495464908023,0.018518518518518517,0,Uranus,6,5
QSSF_proxy,700,1509.3024285714284,9852.155833333334,34512.25000000001,0.8551179392019421,0.017195767195767195,495,Uranus,6,5
RF_SRPT_proxy,700,1636.0074761904766,13593.583333333328,34905.08333333334,0.8454941595581033,0.009259259259259259,523,Uranus,6,5
Backfill_FIFO,700,2233.653666666667,13706.755833333336,33781.96666666668,0.8736034934976812,0.005291005291005291,635,Uranus,6,5
Wind_proxy,700,2233.653666666667,13706.755833333336,33781.96666666668,0.8736034934976812,0.005291005291005291,635,Uranus,6,5
PredSched_LLM,700,1636.0074761904766,13593.583333333328,34905.08333333334,0.8454941595581033,0.009259259259259259,523,Uranus,6,5
FIFO,700,15731.83630952381,41252.81666666668,48602.55000000001,0.8601969143937235,0.010554089709762533,0,Uranus,6,6
QSSF_proxy,700,1400.717642857143,8920.904166666667,46658.45,0.8960384140850515,0.006596306068601583,443,Uranus,6,6
RF_SRPT_proxy,700,1708.9093809523808,11834.65916666666,45707.18333333333,0.9146869374288724,0.0158311345646438,462,Uranus,6,6
Backfill_FIFO,700,1649.3376190476185,10721.065833333332,46120.850000000006,0.9064829364954605,0.013192612137203167,647,Uranus,6,6
Wind_proxy,700,1649.2899285714282,10721.065833333332,46120.850000000006,0.9064829364954605,0.010554089709762533,647,Uranus,6,6
PredSched_LLM,700,1708.9093809523808,11834.65916666666,45707.18333333333,0.9146869374288724,0.0158311345646438,462,Uranus,6,6
FIFO,700,17981.008595238094,54675.01666666666,63505.78333333333,0.8666847632249759,0.011612903225806452,0,Uranus,6,7
QSSF_proxy,700,2294.575523809523,12989.724999999986,60617.98333333332,0.9079730430656028,0.00903225806451613,515,Uranus,6,7
RF_SRPT_proxy,700,2510.4621190476187,15569.87916666666,60435.26666666665,0.9107181589061133,0.012903225806451613,553,Uranus,6,7
Backfill_FIFO,700,2530.4074047619047,13586.372499999994,60040.66666666666,0.916703591871065,0.0025806451612903226,638,Uranus,6,7
Wind_proxy,700,2530.4074047619047,13586.372499999994,60040.66666666666,0.916703591871065,0.0025806451612903226,638,Uranus,6,7
PredSched_LLM,700,2510.4621190476187,15569.87916666666,60435.26666666665,0.9107181589061133,0.012903225806451613,553,Uranus,6,7
FIFO,700,11447.727642857144,33710.14833333333,42640.53333333334,0.8667964320203414,0.021505376344086023,0,Uranus,6,8
QSSF_proxy,700,1535.5255000000002,7407.159999999992,38269.63333333334,0.96579608774523,0.01478494623655914,471,Uranus,6,8
RF_SRPT_proxy,700,1516.596714285714,8308.432499999997,38650.46666666667,0.9562798418849048,0.016129032258064516,511,Uranus,6,8
Backfill_FIFO,700,2143.8062619047614,6849.299999999975,39466.90000000001,0.9364977272797652,0.012096774193548387,632,Uranus,6,8
Wind_proxy,700,2143.8062619047614,6849.299999999975,39466.90000000001,0.9364977272797652,0.012096774193548387,632,Uranus,6,8
PredSched_LLM,700,1516.596714285714,8308.432499999997,38650.46666666667,0.9562798418849048,0.016129032258064516,511,Uranus,6,8
FIFO,700,16605.338285714282,44425.64166666664,55586.96666666667,0.8624101370585072,0.022427440633245383,0,Uranus,6,9
QSSF_proxy,700,1317.4824761904763,8942.390833333293,52149.61666666666,0.9192543801057023,0.014511873350923483,487,Uranus,6,9
RF_SRPT_proxy,700,1235.1382142857142,8077.068333333289,52319.53333333333,0.9162689436896098,0.011873350923482849,534,Uranus,6,9
Backfill_FIFO,700,1786.083952380952,8375.742499999998,52169.833333333336,0.9188981539459267,0.022427440633245383,638,Uranus,6,9
Wind_proxy,700,1786.083952380952,8375.742499999998,52169.833333333336,0.9188981539459267,0.022427440633245383,638,Uranus,6,9
PredSched_LLM,700,1235.1382142857142,8077.068333333289,52319.53333333333,0.9162689436896098,0.011873350923482849,534,Uranus,6,9
FIFO,700,9391.278952380953,27586.446666666667,34893.9,0.8375890915030988,0.014666666666666666,0,Uranus,6,10
QSSF_proxy,700,1139.875428571428,9779.80083333333,32872.63333333334,0.8890906214794676,0.018666666666666668,519,Uranus,6,10
RF_SRPT_proxy,700,1199.3699523809526,10675.589166666668,32773.96666666667,0.8917672461577734,0.017333333333333333,564,Uranus,6,10
Backfill_FIFO,700,1450.3202619047618,7543.384166666667,31727.000000000004,0.921194881331358,0.0026666666666666666,624,Uranus,6,10
Wind_proxy,700,1450.3202619047618,7543.384166666667,31727.000000000004,0.921194881331358,0.0026666666666666666,624,Uranus,6,10
PredSched_LLM,700,1199.3699523809526,10675.589166666668,32773.96666666667,0.8917672461577734,0.017333333333333333,564,Uranus,6,10
FIFO,700,9424.428857142857,25787.7275,31257.5,0.9050424009348872,0.00801068090787717,0,Uranus,6,11
QSSF_proxy,700,1574.586738095238,13519.26833333333,31840.416666666675,0.888473387248038,0.010680907877169559,524,Uranus,6,11
RF_SRPT_proxy,700,1948.2868571428576,14590.639999999992,31107.216666666674,0.9094147879047002,0.0026702269692923898,535,Uranus,6,11
Backfill_FIFO,700,1959.5892142857142,11336.173333333334,30896.500000000007,0.9156170714230486,0.009345794392523364,639,Uranus,6,11
Wind_proxy,700,1959.1982619047617,11336.173333333334,30896.500000000007,0.9156170714230483,0.009345794392523364,639,Uranus,6,11
PredSched_LLM,700,1948.2868571428576,14590.639999999992,31107.216666666674,0.9094147879047002,0.0026702269692923898,535,Uranus,6,11
FIFO,700,4965.524761904763,14997.762499999972,23711.716666666674,0.8456417262305154,0.012096774193548387,0,Uranus,6,12
QSSF_proxy,700,1347.7430714285713,12658.467499999988,21221.499999999996,0.9448727476327728,0.005376344086021506,464,Uranus,6,12
RF_SRPT_proxy,700,1328.438476190476,11368.666666666666,21870.683333333334,0.916826269590215,0.01747311827956989,317,Uranus,6,12
Backfill_FIFO,700,1575.3062857142857,10946.257499999969,21715.466666666664,0.9233795120170364,0.0,629,Uranus,6,12
Wind_proxy,700,1575.494857142857,10932.345833333302,21700.733333333334,0.9240064243860678,0.0,629,Uranus,6,12
PredSched_LLM,700,1328.438476190476,11368.666666666666,21870.683333333334,0.916826269590215,0.01747311827956989,317,Uranus,6,12
FIFO,700,7964.217142857142,24476.644166666636,33193.61666666667,0.8819591170558058,0.016172506738544475,0,Uranus,6,13
QSSF_proxy,700,907.6296666666664,5363.634999999999,31831.38333333333,0.9197028146924882,0.01752021563342318,491,Uranus,6,13
RF_SRPT_proxy,700,1039.6784523809522,6346.674166666653,32422.0,0.9029490113880149,0.02021563342318059,543,Uranus,6,13
Backfill_FIFO,700,1086.7302380952383,7020.204999999989,31719.700000000008,0.922941038131578,0.025606469002695417,647,Uranus,6,13
Wind_proxy,700,1086.7302380952383,7020.204999999989,31719.700000000008,0.922941038131578,0.025606469002695417,647,Uranus,6,13
PredSched_LLM,700,1039.6784523809522,6346.674166666653,32422.0,0.9029490113880149,0.02021563342318059,543,Uranus,6,13
FIFO,700,6859.397571428572,15872.685833333337,24867.283333333333,0.7994588801528821,0.022941970310391364,0,Uranus,6,14
QSSF_proxy,700,855.3501666666664,5811.472499999992,21631.399999999998,0.9190514939445027,0.009446693657219974,488,Uranus,6,14
RF_SRPT_proxy,700,1126.7879047619047,7194.339166666665,21975.66666666667,0.9046538058509156,0.01349527665317139,435,Uranus,6,14
Backfill_FIFO,700,1409.7173809523813,7450.311666666615,22129.966666666667,0.8983461559413904,0.02699055330634278,645,Uranus,6,14
Wind_proxy,700,1415.9818333333335,7409.493333333283,22088.550000000003,0.900030580826315,0.021592442645074223,649,Uranus,6,14
PredSched_LLM,700,1126.7879047619047,7194.339166666665,21975.66666666667,0.9046538058509156,0.01349527665317139,435,Uranus,6,14
FIFO,700,4875.181523809523,17826.083333333325,26089.183333333334,0.8334574135981857,0.01476510067114094,0,Uranus,6,15
QSSF_proxy,700,1345.5689285714288,9358.405833333305,23146.25,0.9394274780532004,0.008053691275167786,491,Uranus,6,15
RF_SRPT_proxy,700,1510.7363095238097,11516.612499999957,23381.183333333334,0.9299881427681757,0.010738255033557046,470,Uranus,6,15
Backfill_FIFO,700,1442.2140714285715,11094.796666666669,23169.666666666664,0.9384780358179038,0.004026845637583893,611,Uranus,6,15
Wind_proxy,700,1462.4949285714288,10864.179999999998,23467.583333333336,0.926564229261878,0.005369127516778523,607,Uranus,6,15
PredSched_LLM,700,1510.7363095238097,11516.612499999957,23381.183333333334,0.9299881427681757,0.010738255033557046,470,Uranus,6,15
FIFO,700,7821.3663333333325,19671.454166666634,28885.68333333333,0.8659133787537583,0.010652463382157125,0,Uranus,6,16
QSSF_proxy,700,1507.2802380952382,11822.189999999993,27757.3,0.9011142889538168,0.011984021304926764,467,Uranus,6,16
RF_SRPT_proxy,700,1479.4492142857146,13131.889166666668,27782.01666666667,0.900312599797271,0.011984021304926764,525,Uranus,6,16
Backfill_FIFO,700,2050.8139047619043,14817.987499999994,27805.316666666666,0.8995581655346889,0.009320905459387484,610,Uranus,6,16
Wind_proxy,700,1975.8424999999997,14139.837499999992,27191.366666666665,0.919869161392321,0.017310252996005325,632,Uranus,6,16
PredSched_LLM,700,1479.4492142857146,13131.889166666668,27782.01666666667,0.900312599797271,0.011984021304926764,525,Uranus,6,16
FIFO,700,11444.354571428574,29862.353333333333,41445.63333333333,0.8570348987307869,0.0213903743315508,0,Uranus,6,17
QSSF_proxy,700,1980.6288571428568,14667.900833333331,38776.633333333324,0.9160247064598181,0.0066844919786096255,516,Uranus,6,17
RF_SRPT_proxy,700,2539.7033333333334,16681.381666666664,37494.76666666666,0.9473416512348835,0.009358288770053475,577,Uranus,6,17
Backfill_FIFO,700,2759.8440952380947,14317.882499999989,37098.96666666667,0.9574486126747465,0.004010695187165776,630,Uranus,6,17
Wind_proxy,700,2759.8440952380947,14317.882499999989,37098.96666666667,0.9574486126747465,0.00267379679144385,630,Uranus,6,17
PredSched_LLM,700,2539.7033333333334,16681.381666666664,37494.76666666666,0.9473416512348835,0.009358288770053475,577,Uranus,6,17
FIFO,700,5470.333547619047,15470.27833333333,24082.716666666667,0.8328986047854974,0.017591339648173207,0,Uranus,6,18
QSSF_proxy,700,1071.5685952380952,6828.378333333332,22629.966666666667,0.8863672406843041,0.009472259810554804,501,Uranus,6,18
RF_SRPT_proxy,700,1203.5885952380954,8177.209999999998,22079.600000000006,0.9084612543302919,0.005412719891745603,515,Uranus,6,18
Backfill_FIFO,700,1242.4159999999997,7237.600833333328,20979.6,0.956093591446506,0.008119079837618403,621,Uranus,6,18
Wind_proxy,700,1241.3832619047619,7237.600833333328,20964.283333333333,0.9567921207789651,0.008119079837618403,621,Uranus,6,18
PredSched_LLM,700,1203.5885952380954,8177.209999999998,22079.600000000006,0.9084612543302919,0.005412719891745603,515,Uranus,6,18
FIFO,700,12088.953809523811,33119.54833333334,41270.333333333336,0.9186541802290054,0.009210526315789473,0,Uranus,6,19
QSSF_proxy,700,1696.1461428571433,13590.30666666667,40351.350000000006,0.9395761042966623,0.015789473684210527,507,Uranus,6,19
RF_SRPT_proxy,700,2290.7146904761903,14417.979999999994,39811.96666666667,0.952305736452217,0.009210526315789473,572,Uranus,6,19
Backfill_FIFO,700,2481.6577142857145,11668.784999999954,39272.316666666666,0.9653915901602724,0.010526315789473684,644,Uranus,6,19
Wind_proxy,700,2481.6577142857145,11668.784999999954,39272.316666666666,0.9653915901602724,0.010526315789473684,644,Uranus,6,19
PredSched_LLM,700,2290.7146904761903,14417.979999999994,39811.96666666667,0.952305736452217,0.009210526315789473,572,Uranus,6,19
FIFO,700,5650.5412857142865,15709.969999999985,24443.783333333333,0.8802622161826651,0.006738544474393531,0,Uranus,6,20
QSSF_proxy,700,1117.9616190476193,9121.063333333334,24444.133333333342,0.8802496122677924,0.005390835579514825,481,Uranus,6,20
RF_SRPT_proxy,700,1099.3999523809523,7822.932499999978,24194.91666666667,0.8893165116180282,0.006738544474393531,472,Uranus,6,20
Backfill_FIFO,700,1236.1198333333332,7752.757499999997,23912.96666666667,0.8998021528998446,0.0215633423180593,610,Uranus,6,20
Wind_proxy,700,1236.1198333333332,7752.757499999997,23912.96666666667,0.8998021528998446,0.0215633423180593,610,Uranus,6,20
PredSched_LLM,700,1099.3999523809523,7822.932499999978,24194.91666666667,0.8893165116180282,0.006738544474393531,472,Uranus,6,20
FIFO,700,14059.915119047617,38941.888333333314,45119.816666666666,0.905616959448835,0.014627659574468085,0,Uranus,6,21
QSSF_proxy,700,1550.5183095238099,10639.486666666668,43466.45000000001,0.9400646057029169,0.018617021276595744,474,Uranus,6,21
RF_SRPT_proxy,700,1492.8073809523814,11481.785833333322,43764.03333333334,0.9336724261525763,0.005319148936170213,534,Uranus,6,21
Backfill_FIFO,700,1976.2085238095237,10667.151666666654,43317.25000000001,0.9433025222181823,0.005319148936170213,617,Uranus,6,21
Wind_proxy,700,1976.2085238095237,10667.151666666654,43317.25000000001,0.9433025222181823,0.005319148936170213,617,Uranus,6,21
PredSched_LLM,700,1492.8073809523814,11481.785833333322,43764.03333333334,0.9336724261525763,0.005319148936170213,534,Uranus,6,21
FIFO,700,10075.485976190475,28652.686666666665,37425.083333333336,0.8507820902202395,0.010652463382157125,0,Uranus,6,22
QSSF_proxy,700,1513.8542142857145,10472.9875,34118.11666666667,0.9332458451936826,0.009320905459387484,482,Uranus,6,22
RF_SRPT_proxy,700,1581.255642857143,12998.299166666517,34319.2,0.927777763613371,0.006657789613848202,371,Uranus,6,22
Backfill_FIFO,700,3551.5217619047626,11231.350833333307,34445.433333333334,0.9243777053658783,0.015978695073235686,614,Uranus,6,22
Wind_proxy,700,3551.5217619047626,11231.350833333307,34445.433333333334,0.9243777053658783,0.015978695073235686,614,Uranus,6,22
PredSched_LLM,700,1581.255642857143,12998.299166666517,34319.2,0.927777763613371,0.006657789613848202,371,Uranus,6,22
FIFO,700,9580.37038095238,26217.506666666664,35029.100000000006,0.8294148948065081,0.011968085106382979,0,Uranus,6,23
QSSF_proxy,700,1805.8169285714284,10862.225833333323,30282.73333333333,0.9594133056571291,0.011968085106382979,514,Uranus,6,23
RF_SRPT_proxy,700,1778.2074523809522,13244.761666666649,31034.88333333333,0.9361613182048372,0.003989361702127659,564,Uranus,6,23
Backfill_FIFO,700,2229.8664285714285,8823.212499999881,29804.51666666667,0.9748071950504146,0.005319148936170213,627,Uranus,6,23
Wind_proxy,700,2229.8664285714285,8823.212499999881,29804.51666666667,0.9748071950504146,0.005319148936170213,627,Uranus,6,23
PredSched_LLM,700,1778.2074523809522,13244.761666666649,31034.88333333333,0.9361613182048372,0.003989361702127659,564,Uranus,6,23
FIFO,700,4592.163928571428,13696.257499999989,22525.800000000003,0.8289388815639542,0.018617021276595744,0,Uranus,6,24
QSSF_proxy,700,1306.3780476190475,9724.83999999999,21046.25,0.8872132307814138,0.007978723404255319,446,Uranus,6,24
RF_SRPT_proxy,700,1230.2672857142861,10190.285833333306,20391.15,0.915716448475605,0.009308510638297872,442,Uranus,6,24
Backfill_FIFO,700,1346.4876904761904,10460.615833333317,20095.266666666666,0.9291994860315363,0.015957446808510637,642,Uranus,6,24
Wind_proxy,700,1346.4876904761904,10460.615833333317,20095.266666666666,0.9291994860315363,0.017287234042553192,642,Uranus,6,24
PredSched_LLM,700,1230.2672857142861,10190.285833333306,20391.15,0.915716448475605,0.009308510638297872,442,Uranus,6,24
FIFO,700,5847.917523809524,19262.987499999996,28075.36666666667,0.7804437129148015,0.01078167115902965,0,Uranus,6,25
QSSF_proxy,700,810.0965238095238,6410.413333333328,24683.933333333334,0.8876722808673565,0.013477088948787063,358,Uranus,6,25
RF_SRPT_proxy,700,1048.2067857142856,7210.508333333329,25083.15,0.8735443276772565,0.009433962264150943,399,Uranus,6,25
Backfill_FIFO,700,1228.5472857142854,10620.363333333336,23802.31666666667,0.920550873666125,0.0026954177897574125,641,Uranus,6,25
Wind_proxy,700,1227.7114285714285,10649.196666666669,23802.31666666667,0.9205508736661253,0.0026954177897574125,641,Uranus,6,25
PredSched_LLM,700,1048.2067857142856,7210.508333333329,25083.15,0.8735443276772565,0.009433962264150943,399,Uranus,6,25
FIFO,700,11167.98316666667,35305.05750000001,43460.48333333334,0.8645652254084711,0.005383580080753701,0,Uranus,6,26
QSSF_proxy,700,947.832738095238,6937.077499999992,41275.96666666667,0.9103220494600435,0.013458950201884253,465,Uranus,6,26
RF_SRPT_proxy,700,953.8643571428572,5725.570833333321,41227.51666666666,0.9113918471791965,0.013458950201884253,481,Uranus,6,26
Backfill_FIFO,700,1092.260738095238,6704.0291666666635,41601.75,0.9031933168543256,0.009421265141318977,634,Uranus,6,26
Wind_proxy,700,1092.117238095238,6703.7599999999975,41601.75,0.9031933168543256,0.009421265141318977,634,Uranus,6,26
PredSched_LLM,700,953.8643571428572,5725.570833333321,41227.51666666666,0.9113918471791965,0.013458950201884253,481,Uranus,6,26
FIFO,700,19765.280714285716,48295.458333333336,57354.81666666668,0.8387695473023813,0.010403120936280884,0,Uranus,6,27
QSSF_proxy,700,2012.4299523809523,12803.371666666615,52232.5,0.9210256757978482,0.010403120936280884,522,Uranus,6,27
RF_SRPT_proxy,700,2283.1176666666665,19240.580833333326,52511.63333333333,0.9161298279513512,0.011703511053315995,537,Uranus,6,27
Backfill_FIFO,700,3536.268238095238,14910.594999999996,51901.16666666668,0.9269054377925564,0.027308192457737322,633,Uranus,6,27
Wind_proxy,700,3964.8553809523814,15147.937499999993,51692.25000000001,0.930651569840955,0.002600780234070221,633,Uranus,6,27
PredSched_LLM,700,2283.1176666666665,19240.580833333326,52511.63333333333,0.9161298279513512,0.011703511053315995,537,Uranus,6,27
FIFO,700,5189.686833333333,17812.90916666667,25211.25,0.8397850386456664,0.0174496644295302,0,Uranus,6,28
QSSF_proxy,700,1210.5297857142857,10157.62166666665,22960.583333333336,0.9221033389347202,0.010738255033557046,491,Uranus,6,28
RF_SRPT_proxy,700,1275.892738095238,10058.069166666663,23055.666666666668,0.9183005142143893,0.008053691275167786,488,Uranus,6,28
Backfill_FIFO,700,1627.2309523809524,7326.3808333333245,22269.1,0.9507357978344682,0.0026845637583892616,591,Uranus,6,28
Wind_proxy,700,1662.2676904761904,8135.197499999994,22578.083333333336,0.937724883152418,0.005369127516778523,590,Uranus,6,28
PredSched_LLM,700,1275.892738095238,10058.069166666663,23055.666666666668,0.9183005142143893,0.008053691275167786,488,Uranus,6,28
FIFO,700,7229.684214285715,23639.513333333285,34437.433333333334,0.8735849539051338,0.013422818791946308,0,Uranus,6,29
QSSF_proxy,700,980.7195952380953,6807.181666666669,31793.766666666663,0.9462239541014156,0.008053691275167786,445,Uranus,6,29
RF_SRPT_proxy,700,1135.5636428571427,9343.694166666666,32033.050000000003,0.9391557660326166,0.008053691275167786,440,Uranus,6,29
Backfill_FIFO,700,1329.1609999999998,9155.095833333333,31499.050000000003,0.9550771725214289,0.016107382550335572,650,Uranus,6,29
Wind_proxy,700,1329.1609999999998,9155.095833333333,31499.050000000003,0.9550771725214289,0.016107382550335572,650,Uranus,6,29
PredSched_LLM,700,1135.5636428571427,9343.694166666666,32033.050000000003,0.9391557660326166,0.008053691275167786,440,Uranus,6,29
FIFO,700,10006.614619047621,24781.130833333347,30269.1,0.8826216568858823,0.019736842105263157,0,Uranus,6,30
QSSF_proxy,700,1318.3985714285714,10381.717499999988,30629.766666666677,0.8722287533296402,0.013157894736842105,459,Uranus,6,30
RF_SRPT_proxy,700,1559.7795,13461.765833333287,30456.683333333338,0.8771855721139838,0.007894736842105263,366,Uranus,6,30
Backfill_FIFO,700,1784.7658095238096,9884.93249999999,30207.566666666673,0.8844195723955841,0.010526315789473684,614,Uranus,6,30
Wind_proxy,700,1784.7658095238096,9884.93249999999,30207.566666666673,0.8844195723955841,0.010526315789473684,614,Uranus,6,30
PredSched_LLM,700,1559.7795,13461.765833333287,30456.683333333338,0.8771855721139838,0.007894736842105263,366,Uranus,6,30
FIFO,700,8333.23769047619,26500.065000000002,34490.916666666664,0.8230847715139171,0.01602136181575434,0,Uranus,6,31
QSSF_proxy,700,1307.45430952381,9714.770833333321,30737.78333333334,0.9235847606845067,0.0053404539385847796,507,Uranus,6,31
RF_SRPT_proxy,700,1257.1766190476192,10038.824166666665,30533.149999999998,0.9297746306518944,0.014686248331108143,481,Uranus,6,31
Backfill_FIFO,700,1880.5026666666663,8859.530833333318,30194.550000000003,0.9402010715141934,0.0026702269692923898,644,Uranus,6,31
Wind_proxy,700,1880.5026666666663,8859.530833333318,30194.550000000003,0.9402010715141934,0.0026702269692923898,644,Uranus,6,31
PredSched_LLM,700,1257.1766190476192,10038.824166666665,30533.149999999998,0.9297746306518944,0.014686248331108143,481,Uranus,6,31
FIFO,700,13158.589214285716,39457.73333333334,47631.11666666667,0.839828671464884,0.011826544021024968,0,Uranus,6,32
QSSF_proxy,700,1645.9045476190477,9494.784166666666,43910.83333333333,0.9109819694583088,0.009198423127463863,443,Uranus,6,32
RF_SRPT_proxy,700,1839.8347380952384,10465.32833333333,44042.816666666666,0.9082520251442188,0.003942181340341655,469,Uranus,6,32
Backfill_FIFO,700,2374.880380952381,8534.649166666648,43388.08333333333,0.921957697998234,0.003942181340341655,625,Uranus,6,32
Wind_proxy,700,2374.880380952381,8534.649166666648,43388.08333333333,0.921957697998234,0.003942181340341655,625,Uranus,6,32
PredSched_LLM,700,1839.8347380952384,10465.32833333333,44042.816666666666,0.9082520251442188,0.003942181340341655,469,Uranus,6,32
FIFO,700,9868.232047619043,19715.959999999905,32643.66666666666,0.8262178642785905,0.009308510638297872,0,Uranus,6,33
QSSF_proxy,700,2202.6406428571427,14239.165833333323,31276.616666666672,0.862330502144751,0.005319148936170213,513,Uranus,6,33
RF_SRPT_proxy,700,2086.039142857143,14412.27916666665,31378.06666666667,0.8595424581785012,0.003989361702127659,480,Uranus,6,33
Backfill_FIFO,700,1972.7195714285713,7735.41333333333,30799.65,0.8756846443240609,0.011968085106382979,640,Uranus,6,33
Wind_proxy,700,2237.7295000000004,15464.099166666663,32305.35000000001,0.8348704024428013,0.011968085106382979,640,Uranus,6,33
PredSched_LLM,700,2086.039142857143,14412.27916666665,31378.06666666667,0.8595424581785012,0.003989361702127659,480,Uranus,6,33
FIFO,700,15680.324785714289,41540.30583333333,52001.300000000025,0.904091767363935,0.013175230566534914,0,Uranus,6,34
QSSF_proxy,700,2271.558238095238,17057.915833333325,50469.91666666666,0.9315241697887136,0.003952569169960474,526,Uranus,6,34
RF_SRPT_proxy,700,2754.9992857142856,17463.94166666666,50523.51666666667,0.9305359231504186,0.0,571,Uranus,6,34
Backfill_FIFO,700,2092.347785714286,17888.065833333316,50506.78333333333,0.9308442177348897,0.002635046113306983,649,Uranus,6,34
Wind_proxy,700,2091.643,17888.065833333316,50506.78333333333,0.9308442177348897,0.003952569169960474,649,Uranus,6,34
PredSched_LLM,700,2754.9992857142856,17463.94166666666,50523.51666666667,0.9305359231504186,0.0,571,Uranus,6,34
FIFO,700,12097.720023809523,24876.4375,32069.5,0.8478772665616865,0.006578947368421052,0,Uranus,6,35
QSSF_proxy,700,1517.6719523809525,13159.304166666665,32472.666666666682,0.8373503869921368,0.009210526315789473,469,Uranus,6,35
RF_SRPT_proxy,700,1554.059476190476,13954.720833333333,31985.71666666667,0.8500981948713567,0.011842105263157895,473,Uranus,6,35
Backfill_FIFO,700,1980.932619047619,11509.742499999988,28525.90000000001,0.9532039304631929,0.025,641,Uranus,6,35
Wind_proxy,700,1980.932619047619,11509.742499999988,28525.90000000001,0.9532039304631929,0.025,641,Uranus,6,35
PredSched_LLM,700,1554.059476190476,13954.720833333333,31985.71666666667,0.8500981948713567,0.011842105263157895,473,Uranus,6,35
FIFO,700,9132.715357142857,21654.644166666658,30271.766666666663,0.7977519917715772,0.012032085561497326,0,Uranus,6,36
QSSF_proxy,700,1815.8941666666665,13324.289166666667,26457.183333333334,0.9127714711169593,0.03342245989304813,508,Uranus,6,36
RF_SRPT_proxy,700,2097.2750714285717,12445.76833333332,26225.53333333333,0.920833976790219,0.0106951871657754,520,Uranus,6,36
Backfill_FIFO,700,3089.4357142857143,14966.05583333331,26612.633333333335,0.9074397805845761,0.0066844919786096255,649,Uranus,6,36
Wind_proxy,700,3089.4357142857143,14966.05583333331,26612.633333333335,0.9074397805845761,0.0066844919786096255,649,Uranus,6,36
PredSched_LLM,700,2097.2750714285717,12445.76833333332,26225.53333333333,0.920833976790219,0.0106951871657754,520,Uranus,6,36
FIFO,700,8906.672142857142,23466.829166666666,32199.55,0.8068850254808603,0.008053691275167786,0,Uranus,6,37
QSSF_proxy,700,1224.675785714286,9067.432500000003,26697.583333333343,0.9731717810496786,0.006711409395973154,510,Uranus,6,37
RF_SRPT_proxy,700,1368.3884523809522,8032.969999999996,27604.899999999994,0.9411856127796958,0.008053691275167786,561,Uranus,6,37
Backfill_FIFO,700,1670.6754047619045,8707.739999999989,28871.11666666667,0.8999075104088072,0.005369127516778523,630,Uranus,6,37
Wind_proxy,700,1670.6754047619045,8707.739999999989,28871.11666666667,0.8999075104088072,0.005369127516778523,630,Uranus,6,37
PredSched_LLM,700,1368.3884523809522,8032.969999999996,27604.899999999994,0.9411856127796958,0.008053691275167786,561,Uranus,6,37
FIFO,700,9824.88911904762,26812.605833333335,35556.73333333334,0.8267668809251943,0.020188425302826378,0,Uranus,6,38
QSSF_proxy,700,2313.1719761904765,14309.773333333324,32838.85,0.895193635401023,0.026917900403768506,526,Uranus,6,38
RF_SRPT_proxy,700,2146.5924523809526,14551.564999999986,32319.86666666667,0.9095684031459151,0.026917900403768506,554,Uranus,6,38
Backfill_FIFO,700,2622.7624285714287,12524.695,33198.21666666666,0.8855032729335031,0.010767160161507403,637,Uranus,6,38
Wind_proxy,700,2622.7624285714287,12524.695,33198.21666666666,0.8855032729335031,0.010767160161507403,637,Uranus,6,38
PredSched_LLM,700,2146.5924523809526,14551.564999999986,32319.86666666667,0.9095684031459151,0.026917900403768506,554,Uranus,6,38
FIFO,700,9606.397690476188,22861.988333333335,27298.383333333335,0.8517215177984693,0.010723860589812333,0,Uranus,6,39
QSSF_proxy,700,1919.185880952381,8909.014999999998,27322.616666666676,0.8509660977850865,0.00938337801608579,512,Uranus,6,39
RF_SRPT_proxy,700,1378.790523809524,10523.265833333335,26647.166666666668,0.872536310406151,0.005361930294906166,509,Uranus,6,39
Backfill_FIFO,700,2521.1216190476184,10421.626666666636,26716.133333333335,0.8702838916102298,0.00938337801608579,630,Uranus,6,39
Wind_proxy,700,2521.1216190476184,10421.626666666636,26716.133333333335,0.8702838916102298,0.00938337801608579,630,Uranus,6,39
PredSched_LLM,700,1378.790523809524,10523.265833333335,26647.166666666668,0.872536310406151,0.005361930294906166,509,Uranus,6,39
FIFO,700,214.7865,1438.1833333333334,9344.05,0.06828959653409196,0.009234828496042216,0,Uranus,267,0
QSSF_proxy,700,214.7865,1438.1833333333334,9344.05,0.06828959653409196,0.009234828496042216,0,Uranus,267,0
RF_SRPT_proxy,700,214.7865,1438.1833333333334,9344.05,0.06828959653409196,0.009234828496042216,0,Uranus,267,0
Backfill_FIFO,700,214.7865,1438.1833333333334,9344.05,0.06828959653409196,0.009234828496042216,0,Uranus,267,0
Wind_proxy,700,214.7865,1438.1833333333334,9344.05,0.06828959653409196,0.009234828496042216,0,Uranus,267,0
PredSched_LLM,700,214.7865,1438.1833333333334,9344.05,0.06828959653409196,0.009234828496042216,0,Uranus,267,0
FIFO,700,212.00200000000004,1127.226666666658,10672.466666666667,0.07138324177614191,0.012064343163538873,0,Uranus,267,1
QSSF_proxy,700,212.00200000000004,1127.226666666658,10672.466666666667,0.07138324177614191,0.012064343163538873,0,Uranus,267,1
RF_SRPT_proxy,700,212.00200000000004,1127.226666666658,10672.466666666667,0.07138324177614191,0.012064343163538873,0,Uranus,267,1
Backfill_FIFO,700,212.00200000000004,1127.226666666658,10672.466666666667,0.07138324177614191,0.012064343163538873,0,Uranus,267,1
Wind_proxy,700,212.00200000000004,1127.226666666658,10672.466666666667,0.07138324177614191,0.006702412868632708,0,Uranus,267,1
PredSched_LLM,700,212.00200000000004,1127.226666666658,10672.466666666667,0.07138324177614191,0.00804289544235925,0,Uranus,267,1
FIFO,700,186.44728571428573,1007.2833333333333,10672.466666666667,0.0854023657173865,0.0078125,0,Uranus,267,2
QSSF_proxy,700,186.44728571428573,1007.2833333333333,10672.466666666667,0.0854023657173865,0.0078125,0,Uranus,267,2
RF_SRPT_proxy,700,186.44728571428573,1007.2833333333333,10672.466666666667,0.0854023657173865,0.0078125,0,Uranus,267,2
Backfill_FIFO,700,186.44728571428573,1007.2833333333333,10672.466666666667,0.0854023657173865,0.0078125,0,Uranus,267,2
Wind_proxy,700,186.44728571428573,1007.2833333333333,10672.466666666667,0.0854023657173865,0.013020833333333334,0,Uranus,267,2
PredSched_LLM,700,186.44728571428573,1007.2833333333333,10672.466666666667,0.0854023657173865,0.009114583333333334,0,Uranus,267,2
FIFO,700,200.75509523809527,1117.8833333333332,9344.05,0.06407905192807609,0.011984021304926764,0,Uranus,267,3
QSSF_proxy,700,200.75509523809527,1117.8833333333332,9344.05,0.06407905192807609,0.011984021304926764,0,Uranus,267,3
RF_SRPT_proxy,700,200.75509523809527,1117.8833333333332,9344.05,0.06407905192807609,0.011984021304926764,0,Uranus,267,3
Backfill_FIFO,700,200.75509523809527,1117.8833333333332,9344.05,0.06407905192807609,0.011984021304926764,0,Uranus,267,3
Wind_proxy,700,200.75509523809527,1117.8833333333332,9344.05,0.06407905192807609,0.009320905459387484,0,Uranus,267,3
PredSched_LLM,700,200.75509523809527,1117.8833333333332,9344.05,0.06407905192807609,0.014647137150466045,0,Uranus,267,3
FIFO,700,231.32026190476188,1719.6833333333334,9344.05,0.06674620582288743,0.012178619756427604,0,Uranus,267,4
QSSF_proxy,700,231.32026190476188,1719.6833333333334,9344.05,0.06674620582288743,0.012178619756427604,0,Uranus,267,4
RF_SRPT_proxy,700,231.32026190476188,1719.6833333333334,9344.05,0.06674620582288743,0.012178619756427604,0,Uranus,267,4
Backfill_FIFO,700,231.32026190476188,1719.6833333333334,9344.05,0.06674620582288743,0.012178619756427604,0,Uranus,267,4
Wind_proxy,700,231.32026190476188,1719.6833333333334,9344.05,0.06674620582288743,0.008119079837618403,0,Uranus,267,4
PredSched_LLM,700,231.32026190476188,1719.6833333333334,9344.05,0.06674620582288743,0.012178619756427604,0,Uranus,267,4
FIFO,700,213.47557142857147,1438.1833333333334,9344.05,0.06059098150551198,0.010796221322537112,0,Uranus,267,5
QSSF_proxy,700,213.4755714285714,1438.1833333333334,9344.05,0.06059098150551198,0.010796221322537112,0,Uranus,267,5
RF_SRPT_proxy,700,213.47557142857147,1438.1833333333334,9344.05,0.06059098150551198,0.010796221322537112,0,Uranus,267,5
Backfill_FIFO,700,213.47557142857147,1438.1833333333334,9344.05,0.06059098150551198,0.010796221322537112,0,Uranus,267,5
Wind_proxy,700,213.47557142857147,1438.1833333333334,9344.05,0.06059098150551198,0.009446693657219974,0,Uranus,267,5
PredSched_LLM,700,213.47557142857147,1438.1833333333334,9344.05,0.06059098150551198,0.010796221322537112,0,Uranus,267,5
FIFO,700,220.09492857142854,1331.1,10672.466666666667,0.08249879106583172,0.011826544021024968,0,Uranus,267,6
QSSF_proxy,700,220.09492857142854,1331.1,10672.466666666667,0.08249879106583172,0.011826544021024968,0,Uranus,267,6
RF_SRPT_proxy,700,220.09492857142854,1331.1,10672.466666666667,0.08249879106583172,0.011826544021024968,0,Uranus,267,6
Backfill_FIFO,700,220.09492857142854,1331.1,10672.466666666667,0.08249879106583172,0.011826544021024968,0,Uranus,267,6
Wind_proxy,700,220.09492857142854,1331.1,10672.466666666667,0.08249879106583172,0.00788436268068331,0,Uranus,267,6
PredSched_LLM,700,220.09492857142854,1331.1,10672.466666666667,0.08249879106583172,0.009198423127463863,0,Uranus,267,6
FIFO,700,179.53661904761907,1117.85,9344.05,0.055141829324503344,0.006693440428380187,0,Uranus,267,7
QSSF_proxy,700,179.53661904761907,1117.85,9344.05,0.055141829324503344,0.006693440428380187,0,Uranus,267,7
RF_SRPT_proxy,700,179.53661904761907,1117.85,9344.05,0.055141829324503344,0.006693440428380187,0,Uranus,267,7
Backfill_FIFO,700,179.53661904761907,1117.85,9344.05,0.055141829324503344,0.006693440428380187,0,Uranus,267,7
Wind_proxy,700,179.53661904761907,1117.85,9344.05,0.055141829324503344,0.00535475234270415,0,Uranus,267,7
PredSched_LLM,700,179.53661904761907,1117.85,9344.05,0.055141829324503344,0.006693440428380187,0,Uranus,267,7
FIFO,700,202.55985714285714,1304.7499999999998,10672.466666666667,0.08444151177722209,0.014435695538057743,0,Uranus,267,8
QSSF_proxy,700,202.55985714285714,1304.7499999999998,10672.466666666667,0.08444151177722209,0.014435695538057743,0,Uranus,267,8
RF_SRPT_proxy,700,202.55985714285714,1304.7499999999998,10672.466666666667,0.08444151177722209,0.014435695538057743,0,Uranus,267,8
Backfill_FIFO,700,202.55985714285714,1304.7499999999998,10672.466666666667,0.08444151177722209,0.014435695538057743,0,Uranus,267,8
Wind_proxy,700,202.55985714285714,1304.7499999999998,10672.466666666667,0.08444151177722209,0.013123359580052493,0,Uranus,267,8
PredSched_LLM,700,202.55985714285714,1304.7499999999998,10672.466666666667,0.08444151177722209,0.014435695538057743,0,Uranus,267,8
FIFO,700,193.2408095238095,703.4883333333316,10672.466666666667,0.08746657643132201,0.010767160161507403,0,Uranus,267,9
QSSF_proxy,700,193.24080952380953,703.4883333333316,10672.466666666667,0.08746657643132201,0.010767160161507403,0,Uranus,267,9
RF_SRPT_proxy,700,193.24080952380953,703.4883333333316,10672.466666666667,0.08746657643132201,0.010767160161507403,0,Uranus,267,9
Backfill_FIFO,700,193.2408095238095,703.4883333333316,10672.466666666667,0.08746657643132201,0.010767160161507403,0,Uranus,267,9
Wind_proxy,700,193.2408095238095,703.4883333333316,10672.466666666667,0.08746657643132201,0.008075370121130552,0,Uranus,267,9
PredSched_LLM,700,193.24080952380953,703.4883333333316,10672.466666666667,0.08746657643132201,0.010767160161507403,0,Uranus,267,9
FIFO,700,216.54369047619045,1335.9691666666622,10672.466666666667,0.07871825295416966,0.017241379310344827,0,Uranus,267,10
QSSF_proxy,700,216.54369047619048,1335.9691666666622,10672.466666666667,0.07871825295416966,0.017241379310344827,0,Uranus,267,10
RF_SRPT_proxy,700,216.54369047619045,1335.9691666666622,10672.466666666667,0.07871825295416966,0.017241379310344827,0,Uranus,267,10
Backfill_FIFO,700,216.54369047619045,1335.9691666666622,10672.466666666667,0.07871825295416966,0.017241379310344827,0,Uranus,267,10
Wind_proxy,700,216.54369047619045,1335.9691666666622,10672.466666666667,0.07871825295416966,0.013262599469496022,0,Uranus,267,10
PredSched_LLM,700,216.54369047619045,1335.9691666666622,10672.466666666667,0.07871825295416966,0.01989389920424403,0,Uranus,267,10
FIFO,700,180.14314285714283,1117.8833333333332,10672.466666666667,0.06546735814577789,0.009320905459387484,0,Uranus,267,11
QSSF_proxy,700,180.14314285714283,1117.8833333333332,10672.466666666667,0.06546735814577789,0.009320905459387484,0,Uranus,267,11
RF_SRPT_proxy,700,180.14314285714283,1117.8833333333332,10672.466666666667,0.06546735814577789,0.009320905459387484,0,Uranus,267,11
Backfill_FIFO,700,180.14314285714283,1117.8833333333332,10672.466666666667,0.06546735814577789,0.009320905459387484,0,Uranus,267,11
Wind_proxy,700,180.14314285714283,1117.8833333333332,10672.466666666667,0.06546735814577789,0.009320905459387484,0,Uranus,267,11
PredSched_LLM,700,180.14314285714283,1117.8833333333332,10672.466666666667,0.06546735814577789,0.009320905459387484,0,Uranus,267,11
FIFO,700,205.55309523809527,1336.4541666666616,10672.466666666667,0.06663809986138389,0.00938337801608579,0,Uranus,267,12
QSSF_proxy,700,205.55309523809527,1336.4541666666616,10672.466666666667,0.06663809986138389,0.00938337801608579,0,Uranus,267,12
RF_SRPT_proxy,700,205.55309523809527,1336.4541666666616,10672.466666666667,0.06663809986138389,0.00938337801608579,0,Uranus,267,12
Backfill_FIFO,700,205.55309523809527,1336.4541666666616,10672.466666666667,0.06663809986138389,0.00938337801608579,0,Uranus,267,12
Wind_proxy,700,205.55309523809527,1336.4541666666616,10672.466666666667,0.06663809986138389,0.010723860589812333,0,Uranus,267,12
PredSched_LLM,700,205.55309523809527,1336.4541666666616,10672.466666666667,0.06663809986138389,0.010723860589812333,0,Uranus,267,12
FIFO,700,218.07523809523812,1304.7499999999998,10672.466666666667,0.09822592749134607,0.009009009009009009,0,Uranus,267,13
QSSF_proxy,700,218.0752380952381,1304.7499999999998,10672.466666666667,0.09822592749134607,0.009009009009009009,0,Uranus,267,13
RF_SRPT_proxy,700,218.07523809523812,1304.7499999999998,10672.466666666667,0.09822592749134607,0.009009009009009009,0,Uranus,267,13
Backfill_FIFO,700,218.07523809523812,1304.7499999999998,10672.466666666667,0.09822592749134607,0.009009009009009009,0,Uranus,267,13
Wind_proxy,700,218.07523809523812,1304.7499999999998,10672.466666666667,0.09822592749134607,0.009009009009009009,0,Uranus,267,13
PredSched_LLM,700,218.07523809523812,1304.7499999999998,10672.466666666667,0.09822592749134607,0.009009009009009009,0,Uranus,267,13
FIFO,700,235.43700000000004,1331.1,10672.466666666667,0.10947381718634316,0.013140604467805518,0,Uranus,267,14
QSSF_proxy,700,235.43699999999998,1331.1,10672.466666666667,0.10947381718634316,0.013140604467805518,0,Uranus,267,14
RF_SRPT_proxy,700,235.43699999999998,1331.1,10672.466666666667,0.10947381718634316,0.013140604467805518,0,Uranus,267,14
Backfill_FIFO,700,235.43700000000004,1331.1,10672.466666666667,0.10947381718634316,0.013140604467805518,0,Uranus,267,14
Wind_proxy,700,235.43700000000004,1331.1,10672.466666666667,0.10947381718634316,0.01445466491458607,0,Uranus,267,14
PredSched_LLM,700,235.43699999999998,1331.1,10672.466666666667,0.10947381718634316,0.013140604467805518,0,Uranus,267,14
FIFO,700,196.8162380952381,1012.8116666666616,10672.466666666667,0.06694182413663698,0.01349527665317139,0,Uranus,267,15
QSSF_proxy,700,196.81623809523813,1012.8116666666616,10672.466666666667,0.06694182413663698,0.01349527665317139,0,Uranus,267,15
RF_SRPT_proxy,700,196.8162380952381,1012.8116666666616,10672.466666666667,0.06694182413663698,0.01349527665317139,0,Uranus,267,15
Backfill_FIFO,700,196.8162380952381,1012.8116666666616,10672.466666666667,0.06694182413663698,0.01349527665317139,0,Uranus,267,15
Wind_proxy,700,196.8162380952381,1012.8116666666616,10672.466666666667,0.06694182413663698,0.009446693657219974,0,Uranus,267,15
PredSched_LLM,700,196.8162380952381,1012.8116666666616,10672.466666666667,0.06694182413663698,0.01349527665317139,0,Uranus,267,15
FIFO,700,220.11283333333333,1462.6299999999994,9344.05,0.07579009935094522,0.011904761904761904,0,Uranus,267,16
QSSF_proxy,700,220.11283333333333,1462.6299999999994,9344.05,0.07579009935094522,0.011904761904761904,0,Uranus,267,16
RF_SRPT_proxy,700,220.11283333333333,1462.6299999999994,9344.05,0.07579009935094522,0.011904761904761904,0,Uranus,267,16
Backfill_FIFO,700,220.11283333333333,1462.6299999999994,9344.05,0.07579009935094522,0.011904761904761904,0,Uranus,267,16
Wind_proxy,700,220.11283333333333,1462.6299999999994,9344.05,0.07579009935094522,0.011904761904761904,0,Uranus,267,16
PredSched_LLM,700,220.11283333333333,1462.6299999999994,9344.05,0.07579009935094522,0.011904761904761904,0,Uranus,267,16
FIFO,700,237.09950000000003,1727.344999999993,9343.333333333334,0.07405364320063712,0.012,0,Uranus,267,17
QSSF_proxy,700,237.09950000000003,1727.344999999993,9343.333333333334,0.07405364320063712,0.012,0,Uranus,267,17
RF_SRPT_proxy,700,237.09950000000003,1727.344999999993,9343.333333333334,0.07405364320063712,0.012,0,Uranus,267,17
Backfill_FIFO,700,237.09950000000003,1727.344999999993,9343.333333333334,0.07405364320063712,0.012,0,Uranus,267,17
Wind_proxy,700,237.09950000000003,1727.344999999993,9343.333333333334,0.07405364320063712,0.010666666666666666,0,Uranus,267,17
PredSched_LLM,700,237.09950000000003,1727.344999999993,9343.333333333334,0.07405364320063712,0.012,0,Uranus,267,17
FIFO,700,194.94023809523807,1007.2833333333333,9344.05,0.05265167090347528,0.013458950201884253,0,Uranus,267,18
QSSF_proxy,700,194.94023809523807,1007.2833333333333,9344.05,0.05265167090347528,0.013458950201884253,0,Uranus,267,18
RF_SRPT_proxy,700,194.94023809523807,1007.2833333333333,9344.05,0.05265167090347528,0.013458950201884253,0,Uranus,267,18
Backfill_FIFO,700,194.94023809523807,1007.2833333333333,9344.05,0.05265167090347528,0.013458950201884253,0,Uranus,267,18
Wind_proxy,700,194.94023809523807,1007.2833333333333,9344.05,0.05265167090347528,0.017496635262449527,0,Uranus,267,18
PredSched_LLM,700,194.94023809523807,1007.2833333333333,9344.05,0.05265167090347528,0.012113055181695828,0,Uranus,267,18
FIFO,700,280.53800000000007,2191.2208333333324,10672.466666666667,0.09059271922928425,0.013157894736842105,0,Uranus,267,19
QSSF_proxy,700,280.53800000000007,2191.2208333333324,10672.466666666667,0.09059271922928425,0.013157894736842105,0,Uranus,267,19
RF_SRPT_proxy,700,280.53800000000007,2191.2208333333324,10672.466666666667,0.09059271922928425,0.013157894736842105,0,Uranus,267,19
Backfill_FIFO,700,280.53800000000007,2191.2208333333324,10672.466666666667,0.09059271922928425,0.013157894736842105,0,Uranus,267,19
Wind_proxy,700,280.53800000000007,2191.2208333333324,10672.466666666667,0.09059271922928425,0.013157894736842105,0,Uranus,267,19
PredSched_LLM,700,280.53800000000007,2191.2208333333324,10672.466666666667,0.09059271922928425,0.011842105263157895,0,Uranus,267,19
FIFO,700,242.80547619047624,1734.3174999999867,10672.466666666667,0.10688718674015013,0.0079155672823219,0,Uranus,267,20
QSSF_proxy,700,242.80547619047624,1734.3174999999867,10672.466666666667,0.10688718674015013,0.0079155672823219,0,Uranus,267,20
RF_SRPT_proxy,700,242.80547619047624,1734.3174999999867,10672.466666666667,0.10688718674015013,0.0079155672823219,0,Uranus,267,20
Backfill_FIFO,700,242.80547619047624,1734.3174999999867,10672.466666666667,0.10688718674015013,0.0079155672823219,0,Uranus,267,20
Wind_proxy,700,242.80547619047624,1734.3174999999867,10672.466666666667,0.10688718674015013,0.006596306068601583,0,Uranus,267,20
PredSched_LLM,700,242.80547619047624,1734.3174999999867,10672.466666666667,0.10688718674015013,0.0079155672823219,0,Uranus,267,20
FIFO,700,172.0392857142857,951.3758333333307,10672.466666666667,0.0629363637045297,0.005277044854881266,0,Uranus,267,21
QSSF_proxy,700,172.0392857142857,951.3758333333307,10672.466666666667,0.0629363637045297,0.005277044854881266,0,Uranus,267,21
RF_SRPT_proxy,700,172.0392857142857,951.3758333333307,10672.466666666667,0.0629363637045297,0.005277044854881266,0,Uranus,267,21
Backfill_FIFO,700,172.0392857142857,951.3758333333307,10672.466666666667,0.0629363637045297,0.005277044854881266,0,Uranus,267,21
Wind_proxy,700,172.0392857142857,951.3758333333307,10672.466666666667,0.0629363637045297,0.00395778364116095,0,Uranus,267,21
PredSched_LLM,700,172.0392857142857,951.3758333333307,10672.466666666667,0.0629363637045297,0.006596306068601583,0,Uranus,267,21
FIFO,700,180.0844285714286,1012.8133333333283,10672.466666666667,0.05874401767821519,0.006720430107526882,0,Uranus,267,22
QSSF_proxy,700,180.0844285714286,1012.8133333333283,10672.466666666667,0.05874401767821519,0.006720430107526882,0,Uranus,267,22
RF_SRPT_proxy,700,180.08442857142856,1012.8133333333283,10672.466666666667,0.05874401767821519,0.006720430107526882,0,Uranus,267,22
Backfill_FIFO,700,180.0844285714286,1012.8133333333283,10672.466666666667,0.05874401767821519,0.006720430107526882,0,Uranus,267,22
Wind_proxy,700,180.0844285714286,1012.8133333333283,10672.466666666667,0.05874401767821519,0.005376344086021506,0,Uranus,267,22
PredSched_LLM,700,180.08442857142856,1012.8133333333283,10672.466666666667,0.05874401767821519,0.006720430107526882,0,Uranus,267,22
FIFO,700,211.60128571428575,1331.1,9344.05,0.04785942647006549,0.009562841530054645,0,Uranus,267,23
QSSF_proxy,700,211.60128571428575,1331.1,9344.05,0.04785942647006549,0.009562841530054645,0,Uranus,267,23
RF_SRPT_proxy,700,211.60128571428575,1331.1,9344.05,0.04785942647006549,0.009562841530054645,0,Uranus,267,23
Backfill_FIFO,700,211.60128571428575,1331.1,9344.05,0.04785942647006549,0.009562841530054645,0,Uranus,267,23
Wind_proxy,700,211.60128571428575,1331.1,9344.05,0.04785942647006549,0.009562841530054645,0,Uranus,267,23
PredSched_LLM,700,211.60128571428575,1331.1,9344.05,0.04785942647006549,0.009562841530054645,0,Uranus,267,23
FIFO,700,183.06133333333332,1127.226666666658,10672.466666666667,0.07903597213607796,0.011795543905635648,0,Uranus,267,24
QSSF_proxy,700,183.06133333333332,1127.226666666658,10672.466666666667,0.07903597213607796,0.010484927916120577,0,Uranus,267,24
RF_SRPT_proxy,700,183.06133333333332,1127.226666666658,10672.466666666667,0.07903597213607796,0.011795543905635648,0,Uranus,267,24
Backfill_FIFO,700,183.06133333333332,1127.226666666658,10672.466666666667,0.07903597213607796,0.011795543905635648,0,Uranus,267,24
Wind_proxy,700,183.06133333333332,1127.226666666658,10672.466666666667,0.07903597213607796,0.010484927916120577,0,Uranus,267,24
PredSched_LLM,700,183.06133333333332,1127.226666666658,10672.466666666667,0.07903597213607796,0.011795543905635648,0,Uranus,267,24
FIFO,700,217.79628571428572,1428.4833333333336,9343.333333333334,0.08072979676002567,0.010362694300518135,0,Uranus,267,25
QSSF_proxy,700,217.79628571428572,1428.4833333333336,9343.333333333334,0.08072979676002567,0.010362694300518135,0,Uranus,267,25
RF_SRPT_proxy,700,217.79628571428572,1428.4833333333336,9343.333333333334,0.08072979676002567,0.010362694300518135,0,Uranus,267,25
Backfill_FIFO,700,217.79628571428572,1428.4833333333336,9343.333333333334,0.08072979676002567,0.010362694300518135,0,Uranus,267,25
Wind_proxy,700,217.79628571428572,1428.4833333333336,9343.333333333334,0.08072979676002567,0.007772020725388601,0,Uranus,267,25
PredSched_LLM,700,217.79628571428572,1428.4833333333336,9343.333333333334,0.08072979676002567,0.010362694300518135,0,Uranus,267,25
FIFO,700,222.94673809523812,1428.968333333333,10672.466666666667,0.076457015419916,0.003942181340341655,0,Uranus,267,26
QSSF_proxy,700,222.94673809523812,1428.968333333333,10672.466666666667,0.076457015419916,0.003942181340341655,0,Uranus,267,26
RF_SRPT_proxy,700,222.94673809523812,1428.968333333333,10672.466666666667,0.076457015419916,0.003942181340341655,0,Uranus,267,26
Backfill_FIFO,700,222.94673809523812,1428.968333333333,10672.466666666667,0.076457015419916,0.003942181340341655,0,Uranus,267,26
Wind_proxy,700,222.94673809523812,1428.968333333333,10672.466666666667,0.076457015419916,0.003942181340341655,0,Uranus,267,26
PredSched_LLM,700,222.94673809523812,1428.968333333333,10672.466666666667,0.076457015419916,0.009198423127463863,0,Uranus,267,26
FIFO,700,220.71361904761903,1331.1,9343.333333333334,0.06930068405841253,0.006702412868632708,0,Uranus,267,27
QSSF_proxy,700,220.71361904761903,1331.1,9343.333333333334,0.06930068405841253,0.006702412868632708,0,Uranus,267,27
RF_SRPT_proxy,700,220.7136190476191,1331.1,9343.333333333334,0.06930068405841253,0.006702412868632708,0,Uranus,267,27
Backfill_FIFO,700,220.71361904761903,1331.1,9343.333333333334,0.06930068405841253,0.006702412868632708,0,Uranus,267,27
Wind_proxy,700,220.71361904761903,1331.1,9343.333333333334,0.06930068405841253,0.012064343163538873,0,Uranus,267,27
PredSched_LLM,700,220.7136190476191,1331.1,9343.333333333334,0.06930068405841253,0.006702412868632708,0,Uranus,267,27
FIFO,700,258.0321666666667,2012.3666666666663,9343.333333333334,0.08952399933324509,0.013123359580052493,0,Uranus,267,28
QSSF_proxy,700,258.0321666666667,2012.3666666666663,9343.333333333334,0.08952399933324509,0.013123359580052493,0,Uranus,267,28
RF_SRPT_proxy,700,258.0321666666667,2012.3666666666663,9343.333333333334,0.08952399933324509,0.013123359580052493,0,Uranus,267,28
Backfill_FIFO,700,258.0321666666667,2012.3666666666663,9343.333333333334,0.08952399933324509,0.013123359580052493,0,Uranus,267,28
Wind_proxy,700,258.0321666666667,2012.3666666666663,9343.333333333334,0.08952399933324509,0.013123359580052493,0,Uranus,267,28
PredSched_LLM,700,258.0321666666667,2012.3666666666663,9343.333333333334,0.08952399933324509,0.014435695538057743,0,Uranus,267,28
FIFO,700,183.3961904761905,1127.226666666658,9344.05,0.06506484401761775,0.006648936170212766,0,Uranus,267,29
QSSF_proxy,700,183.3961904761905,1127.226666666658,9344.05,0.06506484401761775,0.006648936170212766,0,Uranus,267,29
RF_SRPT_proxy,700,183.3961904761905,1127.226666666658,9344.05,0.06506484401761775,0.006648936170212766,0,Uranus,267,29
Backfill_FIFO,700,183.3961904761905,1127.226666666658,9344.05,0.06506484401761775,0.006648936170212766,0,Uranus,267,29
Wind_proxy,700,183.3961904761905,1127.226666666658,9344.05,0.06506484401761775,0.005319148936170213,0,Uranus,267,29
PredSched_LLM,700,183.3961904761905,1127.226666666658,9344.05,0.06506484401761775,0.007978723404255319,0,Uranus,267,29
FIFO,700,218.99571428571429,1117.8833333333332,10672.466666666667,0.0986543981328598,0.00909090909090909,0,Uranus,267,30
QSSF_proxy,700,218.99571428571429,1117.8833333333332,10672.466666666667,0.0986543981328598,0.00909090909090909,0,Uranus,267,30
RF_SRPT_proxy,700,218.99571428571429,1117.8833333333332,10672.466666666667,0.0986543981328598,0.00909090909090909,0,Uranus,267,30
Backfill_FIFO,700,218.99571428571429,1117.8833333333332,10672.466666666667,0.0986543981328598,0.00909090909090909,0,Uranus,267,30
Wind_proxy,700,218.99571428571429,1117.8833333333332,10672.466666666667,0.0986543981328598,0.00909090909090909,0,Uranus,267,30
PredSched_LLM,700,218.99571428571429,1117.8833333333332,10672.466666666667,0.0986543981328598,0.007792207792207792,0,Uranus,267,30
FIFO,700,189.77911904761905,1428.968333333333,9343.333333333334,0.05899050692743597,0.009421265141318977,0,Uranus,267,31
QSSF_proxy,700,189.77911904761905,1428.968333333333,9343.333333333334,0.05899050692743597,0.009421265141318977,0,Uranus,267,31
RF_SRPT_proxy,700,189.77911904761905,1428.968333333333,9343.333333333334,0.05899050692743597,0.009421265141318977,0,Uranus,267,31
Backfill_FIFO,700,189.77911904761905,1428.968333333333,9343.333333333334,0.05899050692743597,0.009421265141318977,0,Uranus,267,31
Wind_proxy,700,189.77911904761905,1428.968333333333,9343.333333333334,0.05899050692743597,0.005383580080753701,0,Uranus,267,31
PredSched_LLM,700,189.77911904761905,1428.968333333333,9343.333333333334,0.05899050692743597,0.009421265141318977,0,Uranus,267,31
FIFO,700,196.6952142857143,951.3758333333307,9344.05,0.04869620560276827,0.009536784741144414,0,Uranus,267,32
QSSF_proxy,700,196.6952142857143,951.3758333333307,9344.05,0.04869620560276827,0.009536784741144414,0,Uranus,267,32
RF_SRPT_proxy,700,196.6952142857143,951.3758333333307,9344.05,0.04869620560276827,0.009536784741144414,0,Uranus,267,32
Backfill_FIFO,700,196.6952142857143,951.3758333333307,9344.05,0.04869620560276827,0.009536784741144414,0,Uranus,267,32
Wind_proxy,700,196.6952142857143,951.3758333333307,9344.05,0.04869620560276827,0.010899182561307902,0,Uranus,267,32
PredSched_LLM,700,196.6952142857143,951.3758333333307,9344.05,0.04869620560276827,0.009536784741144414,0,Uranus,267,32
FIFO,700,229.36590476190477,1475.8666666666666,10672.466666666667,0.068168502343377,0.014884979702300407,0,Uranus,267,33
QSSF_proxy,700,229.36590476190472,1475.8666666666666,10672.466666666667,0.068168502343377,0.014884979702300407,0,Uranus,267,33
RF_SRPT_proxy,700,229.36590476190477,1475.8666666666666,10672.466666666667,0.068168502343377,0.014884979702300407,0,Uranus,267,33
Backfill_FIFO,700,229.36590476190477,1475.8666666666666,10672.466666666667,0.068168502343377,0.014884979702300407,0,Uranus,267,33
Wind_proxy,700,229.36590476190477,1475.8666666666666,10672.466666666667,0.068168502343377,0.013531799729364006,0,Uranus,267,33
PredSched_LLM,700,229.36590476190477,1475.8666666666666,10672.466666666667,0.068168502343377,0.014884979702300407,0,Uranus,267,33
FIFO,700,222.56802380952382,1462.6299999999994,10672.466666666667,0.11546588466678553,0.018111254851228976,0,Uranus,267,34
QSSF_proxy,700,222.56802380952382,1462.6299999999994,10672.466666666667,0.11546588466678553,0.018111254851228976,0,Uranus,267,34
RF_SRPT_proxy,700,222.56802380952382,1462.6299999999994,10672.466666666667,0.11546588466678553,0.018111254851228976,0,Uranus,267,34
Backfill_FIFO,700,222.56802380952382,1462.6299999999994,10672.466666666667,0.11546588466678553,0.018111254851228976,0,Uranus,267,34
Wind_proxy,700,222.56802380952382,1462.6299999999994,10672.466666666667,0.11546588466678553,0.0129366106080207,0,Uranus,267,34
PredSched_LLM,700,222.56802380952382,1462.6299999999994,10672.466666666667,0.11546588466678553,0.018111254851228976,0,Uranus,267,34
FIFO,700,198.11490476190474,1439.3708333333323,9344.05,0.061166302387906234,0.01478494623655914,0,Uranus,267,35
QSSF_proxy,700,198.1149047619048,1439.3708333333323,9344.05,0.061166302387906234,0.01478494623655914,0,Uranus,267,35
RF_SRPT_proxy,700,198.11490476190474,1439.3708333333323,9344.05,0.061166302387906234,0.01478494623655914,0,Uranus,267,35
Backfill_FIFO,700,198.11490476190474,1439.3708333333323,9344.05,0.061166302387906234,0.01478494623655914,0,Uranus,267,35
Wind_proxy,700,198.11490476190474,1439.3708333333323,9344.05,0.061166302387906234,0.016129032258064516,0,Uranus,267,35
PredSched_LLM,700,198.11490476190474,1439.3708333333323,9344.05,0.061166302387906234,0.01478494623655914,0,Uranus,267,35
FIFO,700,171.3457619047619,697.9099999999999,9171.2,0.04914327557885162,0.006738544474393531,0,Uranus,267,36
QSSF_proxy,700,171.3457619047619,697.9099999999999,9171.2,0.04914327557885162,0.006738544474393531,0,Uranus,267,36
RF_SRPT_proxy,700,171.3457619047619,697.9099999999999,9171.2,0.04914327557885162,0.006738544474393531,0,Uranus,267,36
Backfill_FIFO,700,171.3457619047619,697.9099999999999,9171.2,0.04914327557885162,0.006738544474393531,0,Uranus,267,36
Wind_proxy,700,171.3457619047619,697.9099999999999,9171.2,0.04914327557885162,0.009433962264150943,0,Uranus,267,36
PredSched_LLM,700,171.3457619047619,697.9099999999999,9171.2,0.04914327557885162,0.006738544474393531,0,Uranus,267,36
FIFO,700,194.31699999999998,1438.1833333333334,9343.333333333334,0.07050396946289487,0.005263157894736842,0,Uranus,267,37
QSSF_proxy,700,194.31700000000004,1438.1833333333334,9343.333333333334,0.07050396946289487,0.005263157894736842,0,Uranus,267,37
RF_SRPT_proxy,700,194.31699999999998,1438.1833333333334,9343.333333333334,0.07050396946289487,0.005263157894736842,0,Uranus,267,37
Backfill_FIFO,700,194.31699999999998,1438.1833333333334,9343.333333333334,0.07050396946289487,0.005263157894736842,0,Uranus,267,37
Wind_proxy,700,194.31699999999998,1438.1833333333334,9343.333333333334,0.07050396946289487,0.010526315789473684,0,Uranus,267,37
PredSched_LLM,700,194.31699999999998,1438.1833333333334,9343.333333333334,0.07050396946289487,0.003947368421052632,0,Uranus,267,37
FIFO,700,233.6524047619048,1453.589166666666,10672.466666666667,0.09479261396582839,0.014397905759162303,0,Uranus,267,38
QSSF_proxy,700,233.6524047619048,1453.589166666666,10672.466666666667,0.09479261396582839,0.014397905759162303,0,Uranus,267,38
RF_SRPT_proxy,700,233.6524047619048,1453.589166666666,10672.466666666667,0.09479261396582839,0.014397905759162303,0,Uranus,267,38
Backfill_FIFO,700,233.6524047619048,1453.589166666666,10672.466666666667,0.09479261396582839,0.014397905759162303,0,Uranus,267,38
Wind_proxy,700,233.6524047619048,1453.589166666666,10672.466666666667,0.09479261396582839,0.010471204188481676,0,Uranus,267,38
PredSched_LLM,700,233.6524047619048,1453.589166666666,10672.466666666667,0.09479261396582839,0.017015706806282723,0,Uranus,267,38
FIFO,700,271.0649523809524,2012.3666666666663,10672.466666666667,0.0845762597275933,0.010526315789473684,0,Uranus,267,39
QSSF_proxy,700,271.0649523809524,2012.3666666666663,10672.466666666667,0.0845762597275933,0.010526315789473684,0,Uranus,267,39
RF_SRPT_proxy,700,271.0649523809524,2012.3666666666663,10672.466666666667,0.0845762597275933,0.010526315789473684,0,Uranus,267,39
Backfill_FIFO,700,271.0649523809524,2012.3666666666663,10672.466666666667,0.0845762597275933,0.010526315789473684,0,Uranus,267,39
Wind_proxy,700,271.0649523809524,2012.3666666666663,10672.466666666667,0.0845762597275933,0.009210526315789473,0,Uranus,267,39
PredSched_LLM,700,271.0649523809524,2012.3666666666663,10672.466666666667,0.0845762597275933,0.010526315789473684,0,Uranus,267,39
FIFO,700,10214.366452380953,13693.679166666669,24442.90000000001,0.6844258711118567,0.01808066759388039,0,Venus,4,0
QSSF_proxy,700,1827.80930952381,8299.784166666665,18987.316666666666,0.881080429567457,0.02364394993045897,599,Venus,4,0
RF_SRPT_proxy,700,1857.891047619048,8359.4375,19116.266666666666,0.8751370451517732,0.02364394993045897,598,Venus,4,0
Backfill_FIFO,700,2086.630571428572,5695.959166666667,19413.683333333334,0.8617299889854317,0.016689847009735744,653,Venus,4,0
Wind_proxy,700,2086.630571428572,5695.959166666667,19413.683333333334,0.8617299889854317,0.016689847009735744,653,Venus,4,0
PredSched_LLM,700,1857.891047619048,8359.4375,19116.266666666666,0.8751370451517732,0.02364394993045897,598,Venus,4,0
FIFO,700,9400.198309523808,12563.936666666668,18564.11666666666,0.6837006956520962,0.02364394993045897,0,Venus,4,1
QSSF_proxy,700,1692.0285476190477,8142.219999999997,14518.216666666664,0.8742326809536987,0.02364394993045897,553,Venus,4,1
RF_SRPT_proxy,700,1710.0827380952378,8128.58583333333,14517.149999999998,0.8742969163483651,0.022253129346314324,554,Venus,4,1
Backfill_FIFO,700,2452.9281428571426,5748.537499999998,13959.749999999998,0.9092067894601743,0.016689847009735744,653,Venus,4,1
Wind_proxy,700,2452.4449999999993,5758.523333333331,13968.916666666664,0.9086101508110266,0.004172461752433936,653,Venus,4,1
PredSched_LLM,700,1710.0827380952378,8128.58583333333,14517.149999999998,0.8742969163483651,0.022253129346314324,554,Venus,4,1
FIFO,700,10700.578833333337,13898.911666666672,28029.383333333346,0.692231567408725,0.02482758620689655,0,Venus,4,2
QSSF_proxy,700,2276.061714285714,11188.80916666666,20484.31666666667,0.9472038669421082,0.02482758620689655,609,Venus,4,2
RF_SRPT_proxy,700,2334.646904761905,11153.225833333328,20448.733333333337,0.9488521192021674,0.006896551724137931,606,Venus,4,2
Backfill_FIFO,700,2297.7239999999993,5157.718333333333,21593.93333333333,0.8985312522189874,0.011034482758620689,659,Venus,4,2
Wind_proxy,700,2271.026595238095,5044.055833333331,21462.383333333335,0.9040386455216607,0.057931034482758624,659,Venus,4,2
PredSched_LLM,700,2334.646904761905,11153.225833333328,20448.733333333337,0.9488521192021674,0.006896551724137931,606,Venus,4,2
FIFO,700,14886.784357142853,18675.736666666664,29138.250000000004,0.7317433735439387,0.039889958734525444,0,Venus,4,3
QSSF_proxy,700,1494.5567380952382,4998.864166666664,23700.416666666668,0.8996348736836555,0.026134800550206328,565,Venus,4,3
RF_SRPT_proxy,700,1481.2141428571426,4909.25,23610.216666666667,0.9030718207795638,0.017881705639614855,560,Venus,4,3
Backfill_FIFO,700,2141.890166666666,4731.953333333329,22499.85,0.9476383777743703,0.02888583218707015,653,Venus,4,3
Wind_proxy,700,2161.2108095238086,4731.153333333328,22499.049999999996,0.9476720730060455,0.026134800550206328,653,Venus,4,3
PredSched_LLM,700,1481.2141428571426,4909.25,23610.216666666667,0.9030718207795638,0.017881705639614855,560,Venus,4,3
FIFO,700,12836.292404761905,16420.403333333335,27748.550000000003,0.6969492362363676,0.05357142857142857,0,Venus,4,4
QSSF_proxy,700,2098.0324047619047,9839.85,21257.383333333328,0.9097700514644722,0.017857142857142856,592,Venus,4,4
RF_SRPT_proxy,700,2084.7555,9914.299166666662,21031.65,0.9195346408468507,0.03159340659340659,580,Venus,4,4
Backfill_FIFO,700,2508.886714285713,5441.520833333331,21712.48333333332,0.8907010051437388,0.01098901098901099,649,Venus,4,4
Wind_proxy,700,2508.886714285713,5441.520833333331,21712.48333333332,0.8907010051437388,0.01098901098901099,649,Venus,4,4
PredSched_LLM,700,2084.7555,9914.299166666662,21031.65,0.9195346408468507,0.03159340659340659,580,Venus,4,4
FIFO,700,16560.20135714285,21350.871666666662,28511.36666666665,0.7641136327499813,0.024691358024691357,0,Venus,4,5
QSSF_proxy,700,2311.174428571429,9584.954999999998,23892.01666666667,0.9118495212138507,0.02606310013717421,575,Venus,4,5
RF_SRPT_proxy,700,2435.499714285714,9663.433333333334,23894.733333333337,0.9117458502012998,0.02880658436213992,571,Venus,4,5
Backfill_FIFO,700,2972.447095238095,6466.066666666665,23965.249999999996,0.909063079180619,0.023319615912208505,655,Venus,4,5
Wind_proxy,700,2905.1564761904756,6467.49833333333,23390.066666666666,0.9314177795559936,0.01783264746227709,655,Venus,4,5
PredSched_LLM,700,2435.499714285714,9663.433333333334,23894.733333333337,0.9117458502012998,0.02880658436213992,571,Venus,4,5
FIFO,700,7498.425904761905,9962.158333333331,20005.266666666666,0.7894788226600326,0.03207810320781032,0,Venus,4,6
QSSF_proxy,700,2073.8251190476185,10305.973333333335,17908.266666666663,0.8819242347109718,0.0041841004184100415,601,Venus,4,6
RF_SRPT_proxy,700,2170.6988333333334,10708.181666666664,17968.583333333336,0.8789638048816684,0.005578800557880056,601,Venus,4,6
Backfill_FIFO,700,1938.572952380952,4916.730833333333,17983.53333333333,0.8782331081582039,0.015341701534170154,654,Venus,4,6
Wind_proxy,700,1942.3523809523804,4916.730833333333,17992.55,0.8777929962678997,0.016736401673640166,654,Venus,4,6
PredSched_LLM,700,2170.6988333333334,10708.181666666664,17968.583333333336,0.8789638048816684,0.005578800557880056,601,Venus,4,6
FIFO,700,10816.086166666664,13710.491666666667,20857.316666666662,0.8243233389721768,0.024725274725274724,0,Venus,4,7
QSSF_proxy,700,1193.4299999999996,4149.129999999998,18834.050000000003,0.9128770984820929,0.012362637362637362,575,Venus,4,7
RF_SRPT_proxy,700,1110.2036666666668,4174.4675,18791.500000000004,0.9149441458460829,0.017857142857142856,556,Venus,4,7
Backfill_FIFO,700,2221.9903571428567,5326.293333333325,18912.11666666666,0.909108864951658,0.012362637362637362,663,Venus,4,7
Wind_proxy,700,2222.2429523809524,5326.77666666666,18912.6,0.9090856316247723,0.008241758241758242,663,Venus,4,7
PredSched_LLM,700,1110.2036666666668,4174.4675,18791.500000000004,0.9149441458460829,0.017857142857142856,556,Venus,4,7
FIFO,700,7392.637571428572,10185.250000000004,18736.366666666672,0.754570601112631,0.018105849582172703,0,Venus,4,8
QSSF_proxy,700,1672.9165714285712,7415.5708333333305,16043.833333333332,0.88120533070858,0.02924791086350975,555,Venus,4,8
RF_SRPT_proxy,700,1782.5563095238092,7410.320833333332,16040.083333333328,0.881411347093999,0.02924791086350975,551,Venus,4,8
Backfill_FIFO,700,1931.6840238095235,5051.774999999997,15208.500000000002,0.9296059084284011,0.012534818941504178,635,Venus,4,8
Wind_proxy,700,1931.6840238095235,5051.774999999997,15208.500000000002,0.9296059084284011,0.012534818941504178,635,Venus,4,8
PredSched_LLM,700,1782.5563095238092,7410.320833333332,16040.083333333328,0.881411347093999,0.02924791086350975,551,Venus,4,8
FIFO,700,13630.399428571425,17217.399999999994,23456.983333333323,0.7490530316487131,0.026170798898071626,0,Venus,4,9
QSSF_proxy,700,1758.5626190476194,6573.7575000000015,19383.633333333335,0.9064618679590515,0.008264462809917356,622,Venus,4,9
RF_SRPT_proxy,700,1910.1788333333334,6883.213333333334,19320.366666666665,0.9094301770929124,0.012396694214876033,608,Venus,4,9
Backfill_FIFO,700,3606.9063571428574,8078.728333333335,19434.0,0.9041126108452544,0.0027548209366391185,660,Venus,4,9
Wind_proxy,700,3606.9063571428574,8078.728333333335,19434.0,0.9041126108452544,0.0027548209366391185,660,Venus,4,9
PredSched_LLM,700,1910.1788333333334,6883.213333333334,19320.366666666665,0.9094301770929124,0.012396694214876033,608,Venus,4,9
FIFO,700,16384.427666666666,20622.526666666676,29156.016666666663,0.8582996162598792,0.010973936899862825,0,Venus,4,10
QSSF_proxy,700,2899.7015000000006,13751.1375,26487.299999999996,0.9447772297163799,0.015089163237311385,603,Venus,4,10
RF_SRPT_proxy,700,2893.0172142857145,13662.587500000001,26405.299999999996,0.9477111760391541,0.01646090534979424,597,Venus,4,10
Backfill_FIFO,700,3112.859047619048,7463.866666666668,25865.3,0.9674969134967183,0.01783264746227709,658,Venus,4,10
Wind_proxy,700,3120.9848809523814,7467.270833333332,25879.083333333332,0.9669816196477851,0.02194787379972565,658,Venus,4,10
PredSched_LLM,700,2893.0172142857145,13662.587500000001,26405.299999999996,0.9477111760391541,0.01646090534979424,597,Venus,4,10
FIFO,700,12314.661333333333,15662.143333333335,27817.283333333336,0.6758864168379738,0.03314917127071823,0,Venus,4,11
QSSF_proxy,700,1690.9630952380946,6595.4358333333275,21964.816666666666,0.855974545276575,0.013812154696132596,588,Venus,4,11
RF_SRPT_proxy,700,1717.6904285714284,6764.4933333333265,22155.85,0.8485941166027631,0.015193370165745856,585,Venus,4,11
Backfill_FIFO,700,2116.2516666666656,5028.174166666661,21129.783333333333,0.8898020231316464,0.016574585635359115,647,Venus,4,11
Wind_proxy,700,2046.3604047619042,4957.46333333333,21171.949999999997,0.8880298677416743,0.019337016574585635,647,Venus,4,11
PredSched_LLM,700,1717.6904285714284,6764.4933333333265,22155.85,0.8485941166027631,0.015193370165745856,585,Venus,4,11
FIFO,700,19971.206642857145,25167.066666666677,36954.31666666667,0.7833396718651263,0.027285129604365622,0,Venus,4,12
QSSF_proxy,700,3397.297809523809,15307.554166666667,31244.91666666667,0.9264797407044882,0.01227830832196453,613,Venus,4,12
RF_SRPT_proxy,700,3466.3966904761896,15446.145833333332,31350.46666666667,0.9233604909124161,0.013642564802182811,606,Venus,4,12
Backfill_FIFO,700,3499.404452380953,8200.310833333333,30537.183333333338,0.9479519435595185,0.01227830832196453,651,Venus,4,12
Wind_proxy,700,3484.343904761905,8184.534999999998,30521.083333333336,0.9484519922021117,0.021828103683492497,651,Venus,4,12
PredSched_LLM,700,3466.3966904761896,15446.145833333332,31350.46666666667,0.9233604909124161,0.013642564802182811,606,Venus,4,12
FIFO,700,9165.051047619048,12102.453333333333,23848.10000000001,0.7128180546877945,0.02627939142461964,0,Venus,4,13
QSSF_proxy,700,2213.997595238095,10067.775833333339,19293.63333333333,0.8810863125832528,0.02074688796680498,602,Venus,4,13
RF_SRPT_proxy,700,2240.171285714286,9961.788333333336,19286.98333333333,0.8813901042067228,0.019363762102351315,602,Venus,4,13
Backfill_FIFO,700,2927.2153571428557,6325.283333333333,18804.999999999996,0.9039806567402291,0.016597510373443983,660,Venus,4,13
Wind_proxy,700,2927.2153571428557,6325.283333333333,18804.999999999996,0.9039806567402291,0.016597510373443983,660,Venus,4,13
PredSched_LLM,700,2240.171285714286,9961.788333333336,19286.98333333333,0.8813901042067228,0.019363762102351315,602,Venus,4,13
FIFO,700,12781.70795238095,17218.766666666663,27940.899999999994,0.7789165405075238,0.047879616963064295,0,Venus,4,14
QSSF_proxy,700,2130.8287380952384,9608.681666666665,23460.383333333335,0.9276757697195912,0.019151846785225718,580,Venus,4,14
RF_SRPT_proxy,700,2143.5649047619054,9633.937500000002,23468.649999999998,0.9273490024635705,0.019151846785225718,574,Venus,4,14
Backfill_FIFO,700,2448.7646428571425,5997.078333333332,24450.566666666677,0.8901073526584928,0.02051983584131327,662,Venus,4,14
Wind_proxy,700,2442.3360476190473,5978.691666666665,24450.566666666677,0.8901073526584932,0.015047879616963064,662,Venus,4,14
PredSched_LLM,700,2143.5649047619054,9633.937500000002,23468.649999999998,0.9273490024635705,0.019151846785225718,574,Venus,4,14
FIFO,700,12108.349738095241,15679.881666666666,22298.88333333334,0.7961786016190646,0.030428769017980636,0,Venus,4,15
QSSF_proxy,700,1842.7444047619042,8814.974166666665,18990.333333333332,0.9348911068789386,0.012448132780082987,615,Venus,4,15
RF_SRPT_proxy,700,1883.0134047619044,8803.496666666664,18949.949999999997,0.9368834086633477,0.0027662517289073307,604,Venus,4,15
Backfill_FIFO,700,2222.877380952381,5630.256666666669,18141.733333333334,0.9786216908711405,0.008298755186721992,663,Venus,4,15
Wind_proxy,700,2248.288976190476,5681.6333333333305,18200.01666666667,0.975487774278595,0.006915629322268326,663,Venus,4,15
PredSched_LLM,700,1883.0134047619044,8803.496666666664,18949.949999999997,0.9368834086633477,0.0027662517289073307,604,Venus,4,15
FIFO,700,17839.06085714286,22096.833333333343,29000.616666666676,0.8426659174488819,0.036834924965893585,0,Venus,4,16
QSSF_proxy,700,1796.0860714285718,6552.081666666662,25476.650000000012,0.959224672396096,0.010914051841746248,571,Venus,4,16
RF_SRPT_proxy,700,1959.6236428571433,6418.5749999999925,25471.93333333335,0.9594022931121573,0.009549795361527967,571,Venus,4,16
Backfill_FIFO,700,5064.140214285713,12087.94083333332,26220.50000000001,0.9320124044163913,0.008185538881309686,652,Venus,4,16
Wind_proxy,700,5064.140214285713,12087.94083333332,26220.50000000001,0.9320124044163913,0.008185538881309686,652,Venus,4,16
PredSched_LLM,700,1959.6236428571433,6418.5749999999925,25471.93333333335,0.9594022931121573,0.009549795361527967,571,Venus,4,16
FIFO,700,8088.0521666666655,11058.851666666667,23032.849999999995,0.6625535647998403,0.02789400278940028,0,Venus,4,17
QSSF_proxy,700,2260.373404761905,11379.60166666667,16696.200000000004,0.9140101864496114,0.02092050209205021,571,Venus,4,17
RF_SRPT_proxy,700,1892.7658333333336,9552.014999999998,17285.61666666667,0.8828436479462208,0.01813110181311018,570,Venus,4,17
Backfill_FIFO,700,3390.9682619047617,8257.341666666665,18322.016666666674,0.8329048680958518,0.012552301255230125,635,Venus,4,17
Wind_proxy,700,3390.9682619047617,8257.341666666665,18322.016666666674,0.8329048680958518,0.012552301255230125,635,Venus,4,17
PredSched_LLM,700,1892.7658333333336,9552.014999999998,17285.61666666667,0.8828436479462208,0.01813110181311018,570,Venus,4,17
FIFO,700,12702.478047619055,17191.249999999996,27419.350000000017,0.647260986158801,0.0205761316872428,0,Venus,4,18
QSSF_proxy,700,1654.2681190476192,6586.8775000000005,21451.850000000002,0.8273167825074916,0.023319615912208505,594,Venus,4,18
RF_SRPT_proxy,700,1648.6760000000002,6479.400833333335,21372.15,0.8304019726996741,0.0205761316872428,588,Venus,4,18
Backfill_FIFO,700,2049.4305952380946,5298.1766666666645,20871.766666666666,0.8503101727932311,0.01646090534979424,657,Venus,4,18
Wind_proxy,700,2046.15869047619,5298.1766666666645,20791.666666666664,0.853585996993988,0.01646090534979424,657,Venus,4,18
PredSched_LLM,700,1648.6760000000002,6479.400833333335,21372.15,0.8304019726996741,0.0205761316872428,588,Venus,4,18
FIFO,700,6642.918999999998,9647.299166666664,16453.266666666663,0.7212938210851754,0.03337969401947149,0,Venus,4,19
QSSF_proxy,700,779.2674761904763,3586.7666666666673,13122.050000000003,0.9044043867637548,0.04033379694019471,531,Venus,4,19
RF_SRPT_proxy,700,732.6262619047617,3472.0366666666646,13071.3,0.9079157836889467,0.04033379694019471,521,Venus,4,19
Backfill_FIFO,700,1542.545571428571,4435.174166666664,14733.98333333333,0.8054603643051945,0.011126564673157162,591,Venus,4,19
Wind_proxy,700,1590.6670952380955,4355.120833333333,13112.766666666668,0.9050446702068976,0.012517385257301807,612,Venus,4,19
PredSched_LLM,700,732.6262619047617,3472.0366666666646,13071.3,0.9079157836889467,0.04033379694019471,521,Venus,4,19
FIFO,700,10798.491261904765,13903.171666666665,27791.666666666682,0.7333163230884555,0.025,0,Venus,4,20
QSSF_proxy,700,2702.653928571429,12186.725833333336,22715.066666666666,0.8972055029187674,0.022222222222222223,577,Venus,4,20
RF_SRPT_proxy,700,2626.0661666666665,12130.009999999998,22568.74999999999,0.9030222237607307,0.0125,575,Venus,4,20
Backfill_FIFO,700,3110.0483333333327,8134.000833333338,21435.316666666662,0.9507712495888795,0.07777777777777778,654,Venus,4,20
Wind_proxy,700,3115.870547619047,8170.750833333334,21475.43333333333,0.948995184226007,0.03611111111111111,654,Venus,4,20
PredSched_LLM,700,2626.0661666666665,12130.009999999998,22568.74999999999,0.9030222237607307,0.0125,575,Venus,4,20
FIFO,700,10809.962666666672,13965.234166666676,24668.983333333337,0.7051418397191069,0.0458970792767733,0,Venus,4,21
QSSF_proxy,700,2028.6483095238098,9945.945000000003,20036.050000000007,0.868191699045803,0.02642559109874826,587,Venus,4,21
RF_SRPT_proxy,700,2089.7090952380954,10094.468333333332,20167.500000000007,0.8625329015329939,0.02920723226703755,586,Venus,4,21
Backfill_FIFO,700,2505.5495,5964.257499999998,20254.9,0.8588110675276931,0.01808066759388039,669,Venus,4,21
Wind_proxy,700,2501.5201666666667,5957.974166666665,20247.450000000004,0.8591270649719676,0.016689847009735744,669,Venus,4,21
PredSched_LLM,700,2089.7090952380954,10094.468333333332,20167.500000000007,0.8625329015329939,0.02920723226703755,586,Venus,4,21
FIFO,700,9063.377309523808,11942.8925,21554.316666666662,0.7639525657660227,0.032167832167832165,0,Venus,4,22
QSSF_proxy,700,2702.633261904762,12650.099166666665,17461.46666666667,0.9430178939245267,0.019580419580419582,598,Venus,4,22
RF_SRPT_proxy,700,2754.906142857143,12753.469166666666,17545.816666666666,0.9384844167508117,0.01818181818181818,597,Venus,4,22
Backfill_FIFO,700,3591.8532857142854,8204.014166666664,17649.716666666667,0.932959765406999,0.07272727272727272,658,Venus,4,22
Wind_proxy,700,3576.355380952381,8162.141666666666,17624.05,0.934318475085655,0.013986013986013986,658,Venus,4,22
PredSched_LLM,700,2754.906142857143,12753.469166666666,17545.816666666666,0.9384844167508117,0.01818181818181818,597,Venus,4,22
FIFO,700,10586.916285714293,14869.783333333344,29263.46666666668,0.7763441389946958,0.03729281767955801,0,Venus,4,23
QSSF_proxy,700,2050.6933333333327,9276.00999999998,24827.249999999996,0.9150639250554663,0.015193370165745856,554,Venus,4,23
RF_SRPT_proxy,700,2300.870738095238,11694.629166666635,24783.533333333326,0.9166780429478709,0.03314917127071823,555,Venus,4,23
Backfill_FIFO,700,2659.0110238095235,7974.144999999997,25627.51666666666,0.88648935941901,0.027624309392265192,652,Venus,4,23
Wind_proxy,700,2666.593833333333,7984.044999999995,25655.59999999999,0.8855189835097732,0.013812154696132596,652,Venus,4,23
PredSched_LLM,700,2300.870738095238,11694.629166666635,24783.533333333326,0.9166780429478709,0.03314917127071823,555,Venus,4,23
FIFO,700,13080.868999999995,16242.200833333327,30402.149999999994,0.7011195308829588,0.04022191400832178,0,Venus,4,24
QSSF_proxy,700,2630.512190476191,13362.154999999999,23391.33333333333,0.9112580647747031,0.005547850208044383,617,Venus,4,24
RF_SRPT_proxy,700,2680.7579761904763,13527.204166666668,23448.06666666666,0.9090532472826476,0.011095700416088766,616,Venus,4,24
Backfill_FIFO,700,2941.058976190476,6082.383333333333,22743.283333333326,0.9372235676540399,0.030513176144244106,650,Venus,4,24
Wind_proxy,700,2941.5175000000004,6081.879166666664,22743.283333333326,0.9372235676540399,0.019417475728155338,650,Venus,4,24
PredSched_LLM,700,2680.7579761904763,13527.204166666668,23448.06666666666,0.9090532472826476,0.011095700416088766,616,Venus,4,24
FIFO,700,10801.269976190475,14189.963333333337,25135.833333333332,0.7248925007459471,0.02920723226703755,0,Venus,4,25
QSSF_proxy,700,1970.1826666666668,9583.732499999995,19428.666666666664,0.9378295173798169,0.015299026425591099,567,Venus,4,25
RF_SRPT_proxy,700,2136.792595238095,10870.515833333326,21116.583333333325,0.862865776897305,0.016689847009735744,562,Venus,4,25
Backfill_FIFO,700,2768.7843095238086,5985.353333333333,20918.116666666665,0.8710524648888883,0.03894297635605007,655,Venus,4,25
Wind_proxy,700,2768.7843095238086,5985.353333333333,20918.116666666665,0.8710524648888883,0.03894297635605007,655,Venus,4,25
PredSched_LLM,700,2136.792595238095,10870.515833333326,21116.583333333325,0.862865776897305,0.016689847009735744,562,Venus,4,25
FIFO,700,10360.64559523809,14380.899999999994,24752.216666666664,0.6768252616095658,0.030555555555555555,0,Venus,4,26
QSSF_proxy,700,1732.160452380952,7578.529166666659,19849.683333333334,0.8439895609165886,0.030555555555555555,577,Venus,4,26
RF_SRPT_proxy,700,1771.864595238095,7749.7816666666595,19574.81666666667,0.85584073690771,0.030555555555555555,576,Venus,4,26
Backfill_FIFO,700,2482.5469523809516,5792.3575,19448.149999999998,0.8614148657241599,0.022222222222222223,643,Venus,4,26
Wind_proxy,700,2479.6990714285707,5792.3575,19448.149999999998,0.8614148657241599,0.009722222222222222,643,Venus,4,26
PredSched_LLM,700,1771.864595238095,7749.7816666666595,19574.81666666667,0.85584073690771,0.030555555555555555,576,Venus,4,26
FIFO,700,12590.513952380945,16101.831666666658,24714.266666666663,0.7988678182507274,0.0443213296398892,0,Venus,4,27
QSSF_proxy,700,2077.591571428571,9385.117499999997,21412.666666666668,0.9220445355552788,0.029085872576177285,600,Venus,4,27
RF_SRPT_proxy,700,2373.2012142857147,10810.470833333333,21150.500000000004,0.9334735486946724,0.07063711911357341,596,Venus,4,27
Backfill_FIFO,700,2729.532238095239,6727.362499999999,21414.28333333333,0.9219749260034388,0.008310249307479225,659,Venus,4,27
Wind_proxy,700,2729.532238095239,6727.362499999999,21414.28333333333,0.9219749260034388,0.008310249307479225,659,Venus,4,27
PredSched_LLM,700,2373.2012142857147,10810.470833333333,21150.500000000004,0.9334735486946724,0.07063711911357341,596,Venus,4,27
FIFO,700,12645.810642857146,16716.86416666668,31106.28333333334,0.776475961180404,0.02094972067039106,0,Venus,4,28
QSSF_proxy,700,3395.1937380952386,16609.943333333325,25318.800000000014,0.953966272098203,0.013966480446927373,592,Venus,4,28
RF_SRPT_proxy,700,3618.1701428571423,16548.684166666662,25366.216666666667,0.9521830380696632,0.004189944134078212,593,Venus,4,28
Backfill_FIFO,700,4067.6204285714284,8920.72833333332,27042.916666666664,0.8931463106481979,0.029329608938547486,654,Venus,4,28
Wind_proxy,700,4067.6374761904763,8920.72833333332,27042.916666666664,0.8931463106481979,0.029329608938547486,654,Venus,4,28
PredSched_LLM,700,3618.1701428571423,16548.684166666662,25366.216666666667,0.9521830380696632,0.004189944134078212,593,Venus,4,28
FIFO,700,12126.433571428573,15979.650000000007,22345.150000000005,0.7820302075245258,0.028011204481792718,0,Venus,4,29
QSSF_proxy,700,2170.3559761904767,8646.097500000003,18733.16666666667,0.9328151829642614,0.004201680672268907,604,Venus,4,29
RF_SRPT_proxy,700,2203.477928571429,8470.16,18557.333333333336,0.941653737516166,0.008403361344537815,599,Venus,4,29
Backfill_FIFO,700,4804.766023809524,11434.873333333335,18319.35,0.9538865894077392,0.01680672268907563,634,Venus,4,29
Wind_proxy,700,5193.119404761905,12691.806666666667,19804.38333333334,0.8823593240721964,0.0196078431372549,580,Venus,4,29
PredSched_LLM,700,2203.477928571429,8470.16,18557.333333333336,0.941653737516166,0.008403361344537815,599,Venus,4,29
FIFO,700,7171.793380952379,10671.669166666663,18084.916666666657,0.7917174878697257,0.05277777777777778,0,Venus,4,30
QSSF_proxy,700,1292.267214285714,5707.2975000000015,15540.633333333331,0.9213359896314834,0.030555555555555555,567,Venus,4,30
RF_SRPT_proxy,700,1302.681595238095,5713.897500000002,15473.333333333332,0.9253432652951317,0.027777777777777776,568,Venus,4,30
Backfill_FIFO,700,1402.4817142857141,4547.959999999999,16007.633333333333,0.8944573187999891,0.008333333333333333,649,Venus,4,30
Wind_proxy,700,1402.4817142857141,4547.959999999999,16007.633333333333,0.8944573187999891,0.008333333333333333,649,Venus,4,30
PredSched_LLM,700,1302.681595238095,5713.897500000002,15473.333333333332,0.9253432652951317,0.027777777777777776,568,Venus,4,30
FIFO,700,12867.395523809524,15923.56666666667,26969.316666666673,0.7085978571945029,0.012448132780082987,0,Venus,4,31
QSSF_proxy,700,1986.2829523809523,10315.095833333333,20860.73333333333,0.9160943527073194,0.009681881051175657,603,Venus,4,31
RF_SRPT_proxy,700,2011.8502857142857,10333.359166666665,20849.599999999995,0.9165835315785438,0.009681881051175657,602,Venus,4,31
Backfill_FIFO,700,2386.6814047619046,4854.77,21333.81666666666,0.8957797049910592,0.006915629322268326,656,Venus,4,31
Wind_proxy,700,2461.159714285714,4909.209166666663,22466.249999999993,0.8506270516886443,0.009681881051175657,656,Venus,4,31
PredSched_LLM,700,2011.8502857142857,10333.359166666665,20849.599999999995,0.9165835315785438,0.009681881051175657,602,Venus,4,31
FIFO,700,10768.018000000002,14487.33583333334,27025.81666666667,0.7079289039369141,0.04583333333333333,0,Venus,4,32
QSSF_proxy,700,2036.8123571428566,9989.987500000001,20773.86666666666,0.9209819759521575,0.0125,591,Venus,4,32
RF_SRPT_proxy,700,2095.3026666666665,9989.987500000001,20772.433333333327,0.9210455252794971,0.06527777777777778,592,Venus,4,32
Backfill_FIFO,700,2339.218166666666,5296.207499999999,20838.183333333323,0.9181393821518348,0.008333333333333333,650,Venus,4,32
Wind_proxy,700,2341.7546428571422,5296.207499999999,20906.599999999995,0.9151347790091802,0.006944444444444444,650,Venus,4,32
PredSched_LLM,700,2095.3026666666665,9989.987500000001,20772.433333333327,0.9210455252794971,0.06527777777777778,592,Venus,4,32
FIFO,700,7551.595261904762,9740.769166666667,22417.65,0.7402986829945755,0.030555555555555555,0,Venus,4,33
QSSF_proxy,700,1689.1091666666664,8732.7158333333,18665.266666666663,0.8891250828187114,0.022222222222222223,573,Venus,4,33
RF_SRPT_proxy,700,1681.8949999999998,8524.523333333302,18566.96666666667,0.8938324212445402,0.020833333333333332,573,Venus,4,33
Backfill_FIFO,700,1738.1637857142855,4161.207499999999,18309.033333333333,0.9064245210925025,0.011111111111111112,652,Venus,4,33
Wind_proxy,700,1757.2488809523811,4216.763333333333,18438.749999999996,0.9000478216166138,0.015277777777777777,652,Venus,4,33
PredSched_LLM,700,1681.8949999999998,8524.523333333302,18566.96666666667,0.8938324212445402,0.020833333333333332,573,Venus,4,33
FIFO,700,13664.108809523808,17456.984999999993,28696.933333333334,0.6998271193031078,0.03185595567867036,0,Venus,4,34
QSSF_proxy,700,2113.695238095238,10514.019166666661,22367.449999999997,0.8978623932321295,0.015235457063711912,611,Venus,4,34
RF_SRPT_proxy,700,1958.2562380952381,10161.019999999997,22104.666666666668,0.9085363054935609,0.01662049861495845,603,Venus,4,34
Backfill_FIFO,700,2165.009833333333,5221.965833333334,22289.98333333333,0.9009828265536315,0.023545706371191136,664,Venus,4,34
Wind_proxy,700,2140.417595238095,4843.01,22053.016666666663,0.9106641731176613,0.019390581717451522,664,Venus,4,34
PredSched_LLM,700,1958.2562380952381,10161.019999999997,22104.666666666668,0.9085363054935609,0.01662049861495845,603,Venus,4,34
FIFO,700,10870.273547619048,14683.82333333334,25174.200000000008,0.645363916728237,0.0221606648199446,0,Venus,4,35
QSSF_proxy,700,1748.3444761904764,7933.097499999994,19477.883333333335,0.8341009150977221,0.018005540166204988,603,Venus,4,35
RF_SRPT_proxy,700,1797.864357142857,7850.797499999997,19393.166666666668,0.8377445824989903,0.02631578947368421,604,Venus,4,35
Backfill_FIFO,700,2858.9308095238093,7098.8575,19354.400000000005,0.8394225763908979,0.013850415512465374,656,Venus,4,35
Wind_proxy,700,2858.4286428571427,7098.8575,19354.400000000005,0.8394225763908979,0.02631578947368421,656,Venus,4,35
PredSched_LLM,700,1797.864357142857,7850.797499999997,19393.166666666668,0.8377445824989903,0.02631578947368421,604,Venus,4,35
FIFO,700,12761.5675,16483.683333333334,28122.083333333336,0.7335279954958293,0.023480662983425413,0,Venus,4,36
QSSF_proxy,700,2470.228476190476,11314.248333333333,23119.433333333338,0.8922509094081024,0.008287292817679558,621,Venus,4,36
RF_SRPT_proxy,700,2362.237119047619,11471.735,22691.16666666667,0.9090910009034352,0.017955801104972375,612,Venus,4,36
Backfill_FIFO,700,2793.5668333333333,6317.500833333332,24010.18333333333,0.8591494338166232,0.020718232044198894,669,Venus,4,36
Wind_proxy,700,2796.0871190476196,6317.500833333332,24017.03333333333,0.8589043921605638,0.019337016574585635,669,Venus,4,36
PredSched_LLM,700,2362.237119047619,11471.735,22691.16666666667,0.9090910009034352,0.017955801104972375,612,Venus,4,36
FIFO,700,12887.396476190479,17318.24916666667,27798.516666666685,0.7045484591204195,0.023448275862068966,0,Venus,4,37
QSSF_proxy,700,1708.364523809524,7031.358333333333,22254.933333333334,0.8800476635891965,0.03586206896551724,583,Venus,4,37
RF_SRPT_proxy,700,1760.7290714285716,7155.62583333333,22249.983333333334,0.8802434496205617,0.013793103448275862,582,Venus,4,37
Backfill_FIFO,700,2453.7028571428573,6453.665,22175.56666666667,0.8831973666212212,0.013793103448275862,660,Venus,4,37
Wind_proxy,700,2453.7028571428573,6453.665,22175.56666666667,0.8831973666212212,0.013793103448275862,660,Venus,4,37
PredSched_LLM,700,1760.7290714285716,7155.62583333333,22249.983333333334,0.8802434496205617,0.013793103448275862,582,Venus,4,37
FIFO,700,12689.18454761905,17090.93333333334,27314.483333333348,0.7145543855244075,0.025956284153005466,0,Venus,4,38
QSSF_proxy,700,1784.0222857142849,7861.879166666667,22168.450000000004,0.8804261846979224,0.02459016393442623,600,Venus,4,38
RF_SRPT_proxy,700,1832.3459761904758,7821.4074999999975,22378.76666666667,0.8721518993823013,0.015027322404371584,593,Venus,4,38
Backfill_FIFO,700,2113.612904761904,5726.515833333332,22767.133333333328,0.8572745443358408,0.004098360655737705,657,Venus,4,38
Wind_proxy,700,2113.612904761904,5726.515833333332,22767.133333333328,0.8572745443358408,0.004098360655737705,657,Venus,4,38
PredSched_LLM,700,1832.3459761904758,7821.4074999999975,22378.76666666667,0.8721518993823013,0.015027322404371584,593,Venus,4,38
FIFO,700,7414.523214285711,9740.23333333333,20296.683333333323,0.7039804994822637,0.02086230876216968,0,Venus,4,39
QSSF_proxy,700,1688.2971428571425,7198.195833333332,15871.716666666664,0.9002472492998552,0.012517385257301807,567,Venus,4,39
RF_SRPT_proxy,700,1823.5148095238098,6661.006666666664,15904.4,0.8983972530138413,0.02086230876216968,563,Venus,4,39
Backfill_FIFO,700,2507.513333333333,5400.7733333333335,16343.816666666666,0.8742431197221382,0.004172461752433936,642,Venus,4,39
Wind_proxy,700,2507.513333333333,5400.7733333333335,16343.816666666666,0.8742431197221382,0.004172461752433936,642,Venus,4,39
PredSched_LLM,700,1823.5148095238098,6661.006666666664,15904.4,0.8983972530138413,0.02086230876216968,563,Venus,4,39
FIFO,700,216.4482619047619,883.1616666666652,14609.2,0.057325205761130656,0.02627939142461964,0,Venus,121,0
QSSF_proxy,700,216.4482619047619,883.1616666666652,14609.2,0.057325205761130656,0.02627939142461964,0,Venus,121,0
RF_SRPT_proxy,700,216.4482619047619,883.1616666666652,14609.2,0.057325205761130656,0.02627939142461964,0,Venus,121,0
Backfill_FIFO,700,216.4482619047619,883.1616666666652,14609.2,0.057325205761130656,0.02627939142461964,0,Venus,121,0
Wind_proxy,700,216.4482619047619,883.1616666666652,14609.2,0.057325205761130656,0.04149377593360996,0,Venus,121,0
PredSched_LLM,700,216.4482619047619,883.1616666666652,14609.2,0.057325205761130656,0.022130013831258646,0,Venus,121,0
FIFO,700,181.09638095238097,865.0833333333335,14609.2,0.04471473370227708,0.04401650618982118,0,Venus,121,1
QSSF_proxy,700,181.09638095238097,865.0833333333335,14609.2,0.04471473370227708,0.04401650618982118,0,Venus,121,1
RF_SRPT_proxy,700,181.09638095238097,865.0833333333335,14609.2,0.04471473370227708,0.04401650618982118,0,Venus,121,1
Backfill_FIFO,700,181.09638095238097,865.0833333333335,14609.2,0.04471473370227708,0.04401650618982118,0,Venus,121,1
Wind_proxy,700,181.09638095238097,865.0833333333335,14609.2,0.04471473370227708,0.048143053645116916,0,Venus,121,1
PredSched_LLM,700,181.09638095238097,865.0833333333335,14609.2,0.04471473370227708,0.0343878954607978,0,Venus,121,1
FIFO,700,147.66147619047618,852.2333333333331,10590.633333333333,0.045262416963958364,0.02912621359223301,0,Venus,121,2
QSSF_proxy,700,147.66147619047618,852.2333333333331,10590.633333333333,0.045262416963958364,0.02912621359223301,0,Venus,121,2
RF_SRPT_proxy,700,147.66147619047618,852.2333333333331,10590.633333333333,0.045262416963958364,0.02912621359223301,0,Venus,121,2
Backfill_FIFO,700,147.66147619047618,852.2333333333331,10590.633333333333,0.045262416963958364,0.02912621359223301,0,Venus,121,2
Wind_proxy,700,147.66147619047618,852.2333333333331,10590.633333333333,0.045262416963958364,0.0319001386962552,0,Venus,121,2
PredSched_LLM,700,147.66147619047618,852.2333333333331,10590.633333333333,0.045262416963958364,0.02912621359223301,0,Venus,121,2
FIFO,700,177.14664285714287,865.0675,14609.2,0.040939844860957385,0.018055555555555554,0,Venus,121,3
QSSF_proxy,700,177.14664285714287,865.0675,14609.2,0.040939844860957385,0.018055555555555554,0,Venus,121,3
RF_SRPT_proxy,700,177.14664285714287,865.0675,14609.2,0.040939844860957385,0.018055555555555554,0,Venus,121,3
Backfill_FIFO,700,177.14664285714287,865.0675,14609.2,0.040939844860957385,0.018055555555555554,0,Venus,121,3
Wind_proxy,700,177.14664285714287,865.0675,14609.2,0.040939844860957385,0.027777777777777776,0,Venus,121,3
PredSched_LLM,700,177.14664285714287,865.0675,14609.2,0.040939844860957385,0.02638888888888889,0,Venus,121,3
FIFO,700,176.03695238095239,865.0675,10590.633333333333,0.05421930578814133,0.013966480446927373,0,Venus,121,4
QSSF_proxy,700,176.03695238095239,865.0675,10590.633333333333,0.05421930578814133,0.013966480446927373,0,Venus,121,4
RF_SRPT_proxy,700,176.03695238095239,865.0675,10590.633333333333,0.05421930578814133,0.013966480446927373,0,Venus,121,4
Backfill_FIFO,700,176.03695238095239,865.0675,10590.633333333333,0.05421930578814133,0.013966480446927373,0,Venus,121,4
Wind_proxy,700,176.03695238095239,865.0675,10590.633333333333,0.05421930578814133,0.02653631284916201,0,Venus,121,4
PredSched_LLM,700,176.03695238095239,865.0675,10590.633333333333,0.05421930578814133,0.013966480446927373,0,Venus,121,4
FIFO,700,183.78007142857143,865.0666666666666,14609.2,0.04498792328604735,0.029166666666666667,0,Venus,121,5
QSSF_proxy,700,183.78007142857143,865.0666666666666,14609.2,0.04498792328604735,0.029166666666666667,0,Venus,121,5
RF_SRPT_proxy,700,183.78007142857143,865.0666666666666,14609.2,0.04498792328604735,0.029166666666666667,0,Venus,121,5
Backfill_FIFO,700,183.78007142857143,865.0666666666666,14609.2,0.04498792328604735,0.029166666666666667,0,Venus,121,5
Wind_proxy,700,183.78007142857143,865.0666666666666,14609.2,0.04498792328604735,0.020833333333333332,0,Venus,121,5
PredSched_LLM,700,183.78007142857143,865.0666666666666,14609.2,0.04498792328604735,0.029166666666666667,0,Venus,121,5
FIFO,700,179.23188095238098,878.0833333333335,14609.2,0.048771960010255126,0.04,0,Venus,121,6
QSSF_proxy,700,179.23188095238098,878.0833333333335,14609.2,0.048771960010255126,0.04,0,Venus,121,6
RF_SRPT_proxy,700,179.23188095238098,878.0833333333335,14609.2,0.048771960010255126,0.04,0,Venus,121,6
Backfill_FIFO,700,179.23188095238098,878.0833333333335,14609.2,0.048771960010255126,0.04,0,Venus,121,6
Wind_proxy,700,179.23188095238098,878.0833333333335,14609.2,0.048771960010255126,0.044137931034482755,0,Venus,121,6
PredSched_LLM,700,179.23188095238098,878.0833333333335,14609.2,0.048771960010255126,0.04,0,Venus,121,6
FIFO,700,165.89278571428574,865.0675,10590.633333333333,0.058422996655472785,0.02920723226703755,0,Venus,121,7
QSSF_proxy,700,165.89278571428574,865.0675,10590.633333333333,0.058422996655472785,0.02920723226703755,0,Venus,121,7
RF_SRPT_proxy,700,165.89278571428574,865.0675,10590.633333333333,0.058422996655472785,0.02920723226703755,0,Venus,121,7
Backfill_FIFO,700,165.89278571428574,865.0675,10590.633333333333,0.058422996655472785,0.02920723226703755,0,Venus,121,7
Wind_proxy,700,165.89278571428574,865.0675,10590.633333333333,0.058422996655472785,0.043115438108484005,0,Venus,121,7
PredSched_LLM,700,165.89278571428574,865.0675,10590.633333333333,0.058422996655472785,0.02920723226703755,0,Venus,121,7
FIFO,700,173.5194285714286,864.3666666666668,14609.2,0.03762969486980882,0.0221606648199446,0,Venus,121,8
QSSF_proxy,700,173.5194285714286,864.3666666666668,14609.2,0.03762969486980882,0.0221606648199446,0,Venus,121,8
RF_SRPT_proxy,700,173.5194285714286,864.3666666666668,14609.2,0.03762969486980882,0.0221606648199446,0,Venus,121,8
Backfill_FIFO,700,173.5194285714286,864.3666666666668,14609.2,0.03762969486980882,0.0221606648199446,0,Venus,121,8
Wind_proxy,700,173.5194285714286,864.3666666666668,14609.2,0.03762969486980882,0.04016620498614958,0,Venus,121,8
PredSched_LLM,700,173.5194285714286,864.3666666666668,14609.2,0.03762969486980882,0.0221606648199446,0,Venus,121,8
FIFO,700,179.61911904761905,867.5,14609.2,0.04654265324261883,0.028965517241379312,0,Venus,121,9
QSSF_proxy,700,179.61911904761908,867.5,14609.2,0.04654265324261883,0.028965517241379312,0,Venus,121,9
RF_SRPT_proxy,700,179.61911904761905,867.5,14609.2,0.04654265324261883,0.028965517241379312,0,Venus,121,9
Backfill_FIFO,700,179.61911904761905,867.5,14609.2,0.04654265324261883,0.028965517241379312,0,Venus,121,9
Wind_proxy,700,179.61911904761905,867.5,14609.2,0.04654265324261883,0.04689655172413793,0,Venus,121,9
PredSched_LLM,700,179.61911904761905,867.5,14609.2,0.04654265324261883,0.028965517241379312,0,Venus,121,9
FIFO,700,146.96838095238095,858.8383333333335,10590.633333333333,0.06057989050514758,0.03146374829001368,0,Venus,121,10
QSSF_proxy,700,146.96838095238098,858.8383333333335,10590.633333333333,0.06057989050514758,0.03146374829001368,0,Venus,121,10
RF_SRPT_proxy,700,146.96838095238098,858.8383333333335,10590.633333333333,0.06057989050514758,0.03146374829001368,0,Venus,121,10
Backfill_FIFO,700,146.96838095238095,858.8383333333335,10590.633333333333,0.06057989050514758,0.03146374829001368,0,Venus,121,10
Wind_proxy,700,146.96838095238095,858.8383333333335,10590.633333333333,0.06057989050514758,0.02188782489740082,0,Venus,121,10
PredSched_LLM,700,146.96838095238098,858.8383333333335,10590.633333333333,0.06057989050514758,0.036935704514363885,0,Venus,121,10
FIFO,700,150.0311428571429,834.1250000000001,14609.2,0.041223776901894146,0.013812154696132596,0,Venus,121,11
QSSF_proxy,700,150.0311428571429,834.1250000000001,14609.2,0.041223776901894146,0.013812154696132596,0,Venus,121,11
RF_SRPT_proxy,700,150.0311428571429,834.1250000000001,14609.2,0.041223776901894146,0.013812154696132596,0,Venus,121,11
Backfill_FIFO,700,150.0311428571429,834.1250000000001,14609.2,0.041223776901894146,0.013812154696132596,0,Venus,121,11
Wind_proxy,700,150.0311428571429,834.1250000000001,14609.2,0.041223776901894146,0.03314917127071823,0,Venus,121,11
PredSched_LLM,700,150.0311428571429,834.1250000000001,14609.2,0.041223776901894146,0.013812154696132596,0,Venus,121,11
FIFO,700,168.2072142857143,852.5241666666661,10590.633333333333,0.05645308907639918,0.0221606648199446,0,Venus,121,12
QSSF_proxy,700,168.2072142857143,852.5241666666661,10590.633333333333,0.05645308907639918,0.02077562326869806,0,Venus,121,12
RF_SRPT_proxy,700,168.2072142857143,852.5241666666661,10590.633333333333,0.05645308907639918,0.02077562326869806,0,Venus,121,12
Backfill_FIFO,700,168.2072142857143,852.5241666666661,10590.633333333333,0.05645308907639918,0.0221606648199446,0,Venus,121,12
Wind_proxy,700,168.2072142857143,852.5241666666661,10590.633333333333,0.05645308907639918,0.019390581717451522,0,Venus,121,12
PredSched_LLM,700,168.2072142857143,852.5241666666661,10590.633333333333,0.05645308907639918,0.02077562326869806,0,Venus,121,12
FIFO,700,180.76209523809524,865.0666666666666,14609.2,0.0418727297410764,0.023709902370990237,0,Venus,121,13
QSSF_proxy,700,180.76209523809524,865.0666666666666,14609.2,0.0418727297410764,0.023709902370990237,0,Venus,121,13
RF_SRPT_proxy,700,180.76209523809524,865.0666666666666,14609.2,0.0418727297410764,0.023709902370990237,0,Venus,121,13
Backfill_FIFO,700,180.76209523809524,865.0666666666666,14609.2,0.0418727297410764,0.023709902370990237,0,Venus,121,13
Wind_proxy,700,180.76209523809524,865.0666666666666,14609.2,0.0418727297410764,0.03626220362622036,0,Venus,121,13
PredSched_LLM,700,180.76209523809524,865.0666666666666,14609.2,0.0418727297410764,0.023709902370990237,0,Venus,121,13
FIFO,700,167.9987857142857,861.4666666666667,14609.2,0.04200629448826878,0.028767123287671233,0,Venus,121,14
QSSF_proxy,700,167.9987857142857,861.4666666666667,14609.2,0.04200629448826878,0.028767123287671233,0,Venus,121,14
RF_SRPT_proxy,700,167.9987857142857,861.4666666666667,14609.2,0.04200629448826878,0.028767123287671233,0,Venus,121,14
Backfill_FIFO,700,167.9987857142857,861.4666666666667,14609.2,0.04200629448826878,0.028767123287671233,0,Venus,121,14
Wind_proxy,700,167.9987857142857,861.4666666666667,14609.2,0.04200629448826878,0.05342465753424658,0,Venus,121,14
PredSched_LLM,700,167.9987857142857,861.4666666666667,14609.2,0.04200629448826878,0.03287671232876712,0,Venus,121,14
FIFO,700,137.40573809523812,858.0499999999997,10590.633333333333,0.04777751691492864,0.03591160220994475,0,Venus,121,15
QSSF_proxy,700,137.40573809523812,858.0499999999997,10590.633333333333,0.04777751691492864,0.016574585635359115,0,Venus,121,15
RF_SRPT_proxy,700,137.40573809523812,858.0499999999997,10590.633333333333,0.04777751691492864,0.016574585635359115,0,Venus,121,15
Backfill_FIFO,700,137.40573809523812,858.0499999999997,10590.633333333333,0.04777751691492864,0.03591160220994475,0,Venus,121,15
Wind_proxy,700,137.40573809523812,858.0499999999997,10590.633333333333,0.04777751691492864,0.023480662983425413,0,Venus,121,15
PredSched_LLM,700,137.40573809523812,858.0499999999997,10590.633333333333,0.04777751691492864,0.016574585635359115,0,Venus,121,15
FIFO,700,167.04016666666666,861.6116666666666,14609.2,0.044477098528577286,0.037241379310344824,0,Venus,121,16
QSSF_proxy,700,167.0401666666667,861.6116666666666,14609.2,0.044477098528577286,0.037241379310344824,0,Venus,121,16
RF_SRPT_proxy,700,167.0401666666667,861.6116666666666,14609.2,0.044477098528577286,0.037241379310344824,0,Venus,121,16
Backfill_FIFO,700,167.04016666666666,861.6116666666666,14609.2,0.044477098528577286,0.037241379310344824,0,Venus,121,16
Wind_proxy,700,167.04016666666666,861.6116666666666,14609.2,0.044477098528577286,0.04275862068965517,0,Venus,121,16
PredSched_LLM,700,167.0401666666667,861.6116666666666,14609.2,0.044477098528577286,0.037241379310344824,0,Venus,121,16
FIFO,700,145.40785714285715,864.4016666666668,10417.066666666666,0.056174168531763005,0.019310344827586208,0,Venus,121,17
QSSF_proxy,700,145.40785714285715,864.4016666666668,10417.066666666666,0.056174168531763005,0.019310344827586208,0,Venus,121,17
RF_SRPT_proxy,700,145.40785714285715,864.4016666666668,10417.066666666666,0.056174168531763005,0.019310344827586208,0,Venus,121,17
Backfill_FIFO,700,145.40785714285715,864.4016666666668,10417.066666666666,0.056174168531763005,0.019310344827586208,0,Venus,121,17
Wind_proxy,700,145.40785714285715,864.4016666666668,10417.066666666666,0.056174168531763005,0.022068965517241378,0,Venus,121,17
PredSched_LLM,700,145.40785714285715,864.4016666666668,10417.066666666666,0.056174168531763005,0.019310344827586208,0,Venus,121,17
FIFO,700,191.0666190476191,917.3941666666666,10590.633333333333,0.08950380005992603,0.035326086956521736,0,Venus,121,18
QSSF_proxy,700,191.0666190476191,917.3941666666666,10590.633333333333,0.08950380005992603,0.035326086956521736,0,Venus,121,18
RF_SRPT_proxy,700,191.0666190476191,917.3941666666666,10590.633333333333,0.08950380005992603,0.035326086956521736,0,Venus,121,18
Backfill_FIFO,700,191.0666190476191,917.3941666666666,10590.633333333333,0.08950380005992603,0.035326086956521736,0,Venus,121,18
Wind_proxy,700,191.0666190476191,917.3941666666666,10590.633333333333,0.08950380005992603,0.02309782608695652,0,Venus,121,18
PredSched_LLM,700,191.0666190476191,917.3941666666666,10590.633333333333,0.08950380005992603,0.035326086956521736,0,Venus,121,18
FIFO,700,137.35323809523808,847.9908333333331,10417.066666666666,0.04097429105003362,0.012379642365887207,0,Venus,121,19
QSSF_proxy,700,137.3532380952381,847.9908333333331,10417.066666666666,0.04097429105003362,0.011004126547455296,0,Venus,121,19
RF_SRPT_proxy,700,137.3532380952381,847.9908333333331,10417.066666666666,0.04097429105003362,0.011004126547455296,0,Venus,121,19
Backfill_FIFO,700,137.35323809523808,847.9908333333331,10417.066666666666,0.04097429105003362,0.012379642365887207,0,Venus,121,19
Wind_proxy,700,137.35323809523808,847.9908333333331,10417.066666666666,0.04097429105003362,0.015130674002751032,0,Venus,121,19
PredSched_LLM,700,137.3532380952381,847.9908333333331,10417.066666666666,0.04097429105003362,0.009628610729023384,0,Venus,121,19
FIFO,700,155.95933333333332,835.1808333333324,14609.2,0.038229400938266794,0.02653631284916201,0,Venus,121,20
QSSF_proxy,700,155.95933333333332,835.1808333333324,14609.2,0.038229400938266794,0.02653631284916201,0,Venus,121,20
RF_SRPT_proxy,700,155.95933333333332,835.1808333333324,14609.2,0.038229400938266794,0.02653631284916201,0,Venus,121,20
Backfill_FIFO,700,155.95933333333332,835.1808333333324,14609.2,0.038229400938266794,0.02653631284916201,0,Venus,121,20
Wind_proxy,700,155.95933333333332,835.1808333333324,14609.2,0.038229400938266794,0.036312849162011177,0,Venus,121,20
PredSched_LLM,700,155.95933333333332,835.1808333333324,14609.2,0.038229400938266794,0.02653631284916201,0,Venus,121,20
FIFO,700,165.31054761904764,865.0666666666666,14609.2,0.0485214951724069,0.017881705639614855,0,Venus,121,21
QSSF_proxy,700,165.31054761904764,865.0666666666666,14609.2,0.0485214951724069,0.017881705639614855,0,Venus,121,21
RF_SRPT_proxy,700,165.31054761904764,865.0666666666666,14609.2,0.0485214951724069,0.017881705639614855,0,Venus,121,21
Backfill_FIFO,700,165.31054761904764,865.0666666666666,14609.2,0.0485214951724069,0.017881705639614855,0,Venus,121,21
Wind_proxy,700,165.31054761904764,865.0666666666666,14609.2,0.0485214951724069,0.039889958734525444,0,Venus,121,21
PredSched_LLM,700,165.31054761904764,865.0666666666666,14609.2,0.0485214951724069,0.02063273727647868,0,Venus,121,21
FIFO,700,196.21633333333335,866.0949999999992,14609.2,0.04385991224896285,0.036061026352288486,0,Venus,121,22
QSSF_proxy,700,196.21633333333335,866.0949999999992,14609.2,0.04385991224896285,0.036061026352288486,0,Venus,121,22
RF_SRPT_proxy,700,196.21633333333335,866.0949999999992,14609.2,0.04385991224896285,0.036061026352288486,0,Venus,121,22
Backfill_FIFO,700,196.21633333333335,866.0949999999992,14609.2,0.04385991224896285,0.036061026352288486,0,Venus,121,22
Wind_proxy,700,196.21633333333335,866.0949999999992,14609.2,0.04385991224896285,0.038834951456310676,0,Venus,121,22
PredSched_LLM,700,196.21633333333335,866.0949999999992,14609.2,0.04385991224896285,0.036061026352288486,0,Venus,121,22
FIFO,700,175.1880238095238,878.2475,14609.2,0.051330449136205956,0.034578146611341634,0,Venus,121,23
QSSF_proxy,700,175.1880238095238,878.2475,14609.2,0.051330449136205956,0.034578146611341634,0,Venus,121,23
RF_SRPT_proxy,700,175.1880238095238,878.2475,14609.2,0.051330449136205956,0.034578146611341634,0,Venus,121,23
Backfill_FIFO,700,175.1880238095238,878.2475,14609.2,0.051330449136205956,0.034578146611341634,0,Venus,121,23
Wind_proxy,700,175.1880238095238,878.2475,14609.2,0.051330449136205956,0.030428769017980636,0,Venus,121,23
PredSched_LLM,700,175.1880238095238,878.2475,14609.2,0.051330449136205956,0.034578146611341634,0,Venus,121,23
FIFO,700,180.11800000000002,865.0666666666666,14609.2,0.038292208072365296,0.03319502074688797,0,Venus,121,24
QSSF_proxy,700,180.118,865.0666666666666,14609.2,0.038292208072365296,0.034578146611341634,0,Venus,121,24
RF_SRPT_proxy,700,180.118,865.0666666666666,14609.2,0.038292208072365296,0.034578146611341634,0,Venus,121,24
Backfill_FIFO,700,180.11800000000002,865.0666666666666,14609.2,0.038292208072365296,0.03319502074688797,0,Venus,121,24
Wind_proxy,700,180.11800000000002,865.0666666666666,14609.2,0.038292208072365296,0.024896265560165973,0,Venus,121,24
PredSched_LLM,700,180.118,865.0666666666666,14609.2,0.038292208072365296,0.034578146611341634,0,Venus,121,24
FIFO,700,163.02459523809526,858.7000000000003,10590.633333333333,0.07206395853875658,0.012328767123287671,0,Venus,121,25
QSSF_proxy,700,163.02459523809526,858.7000000000003,10590.633333333333,0.07206395853875658,0.012328767123287671,0,Venus,121,25
RF_SRPT_proxy,700,163.02459523809526,858.7000000000003,10590.633333333333,0.07206395853875658,0.012328767123287671,0,Venus,121,25
Backfill_FIFO,700,163.02459523809526,858.7000000000003,10590.633333333333,0.07206395853875658,0.012328767123287671,0,Venus,121,25
Wind_proxy,700,163.02459523809526,858.7000000000003,10590.633333333333,0.07206395853875658,0.023287671232876714,0,Venus,121,25
PredSched_LLM,700,163.02459523809526,858.7000000000003,10590.633333333333,0.07206395853875658,0.012328767123287671,0,Venus,121,25
FIFO,700,154.55869047619046,852.4491666666662,14609.2,0.03605552124254845,0.04299583911234397,0,Venus,121,26
QSSF_proxy,700,154.55869047619046,852.4491666666662,14609.2,0.03605552124254845,0.04299583911234397,0,Venus,121,26
RF_SRPT_proxy,700,154.55869047619046,852.4491666666662,14609.2,0.03605552124254845,0.04299583911234397,0,Venus,121,26
Backfill_FIFO,700,154.55869047619046,852.4491666666662,14609.2,0.03605552124254845,0.04299583911234397,0,Venus,121,26
Wind_proxy,700,154.55869047619046,852.4491666666662,14609.2,0.03605552124254845,0.052704576976421634,0,Venus,121,26
PredSched_LLM,700,154.55869047619046,852.4491666666662,14609.2,0.03605552124254845,0.044382801664355064,0,Venus,121,26
FIFO,700,140.14019047619047,852.5241666666661,14609.2,0.03125094755189925,0.012465373961218837,0,Venus,121,27
QSSF_proxy,700,140.14019047619047,852.5241666666661,14609.2,0.03125094755189925,0.012465373961218837,0,Venus,121,27
RF_SRPT_proxy,700,140.14019047619047,852.5241666666661,14609.2,0.03125094755189925,0.012465373961218837,0,Venus,121,27
Backfill_FIFO,700,140.14019047619047,852.5241666666661,14609.2,0.03125094755189925,0.012465373961218837,0,Venus,121,27
Wind_proxy,700,140.14019047619047,852.5241666666661,14609.2,0.03125094755189925,0.036011080332409975,0,Venus,121,27
PredSched_LLM,700,140.14019047619047,852.5241666666661,14609.2,0.03125094755189925,0.02077562326869806,0,Venus,121,27
FIFO,700,196.0792380952381,917.2666666666667,14609.2,0.047451496939661914,0.04532967032967033,0,Venus,121,28
QSSF_proxy,700,196.0792380952381,917.2666666666667,14609.2,0.047451496939661914,0.03708791208791209,0,Venus,121,28
RF_SRPT_proxy,700,196.0792380952381,917.2666666666667,14609.2,0.047451496939661914,0.03708791208791209,0,Venus,121,28
Backfill_FIFO,700,196.0792380952381,917.2666666666667,14609.2,0.047451496939661914,0.04532967032967033,0,Venus,121,28
Wind_proxy,700,196.0792380952381,917.2666666666667,14609.2,0.047451496939661914,0.03983516483516483,0,Venus,121,28
PredSched_LLM,700,196.0792380952381,917.2666666666667,14609.2,0.047451496939661914,0.03708791208791209,0,Venus,121,28
FIFO,700,140.3391904761905,831.9716666666666,10103.466666666667,0.04771282919448531,0.02094972067039106,0,Venus,121,29
QSSF_proxy,700,140.3391904761905,831.9716666666666,10103.466666666667,0.04771282919448531,0.02094972067039106,0,Venus,121,29
RF_SRPT_proxy,700,140.3391904761905,831.9716666666666,10103.466666666667,0.04771282919448531,0.02094972067039106,0,Venus,121,29
Backfill_FIFO,700,140.3391904761905,831.9716666666666,10103.466666666667,0.04771282919448531,0.02094972067039106,0,Venus,121,29
Wind_proxy,700,140.3391904761905,831.9716666666666,10103.466666666667,0.04771282919448531,0.036312849162011177,0,Venus,121,29
PredSched_LLM,700,140.3391904761905,831.9716666666666,10103.466666666667,0.04771282919448531,0.02094972067039106,0,Venus,121,29
FIFO,700,155.92835714285718,856.6249999999997,14609.2,0.040798400347597796,0.044382801664355064,0,Venus,121,30
QSSF_proxy,700,155.92835714285715,856.6249999999997,14609.2,0.040798400347597796,0.044382801664355064,0,Venus,121,30
RF_SRPT_proxy,700,155.92835714285715,856.6249999999997,14609.2,0.040798400347597796,0.044382801664355064,0,Venus,121,30
Backfill_FIFO,700,155.92835714285718,856.6249999999997,14609.2,0.040798400347597796,0.044382801664355064,0,Venus,121,30
Wind_proxy,700,155.92835714285718,856.6249999999997,14609.2,0.040798400347597796,0.030513176144244106,0,Venus,121,30
PredSched_LLM,700,155.92835714285715,856.6249999999997,14609.2,0.040798400347597796,0.044382801664355064,0,Venus,121,30
FIFO,700,189.4387619047619,877.7999999999997,14609.2,0.052657256326045065,0.05593451568894952,0,Venus,121,31
QSSF_proxy,700,189.4387619047619,877.7999999999997,14609.2,0.052657256326045065,0.03819918144611187,0,Venus,121,31
RF_SRPT_proxy,700,189.4387619047619,877.7999999999997,14609.2,0.052657256326045065,0.03819918144611187,0,Venus,121,31
Backfill_FIFO,700,189.4387619047619,877.7999999999997,14609.2,0.052657256326045065,0.05593451568894952,0,Venus,121,31
Wind_proxy,700,189.4387619047619,877.7999999999997,14609.2,0.052657256326045065,0.04365620736698499,0,Venus,121,31
PredSched_LLM,700,189.4387619047619,877.7999999999997,14609.2,0.052657256326045065,0.03819918144611187,0,Venus,121,31
FIFO,700,178.745,860.3783333333334,14609.2,0.04738413236377941,0.05364511691884457,0,Venus,121,32
QSSF_proxy,700,178.745,860.3783333333334,14609.2,0.04738413236377941,0.05364511691884457,0,Venus,121,32
RF_SRPT_proxy,700,178.745,860.3783333333334,14609.2,0.04738413236377941,0.05364511691884457,0,Venus,121,32
Backfill_FIFO,700,178.745,860.3783333333334,14609.2,0.04738413236377941,0.05364511691884457,0,Venus,121,32
Wind_proxy,700,178.745,860.3783333333334,14609.2,0.04738413236377941,0.059147180192572216,0,Venus,121,32
PredSched_LLM,700,178.745,860.3783333333334,14609.2,0.04738413236377941,0.05364511691884457,0,Venus,121,32
FIFO,700,149.6180238095238,864.3666666666668,10590.633333333333,0.04868327271312222,0.02912621359223301,0,Venus,121,33
QSSF_proxy,700,149.6180238095238,864.3666666666668,10590.633333333333,0.04868327271312222,0.02912621359223301,0,Venus,121,33
RF_SRPT_proxy,700,149.6180238095238,864.3666666666668,10590.633333333333,0.04868327271312222,0.02912621359223301,0,Venus,121,33
Backfill_FIFO,700,149.6180238095238,864.3666666666668,10590.633333333333,0.04868327271312222,0.02912621359223301,0,Venus,121,33
Wind_proxy,700,149.6180238095238,864.3666666666668,10590.633333333333,0.04868327271312222,0.026352288488210817,0,Venus,121,33
PredSched_LLM,700,149.6180238095238,864.3666666666668,10590.633333333333,0.04868327271312222,0.0319001386962552,0,Venus,121,33
FIFO,700,159.27138095238095,858.7000000000003,14609.2,0.033885643892912036,0.038834951456310676,0,Venus,121,34
QSSF_proxy,700,159.27138095238095,858.7000000000003,14609.2,0.033885643892912036,0.04022191400832178,0,Venus,121,34
RF_SRPT_proxy,700,159.27138095238095,858.7000000000003,14609.2,0.033885643892912036,0.04022191400832178,0,Venus,121,34
Backfill_FIFO,700,159.27138095238095,858.7000000000003,14609.2,0.033885643892912036,0.038834951456310676,0,Venus,121,34
Wind_proxy,700,159.27138095238095,858.7000000000003,14609.2,0.033885643892912036,0.03744798890429958,0,Venus,121,34
PredSched_LLM,700,159.27138095238095,858.7000000000003,14609.2,0.033885643892912036,0.04022191400832178,0,Venus,121,34
FIFO,700,157.1539761904762,856.6249999999997,10590.633333333333,0.04405243943274474,0.030683403068340307,0,Venus,121,35
QSSF_proxy,700,157.1539761904762,856.6249999999997,10590.633333333333,0.04405243943274474,0.030683403068340307,0,Venus,121,35
RF_SRPT_proxy,700,157.1539761904762,856.6249999999997,10590.633333333333,0.04405243943274474,0.030683403068340307,0,Venus,121,35
Backfill_FIFO,700,157.1539761904762,856.6249999999997,10590.633333333333,0.04405243943274474,0.030683403068340307,0,Venus,121,35
Wind_proxy,700,157.1539761904762,856.6249999999997,10590.633333333333,0.04405243943274474,0.040446304044630406,0,Venus,121,35
PredSched_LLM,700,157.1539761904762,856.6249999999997,10590.633333333333,0.04405243943274474,0.030683403068340307,0,Venus,121,35
FIFO,700,159.97083333333336,865.0675,10590.633333333333,0.0585389071386668,0.02364394993045897,0,Venus,121,36
QSSF_proxy,700,159.97083333333336,865.0675,10590.633333333333,0.0585389071386668,0.02364394993045897,0,Venus,121,36
RF_SRPT_proxy,700,159.97083333333336,865.0675,10590.633333333333,0.0585389071386668,0.02364394993045897,0,Venus,121,36
Backfill_FIFO,700,159.97083333333336,865.0675,10590.633333333333,0.0585389071386668,0.02364394993045897,0,Venus,121,36
Wind_proxy,700,159.97083333333336,865.0675,10590.633333333333,0.0585389071386668,0.030598052851182198,0,Venus,121,36
PredSched_LLM,700,159.97083333333336,865.0675,10590.633333333333,0.0585389071386668,0.02364394993045897,0,Venus,121,36
FIFO,700,177.2896666666667,878.0833333333335,14609.2,0.03487625401186872,0.024965325936199722,0,Venus,121,37
QSSF_proxy,700,177.28966666666665,878.0833333333335,14609.2,0.03487625401186872,0.024965325936199722,0,Venus,121,37
RF_SRPT_proxy,700,177.28966666666665,878.0833333333335,14609.2,0.03487625401186872,0.024965325936199722,0,Venus,121,37
Backfill_FIFO,700,177.2896666666667,878.0833333333335,14609.2,0.03487625401186872,0.024965325936199722,0,Venus,121,37
Wind_proxy,700,177.2896666666667,878.0833333333335,14609.2,0.03487625401186872,0.05131761442441054,0,Venus,121,37
PredSched_LLM,700,177.28966666666665,878.0833333333335,14609.2,0.03487625401186872,0.024965325936199722,0,Venus,121,37
FIFO,700,163.84935714285717,861.6116666666666,14609.2,0.035233338473684525,0.01928374655647383,0,Venus,121,38
QSSF_proxy,700,163.84935714285717,861.6116666666666,14609.2,0.035233338473684525,0.01928374655647383,0,Venus,121,38
RF_SRPT_proxy,700,163.84935714285717,861.6116666666666,14609.2,0.035233338473684525,0.01928374655647383,0,Venus,121,38
Backfill_FIFO,700,163.84935714285717,861.6116666666666,14609.2,0.035233338473684525,0.01928374655647383,0,Venus,121,38
Wind_proxy,700,163.84935714285717,861.6116666666666,14609.2,0.035233338473684525,0.03856749311294766,0,Venus,121,38
PredSched_LLM,700,163.84935714285717,861.6116666666666,14609.2,0.035233338473684525,0.01928374655647383,0,Venus,121,38
FIFO,700,168.1762380952381,867.5,14609.2,0.04268436687014611,0.013927576601671309,0,Venus,121,39
QSSF_proxy,700,168.1762380952381,867.5,14609.2,0.04268436687014611,0.013927576601671309,0,Venus,121,39
RF_SRPT_proxy,700,168.1762380952381,867.5,14609.2,0.04268436687014611,0.013927576601671309,0,Venus,121,39
Backfill_FIFO,700,168.1762380952381,867.5,14609.2,0.04268436687014611,0.013927576601671309,0,Venus,121,39
Wind_proxy,700,168.1762380952381,867.5,14609.2,0.04268436687014611,0.025069637883008356,0,Venus,121,39
PredSched_LLM,700,168.1762380952381,867.5,14609.2,0.04268436687014611,0.013927576601671309,0,Venus,121,39
