policy,n_jobs_completed,avg_jct_min,p95_jct_min,makespan_min,mean_gpu_utilization,fragmentation_rate,backfill_admissions,n_hosts,boot_rep
FIFO,651,429.28043010752685,1815.5,10459.0,0.31582931864901065,0.0043980208905992305,0,120,0
QSSF_proxy,651,162.28192012288787,876.0,10115.0,0.326570325630252,0.0038482682792743265,132,120,0
RF_SRPT_proxy,651,162.2819201228879,876.0,10115.0,0.326570325630252,0.0038482682792743265,128,120,0
Backfill_FIFO,651,162.28499231950846,876.0,10115.0,0.326570325630252,0.0043980208905992305,184,120,0
Wind_proxy,651,162.28499231950846,876.0,10115.0,0.326570325630252,0.004123144584936778,184,120,0
PredSched_LLM,651,162.27423963133643,876.0,10115.0,0.326570325630252,0.0035733919736118747,128,120,0
FIFO,651,154.1789400921659,650.0,10115.0,0.267253067844785,0.0054333061668024995,0,120,1
QSSF_proxy,651,148.90244239631338,650.0,10115.0,0.2672530678447849,0.005161640858462374,15,120,1
RF_SRPT_proxy,651,148.90244239631338,650.0,10115.0,0.2672530678447849,0.005161640858462374,14,120,1
Backfill_FIFO,651,148.8025960061444,650.0,10115.0,0.267253067844785,0.005161640858462374,43,120,1
Wind_proxy,651,148.8025960061444,650.0,10115.0,0.267253067844785,0.005161640858462374,43,120,1
PredSched_LLM,651,151.81336405529953,650.0,10115.0,0.2672530678447849,0.007334963325183374,16,120,1
FIFO,651,123.68491551459294,281.5,10115.0,0.30665824064920094,0.01798736023334954,0,120,2
QSSF_proxy,651,123.52669738863288,281.5,10115.0,0.3066582406492009,0.018959649975692758,9,120,2
RF_SRPT_proxy,651,123.52669738863288,281.5,10115.0,0.3066582406492009,0.018959649975692758,8,120,2
Backfill_FIFO,651,123.52669738863288,281.5,10115.0,0.3066582406492009,0.018959649975692758,21,120,2
Wind_proxy,651,123.52669738863288,281.5,10115.0,0.3066582406492009,0.01968886728245017,21,120,2
PredSched_LLM,651,123.56658986175115,281.5,10115.0,0.3066582406492009,0.012153621779290228,8,120,2
FIFO,651,465.75980030721973,1569.0,9655.01,0.5016011505943547,0.0022878059940517046,0,120,3
QSSF_proxy,651,208.58497695852535,1303.0,9047.0,0.5353116088206037,0.001601464195836193,173,120,3
RF_SRPT_proxy,651,208.58497695852535,1303.0,9047.0,0.5353116088206037,0.001601464195836193,172,120,3
Backfill_FIFO,651,211.26086021505378,1303.0,9047.0,0.5353116088206036,0.001601464195836193,230,120,3
Wind_proxy,651,207.7078648233487,1303.0,9047.0,0.5353116088206037,0.0018302447952413636,232,120,3
PredSched_LLM,651,208.58497695852535,1303.0,9047.0,0.5353116088206037,0.001601464195836193,172,120,3
FIFO,651,186.36576036866362,647.5,10115.0,0.3186883825589058,0.024607812980621348,0,120,4
QSSF_proxy,651,177.2500460829493,647.5,10115.0,0.31868838255890575,0.0064595509074131035,14,120,4
RF_SRPT_proxy,651,177.2500460829493,647.5,10115.0,0.31868838255890575,0.0064595509074131035,14,120,4
Backfill_FIFO,651,177.14714285714288,647.5,10115.0,0.3186883825589057,0.024915410642879113,54,120,4
Wind_proxy,651,177.15635944700463,647.5,10115.0,0.3186883825589057,0.01876345739772378,54,120,4
PredSched_LLM,651,177.2500460829493,647.5,10115.0,0.31868838255890575,0.0064595509074131035,14,120,4
FIFO,651,1168.025913978495,4710.505,12701.01,0.41112153351058967,0.002564102564102564,0,120,5
QSSF_proxy,651,264.5552380952381,1303.0,9048.0,0.5771064001252579,0.002097902097902098,148,120,5
RF_SRPT_proxy,651,264.5552380952381,1303.0,9048.0,0.5771064001252579,0.002097902097902098,148,120,5
Backfill_FIFO,651,268.9563901689708,1271.5,9396.01,0.5557314975541038,0.002097902097902098,153,120,5
Wind_proxy,651,268.93488479262675,1271.5,9396.01,0.5557314975541038,0.003962703962703963,153,120,5
PredSched_LLM,651,264.52142857142866,1303.0,9048.0,0.5771064001252579,0.0032634032634032634,146,120,5
FIFO,651,116.12216589861751,523.5,6257.0,0.356828878322945,0.0033238366571699905,0,120,6
QSSF_proxy,651,92.24044546850999,351.5,6257.0,0.35682887832294496,0.0033238366571699905,15,120,6
RF_SRPT_proxy,651,92.24044546850999,351.5,6257.0,0.35682887832294496,0.0033238366571699905,14,120,6
Backfill_FIFO,651,94.54920122887864,397.0,6257.0,0.356828878322945,0.0033238366571699905,58,120,6
Wind_proxy,651,95.8978955453149,401.5,6257.0,0.356828878322945,0.0033238366571699905,61,120,6
PredSched_LLM,651,96.32798771121352,401.5,6257.0,0.35682887832294496,0.007597340930674264,18,120,6
FIFO,651,117.58298003072196,274.0,10115.0,0.22197840047783815,0.014867485455720749,0,120,7
QSSF_proxy,651,116.74119815668203,274.0,10115.0,0.22197840047783815,0.014652014652014652,18,120,7
RF_SRPT_proxy,651,116.74119815668203,274.0,10115.0,0.22197840047783815,0.014652014652014652,16,120,7
Backfill_FIFO,651,116.74119815668202,274.0,10115.0,0.22197840047783815,0.014867485455720749,50,120,7
Wind_proxy,651,116.72890937019967,274.0,10115.0,0.22197840047783815,0.014221073044602456,50,120,7
PredSched_LLM,651,116.68129032258065,274.0,10115.0,0.22197840047783815,0.003878474466709761,15,120,7
FIFO,651,1276.7818279569892,4691.505,8527.0,0.47118112564012343,0.03848101265822785,0,120,8
QSSF_proxy,651,177.27903225806455,898.0,7278.0,0.552041970092516,0.017974683544303798,169,120,8
RF_SRPT_proxy,651,177.27903225806455,898.0,7278.0,0.552041970092516,0.017974683544303798,165,120,8
Backfill_FIFO,651,177.2774961597542,898.0,7278.0,0.5520419700925161,0.018227848101265823,191,120,8
Wind_proxy,651,177.2774961597542,898.0,7278.0,0.5520419700925161,0.017721518987341773,191,120,8
PredSched_LLM,651,177.3435483870968,898.0,7278.0,0.552041970092516,0.012151898734177215,167,120,8
FIFO,651,112.41124423963134,331.5,5657.0,0.29245363045783973,0.004709965294992563,0,120,9
QSSF_proxy,651,109.43574500768051,307.0,5657.0,0.2924536304578398,0.004462072384729797,10,120,9
RF_SRPT_proxy,651,109.43574500768051,307.0,5657.0,0.2924536304578398,0.004462072384729797,10,120,9
Backfill_FIFO,651,109.65847926267283,329.0,5657.0,0.29245363045783973,0.004462072384729797,38,120,9
Wind_proxy,651,109.6661597542243,329.0,5657.0,0.29245363045783973,0.004709965294992563,38,120,9
PredSched_LLM,651,109.39734254992321,307.0,5657.0,0.2924536304578398,0.004462072384729797,10,120,9
FIFO,651,121.37419354838711,434.5,6257.0,0.39355057169303703,0.005598507064782724,0,120,10
QSSF_proxy,651,115.64459293394778,410.0,6257.0,0.39355057169303703,0.006664889362836577,20,120,10
RF_SRPT_proxy,651,115.64459293394778,410.0,6257.0,0.39355057169303703,0.006664889362836577,20,120,10
Backfill_FIFO,651,115.60921658986176,414.0,6257.0,0.393550571693037,0.00693148493735004,51,120,10
Wind_proxy,651,115.71981566820277,414.0,6257.0,0.393550571693037,0.006664889362836577,55,120,10
PredSched_LLM,651,115.74597542242704,410.0,6257.0,0.39355057169303703,0.006664889362836577,20,120,10
FIFO,651,170.088356374808,803.5,9047.0,0.32540964776537323,0.0048277375466315555,0,120,11
QSSF_proxy,651,154.84565284178188,802.5,9047.0,0.3254096477653734,0.005266622778143515,4,120,11
RF_SRPT_proxy,651,154.84565284178188,802.5,9047.0,0.3254096477653734,0.005266622778143515,4,120,11
Backfill_FIFO,651,158.1805222734255,802.5,9047.0,0.32540964776537334,0.005266622778143515,32,120,11
Wind_proxy,651,158.16823348694317,802.5,9047.0,0.32540964776537334,0.0048277375466315555,32,120,11
PredSched_LLM,651,154.83336405529954,802.5,9047.0,0.3254096477653734,0.003949967083607637,4,120,11
FIFO,651,130.39844854070662,397.0,10115.0,0.27526383362168383,0.0049261083743842365,0,120,12
QSSF_proxy,651,130.33852534562214,397.0,10115.0,0.27526383362168383,0.00466683951257454,3,120,12
RF_SRPT_proxy,651,130.33852534562214,397.0,10115.0,0.27526383362168383,0.00466683951257454,3,120,12
Backfill_FIFO,651,130.33852534562214,397.0,10115.0,0.27526383362168383,0.0049261083743842365,11,120,12
Wind_proxy,651,130.3661751152074,397.0,10115.0,0.27526383362168383,0.0049261083743842365,11,120,12
PredSched_LLM,651,133.74121351766516,397.0,10115.0,0.27526383362168383,0.00622245268343272,18,120,12
FIFO,651,107.07760368663595,359.0,9047.0,0.28137570004789797,0.0018126888217522659,0,120,13
QSSF_proxy,651,106.988509984639,359.0,9047.0,0.2813757000478979,0.0018126888217522659,3,120,13
RF_SRPT_proxy,651,106.988509984639,359.0,9047.0,0.2813757000478979,0.0018126888217522659,3,120,13
Backfill_FIFO,651,106.98850998463902,359.0,9047.0,0.2813757000478979,0.0018126888217522659,5,120,13
Wind_proxy,651,107.0868202764977,359.0,9047.0,0.2813757000478979,0.0018126888217522659,18,120,13
PredSched_LLM,651,107.0146082949309,359.0,9047.0,0.28137570004789797,0.0030211480362537764,3,120,13
FIFO,651,204.17576036866362,1047.0,10115.0,0.3995104053386061,0.019218025182239893,0,120,14
QSSF_proxy,651,199.9714592933948,951.0,10115.0,0.3995104053386061,0.018997128341064724,23,120,14
RF_SRPT_proxy,651,199.9714592933948,951.0,10115.0,0.3995104053386061,0.018997128341064724,23,120,14
Backfill_FIFO,651,199.94073732718897,951.0,10115.0,0.3995104053386061,0.018997128341064724,65,120,14
Wind_proxy,651,199.94073732718897,951.0,10115.0,0.3995104053386061,0.01811354097636404,65,120,14
PredSched_LLM,651,199.9868049155146,951.0,10115.0,0.3995104053386061,0.01104484205875856,22,120,14
FIFO,651,148.82399385560677,420.5,10115.0,0.28842102385071694,0.01664208974088898,0,120,15
QSSF_proxy,651,141.1803686635945,443.5,10115.0,0.28842102385071694,0.017063408468506427,19,120,15
RF_SRPT_proxy,651,141.1803686635945,443.5,10115.0,0.28842102385071694,0.017063408468506427,18,120,15
Backfill_FIFO,651,141.40771121351767,420.5,10115.0,0.28842102385071694,0.016852749104697702,66,120,15
Wind_proxy,651,141.39081413210448,420.5,10115.0,0.28842102385071694,0.01643143037708026,66,120,15
PredSched_LLM,651,144.87161290322584,647.0,10115.0,0.288421023850717,0.007794396460922688,16,120,15
FIFO,651,92.19923195084485,401.5,10115.0,0.13921208807052224,0.005078720162519045,0,120,16
QSSF_proxy,651,92.18379416282642,401.5,10115.0,0.13921208807052224,0.005078720162519045,1,120,16
RF_SRPT_proxy,651,92.18379416282642,401.5,10115.0,0.13921208807052224,0.005078720162519045,1,120,16
Backfill_FIFO,651,92.19609831029186,401.5,10115.0,0.13921208807052224,0.005078720162519045,2,120,16
Wind_proxy,651,92.19609831029186,401.5,10115.0,0.13921208807052224,0.005078720162519045,2,120,16
PredSched_LLM,651,92.18529953917052,401.5,10115.0,0.13921208807052224,0.0030472320975114273,0,120,16
FIFO,651,131.21434715821815,375.0,9047.0,0.5130865676006778,0.0029333333333333334,0,120,17
QSSF_proxy,651,127.14061443932412,375.0,9047.0,0.513086567600678,0.0026666666666666666,23,120,17
RF_SRPT_proxy,651,127.14061443932412,375.0,9047.0,0.513086567600678,0.0026666666666666666,23,120,17
Backfill_FIFO,651,127.20666666666668,375.0,9047.0,0.513086567600678,0.0026666666666666666,69,120,17
Wind_proxy,651,127.20666666666668,375.0,9047.0,0.513086567600678,0.0024,69,120,17
PredSched_LLM,651,127.1283256528418,375.0,9047.0,0.5130865676006778,0.0024,23,120,17
FIFO,651,423.05468509984644,1407.5,9668.0,0.35266210695076533,0.00641025641025641,0,120,18
QSSF_proxy,651,168.7400307219662,1151.0,9667.0,0.3526985879797248,0.0015384615384615385,129,120,18
RF_SRPT_proxy,651,168.7400307219662,1151.0,9667.0,0.3526985879797248,0.0015384615384615385,128,120,18
Backfill_FIFO,651,168.75384024577573,1151.0,9667.0,0.35269858797972475,0.0015384615384615385,181,120,18
Wind_proxy,651,170.26689708141322,1151.0,9667.0,0.3526985879797248,0.0015384615384615385,179,120,18
PredSched_LLM,651,170.24539170506912,1151.0,9667.0,0.3526985879797248,0.007435897435897436,129,120,18
FIFO,651,141.70754224270354,622.0,6257.0,0.41185407010814545,0.002297090352220521,0,120,19
QSSF_proxy,651,129.3373425499232,644.0,6257.0,0.41185407010814545,0.002297090352220521,8,120,19
RF_SRPT_proxy,651,129.3373425499232,644.0,6257.0,0.41185407010814545,0.002297090352220521,8,120,19
Backfill_FIFO,651,129.38803379416282,622.0,6257.0,0.41185407010814556,0.002041858090862685,39,120,19
Wind_proxy,651,129.38803379416282,622.0,6257.0,0.41185407010814556,0.002041858090862685,39,120,19
PredSched_LLM,651,132.5124731182796,647.0,6257.0,0.41185407010814545,0.003318019397651863,9,120,19
FIFO,651,152.41416282642092,515.0,10115.0,0.3071997930054375,0.017264276228419653,0,120,20
QSSF_proxy,651,151.95642089093704,515.0,10115.0,0.3071997930054375,0.0018592297476759628,13,120,20
RF_SRPT_proxy,651,151.95642089093704,515.0,10115.0,0.3071997930054375,0.0018592297476759628,13,120,20
Backfill_FIFO,651,151.95026113671275,515.0,10115.0,0.3071997930054375,0.017264276228419653,28,120,20
Wind_proxy,651,151.95794162826422,515.0,10115.0,0.3071997930054375,0.013545816733067729,27,120,20
PredSched_LLM,651,152.02709677419358,515.0,10115.0,0.3071997930054375,0.0031872509960159364,13,120,20
FIFO,651,129.0331182795699,515.0,10115.0,0.24989881982204656,0.004342581423401689,0,120,21
QSSF_proxy,651,126.00546850998464,515.0,10115.0,0.2498988198220465,0.004342581423401689,10,120,21
RF_SRPT_proxy,651,126.00546850998464,515.0,10115.0,0.2498988198220465,0.004342581423401689,10,120,21
Backfill_FIFO,651,126.01622119815669,515.0,10115.0,0.24989881982204645,0.004342581423401689,28,120,21
Wind_proxy,651,126.01622119815669,515.0,10115.0,0.24989881982204645,0.0048250904704463205,28,120,21
PredSched_LLM,651,125.7673732718894,515.0,10115.0,0.2498988198220465,0.0021712907117008443,10,120,21
FIFO,651,104.7999539170507,319.0,10115.0,0.22754411455758777,0.0033422459893048127,0,120,22
QSSF_proxy,651,101.21459293394777,299.0,10115.0,0.22754411455758766,0.03163992869875223,6,120,22
RF_SRPT_proxy,651,101.21459293394777,299.0,10115.0,0.22754411455758766,0.03163992869875223,6,120,22
Backfill_FIFO,651,100.63855606758833,307.0,10115.0,0.22754411455758763,0.005793226381461676,36,120,22
Wind_proxy,651,100.8305683563748,307.0,10115.0,0.22754411455758763,0.005570409982174688,51,120,22
PredSched_LLM,651,100.9657296466974,299.0,10115.0,0.22754411455758766,0.016488413547237075,3,120,22
FIFO,651,119.63818740399388,351.0,10115.0,0.20647912856318995,0.003098373353989156,0,120,23
QSSF_proxy,651,119.54909370199697,351.0,10115.0,0.20647912856318995,0.003098373353989156,2,120,23
RF_SRPT_proxy,651,119.54909370199697,351.0,10115.0,0.20647912856318995,0.003098373353989156,2,120,23
Backfill_FIFO,651,119.54909370199697,351.0,10115.0,0.20647912856318995,0.003098373353989156,4,120,23
Wind_proxy,651,119.53680491551462,351.0,10115.0,0.20647912856318995,0.0028401755744900596,4,120,23
PredSched_LLM,651,119.54755760368667,351.0,10115.0,0.20647912856318995,0.003098373353989156,2,120,23
FIFO,651,126.26800307219662,401.5,9047.0,0.3017375476677352,0.004598257502420136,0,120,24
QSSF_proxy,651,125.7057910906298,401.5,9047.0,0.3017375476677352,0.018635043562439498,19,120,24
RF_SRPT_proxy,651,125.7057910906298,401.5,9047.0,0.3017375476677352,0.018635043562439498,18,120,24
Backfill_FIFO,651,125.7057910906298,401.5,9047.0,0.3017375476677352,0.004598257502420136,41,120,24
Wind_proxy,651,125.7057910906298,401.5,9047.0,0.3017375476677352,0.00484027105517909,41,120,24
PredSched_LLM,651,125.71345622119817,401.5,9047.0,0.3017375476677352,0.013552758954501452,18,120,24
FIFO,651,102.66010752688172,258.0,10115.0,0.14790612951062776,0.004710446106954835,0,120,25
QSSF_proxy,651,102.6447465437788,258.0,10115.0,0.14790612951062776,0.004710446106954835,3,120,25
RF_SRPT_proxy,651,102.6447465437788,258.0,10115.0,0.14790612951062776,0.004710446106954835,3,120,25
Backfill_FIFO,651,102.6447465437788,258.0,10115.0,0.14790612951062776,0.004710446106954835,4,120,25
Wind_proxy,651,102.64628264208909,258.0,10115.0,0.14790612951062776,0.004987531172069825,1,120,25
PredSched_LLM,651,102.64625192012288,258.0,10115.0,0.14790612951062776,0.0024937655860349127,0,120,25
FIFO,651,112.42668202764978,515.0,10115.0,0.18124043499752832,0.0036813042334998686,0,120,26
QSSF_proxy,651,112.35136712749616,515.0,10115.0,0.1812404349975283,0.0036813042334998686,5,120,26
RF_SRPT_proxy,651,112.35136712749616,515.0,10115.0,0.1812404349975283,0.0036813042334998686,5,120,26
Backfill_FIFO,651,112.34520737327189,515.0,10115.0,0.1812404349975283,0.019458322377070732,11,120,26
Wind_proxy,651,112.37132104454685,515.0,10115.0,0.1812404349975283,0.014462266631606626,19,120,26
PredSched_LLM,651,112.68625192012288,515.0,10115.0,0.18124043499752826,0.0076255587693925845,6,120,26
FIFO,651,172.9306605222734,776.0,10115.0,0.33592595979568285,0.019314472252448315,0,120,27
QSSF_proxy,651,154.15029185867894,702.5,10115.0,0.33592595979568285,0.0035364526659412403,25,120,27
RF_SRPT_proxy,651,154.15029185867894,702.5,10115.0,0.33592595979568285,0.0035364526659412403,25,120,27
Backfill_FIFO,651,155.27012288786483,650.0,10115.0,0.33592595979568285,0.004080522306855278,48,120,27
Wind_proxy,651,156.20867895545317,776.0,10115.0,0.33592595979568285,0.004896626768226333,44,120,27
PredSched_LLM,651,154.2009677419355,702.5,10115.0,0.33592595979568285,0.009521218715995648,22,120,27
FIFO,651,124.65983102918587,555.5,6257.0,0.2655688462255607,0.001366867140513942,0,120,28
QSSF_proxy,651,124.5599846390169,555.5,6257.0,0.2655688462255607,0.0019136139967195188,10,120,28
RF_SRPT_proxy,651,124.5599846390169,555.5,6257.0,0.2655688462255607,0.0019136139967195188,9,120,28
Backfill_FIFO,651,124.5599846390169,555.5,6257.0,0.2655688462255607,0.001366867140513942,12,120,28
Wind_proxy,651,124.5599846390169,555.5,6257.0,0.2655688462255607,0.002186987424822307,12,120,28
PredSched_LLM,651,124.55537634408603,555.5,6257.0,0.2655688462255607,0.0016402405686167304,7,120,28
FIFO,651,99.08061443932415,371.0,9047.0,0.23300071156184374,0.007063882063882064,0,120,29
QSSF_proxy,651,99.08061443932415,371.0,9047.0,0.23300071156184374,0.007063882063882064,0,120,29
RF_SRPT_proxy,651,99.08061443932415,371.0,9047.0,0.23300071156184374,0.007063882063882064,0,120,29
Backfill_FIFO,651,99.08061443932415,371.0,9047.0,0.23300071156184374,0.007063882063882064,0,120,29
Wind_proxy,651,99.08061443932415,371.0,9047.0,0.23300071156184374,0.007063882063882064,0,120,29
PredSched_LLM,651,99.08061443932415,371.0,9047.0,0.23300071156184374,0.005835380835380835,0,120,29
FIFO,651,810.6847465437788,2499.505,11135.0,0.33945016371052217,0.0038179148311306903,0,120,30
QSSF_proxy,651,170.5661597542243,854.0,10115.0,0.3736804323199868,0.0011747430249632893,175,120,30
RF_SRPT_proxy,651,170.5661597542243,854.0,10115.0,0.3736804323199868,0.0011747430249632893,174,120,30
Backfill_FIFO,651,170.5661751152074,854.0,10115.0,0.3736804323199868,0.000881057268722467,232,120,30
Wind_proxy,651,170.5877726574501,854.0,10115.0,0.3736804323199868,0.0005873715124816446,233,120,30
PredSched_LLM,651,170.58921658986176,854.0,10115.0,0.3736804323199868,0.000881057268722467,175,120,30
FIFO,651,961.4567741935485,2761.0,11709.0,0.339315333468557,0.0029798857710454435,0,120,31
QSSF_proxy,651,190.3463594470046,949.5,10115.0,0.3927872703493163,0.01614104792649615,171,120,31
RF_SRPT_proxy,651,190.3463594470046,949.5,10115.0,0.3927872703493163,0.01614104792649615,170,120,31
Backfill_FIFO,651,190.34635944700463,949.5,10115.0,0.3927872703493163,0.0014899428855227217,265,120,31
Wind_proxy,651,190.35403993855607,949.5,10115.0,0.3927872703493163,0.0014899428855227217,265,120,31
PredSched_LLM,651,190.35403993855607,949.5,10115.0,0.3927872703493163,0.009932952570151478,170,120,31
FIFO,651,130.14374807987713,579.5,9047.0,0.2103859624276924,0.002657218777679362,0,120,32
QSSF_proxy,651,128.844178187404,579.5,9047.0,0.2103859624276924,0.020076764098021848,12,120,32
RF_SRPT_proxy,651,128.844178187404,579.5,9047.0,0.2103859624276924,0.020076764098021848,12,120,32
Backfill_FIFO,651,128.71360983102917,579.5,9047.0,0.2103859624276924,0.002657218777679362,27,120,32
Wind_proxy,651,128.9056221198157,579.5,9047.0,0.2103859624276924,0.002657218777679362,28,120,32
PredSched_LLM,651,128.6015360983103,579.5,9047.0,0.2103859624276924,0.012695600826690287,8,120,32
FIFO,651,162.47695852534565,406.0,10115.0,0.3538733811171527,0.006189650903689032,0,120,33
QSSF_proxy,651,161.60906298003076,406.0,10115.0,0.3538733811171528,0.006189650903689032,11,120,33
RF_SRPT_proxy,651,161.60906298003076,406.0,10115.0,0.3538733811171528,0.006189650903689032,11,120,33
Backfill_FIFO,651,161.6182795698925,406.0,10115.0,0.3538733811171527,0.006189650903689032,30,120,33
Wind_proxy,651,161.62288786482338,406.0,10115.0,0.3538733811171527,0.006189650903689032,31,120,33
PredSched_LLM,651,161.8487557603687,406.0,10115.0,0.3538733811171528,0.00569447883139391,12,120,33
FIFO,651,445.5838248847927,1674.505,10435.0,0.35964696633924287,0.0029154518950437317,0,120,34
QSSF_proxy,651,248.465069124424,1010.0050000000001,10115.0,0.3710248239001484,0.00510204081632653,59,120,34
RF_SRPT_proxy,651,248.465069124424,1010.0050000000001,10115.0,0.3710248239001484,0.00510204081632653,58,120,34
Backfill_FIFO,651,248.20698924731187,1009.5050000000001,10115.0,0.3710248239001484,0.00510204081632653,76,120,34
Wind_proxy,651,248.20698924731187,1009.5050000000001,10115.0,0.3710248239001484,0.004859086491739553,76,120,34
PredSched_LLM,651,248.465069124424,1010.0050000000001,10115.0,0.3710248239001484,0.004616132167152575,58,120,34
FIFO,651,147.20662058371738,583.0,6257.0,0.36296312463374375,0.0017414018284719198,0,120,35
QSSF_proxy,651,122.96079877112136,406.0,6257.0,0.36296312463374375,0.00195907705703091,19,120,35
RF_SRPT_proxy,651,122.96079877112136,406.0,6257.0,0.36296312463374375,0.00195907705703091,16,120,35
Backfill_FIFO,651,130.90396313364056,513.0,6257.0,0.3629631246337438,0.00195907705703091,62,120,35
Wind_proxy,651,134.9362365591398,566.5,6257.0,0.36296312463374364,0.0037004788855028296,83,120,35
PredSched_LLM,651,150.3187864823349,780.5,6257.0,0.36296312463374375,0.00195907705703091,37,120,35
FIFO,651,130.29894009216594,650.0,10115.0,0.2095505355083211,0.006782945736434108,0,120,36
QSSF_proxy,651,129.9640706605223,650.0,10115.0,0.2095505355083211,0.006540697674418605,11,120,36
RF_SRPT_proxy,651,129.9640706605223,650.0,10115.0,0.2095505355083211,0.006540697674418605,10,120,36
Backfill_FIFO,651,129.9640706605223,650.0,10115.0,0.2095505355083211,0.006782945736434108,26,120,36
Wind_proxy,651,130.65685099846394,650.0,10115.0,0.2095505355083211,0.007267441860465116,47,120,36
PredSched_LLM,651,130.5708294930876,650.0,10115.0,0.2095505355083211,0.006540697674418605,13,120,36
FIFO,651,465.5189400921659,1808.5,10426.0,0.42702348795479245,0.005465903175429464,0,120,37
QSSF_proxy,651,199.2682488479263,972.5,10420.0,0.4272693748000641,0.0039042165538781884,112,120,37
RF_SRPT_proxy,651,199.2682488479263,972.5,10420.0,0.4272693748000641,0.0039042165538781884,112,120,37
Backfill_FIFO,651,199.2682488479263,972.5,10420.0,0.4272693748000641,0.0039042165538781884,152,120,37
Wind_proxy,651,199.33737327188942,972.5,10420.0,0.4272693748000641,0.0039042165538781884,155,120,37
PredSched_LLM,651,199.27592933947773,972.5,10420.0,0.4272693748000641,0.0039042165538781884,112,120,37
FIFO,651,128.03910906298003,395.5,10115.0,0.1966736179766024,0.0048111618955977865,0,120,38
QSSF_proxy,651,128.03603686635947,395.5,10115.0,0.1966736179766024,0.0048111618955977865,0,120,38
RF_SRPT_proxy,651,128.03603686635947,395.5,10115.0,0.1966736179766024,0.0048111618955977865,0,120,38
Backfill_FIFO,651,128.03603686635944,395.5,10115.0,0.1966736179766024,0.0048111618955977865,1,120,38
Wind_proxy,651,128.03603686635944,395.5,10115.0,0.1966736179766024,0.004570603800817898,1,120,38
PredSched_LLM,651,128.03603686635947,395.5,10115.0,0.1966736179766024,0.003367813326918451,0,120,38
FIFO,651,132.36987711213516,394.0,9047.0,0.2881505563538559,0.0018252933507170795,0,120,39
QSSF_proxy,651,132.06726574500766,393.0,9047.0,0.2881505563538559,0.0015645371577574967,15,120,39
RF_SRPT_proxy,651,132.06726574500766,393.0,9047.0,0.2881505563538559,0.0015645371577574967,14,120,39
Backfill_FIFO,651,132.06726574500766,393.0,9047.0,0.2881505563538559,0.0018252933507170795,27,120,39
Wind_proxy,651,132.06726574500766,393.0,9047.0,0.2881505563538559,0.0015645371577574967,27,120,39
PredSched_LLM,651,132.0810906298003,393.0,9047.0,0.2881505563538559,0.0018252933507170795,14,120,39
FIFO,651,126.22216589861752,395.5,10115.0,0.1289434946037239,0.007228915662650603,0,120,40
QSSF_proxy,651,126.19451612903227,395.5,10115.0,0.1289434946037239,0.00642570281124498,1,120,40
RF_SRPT_proxy,651,126.19451612903227,395.5,10115.0,0.1289434946037239,0.00642570281124498,1,120,40
Backfill_FIFO,651,126.21141321044547,395.5,10115.0,0.1289434946037239,0.007228915662650603,1,120,40
Wind_proxy,651,126.19451612903227,395.5,10115.0,0.1289434946037239,0.006693440428380187,3,120,40
PredSched_LLM,651,126.22062980030722,395.5,10115.0,0.1289434946037239,0.003748326639892905,0,120,40
FIFO,651,157.1209062980031,852.0,9047.0,0.3267798533583876,0.0011734334663224596,0,120,41
QSSF_proxy,651,156.33135176651308,852.0,9047.0,0.32677985335838766,0.0011734334663224596,5,120,41
RF_SRPT_proxy,651,156.33135176651308,852.0,9047.0,0.32677985335838766,0.0011734334663224596,5,120,41
Backfill_FIFO,651,156.3620737327189,852.0,9047.0,0.3267798533583876,0.0011734334663224596,19,120,41
Wind_proxy,651,157.61092165898617,852.0,9047.0,0.3267798533583876,0.0014081201595869514,24,120,41
PredSched_LLM,651,164.30062980030723,852.0,9047.0,0.3267798533583876,0.0011734334663224596,15,120,41
FIFO,651,99.66021505376345,299.0,6257.0,0.24279924318097065,0.0029305680793507666,0,120,42
QSSF_proxy,651,98.60185867895547,299.0,6257.0,0.24279924318097068,0.0024797114517583407,9,120,42
RF_SRPT_proxy,651,98.60185867895547,299.0,6257.0,0.24279924318097068,0.0024797114517583407,9,120,42
Backfill_FIFO,651,98.6540706605223,299.0,6257.0,0.24279924318097068,0.0031559963931469793,26,120,42
Wind_proxy,651,98.6540706605223,299.0,6257.0,0.24279924318097068,0.003381424706943192,26,120,42
PredSched_LLM,651,99.09032258064518,299.0,6257.0,0.24279924318097063,0.0087917042380523,6,120,42
FIFO,651,139.93485407066052,753.0,10115.0,0.17857971762234304,0.0042152243987106375,0,120,43
QSSF_proxy,651,139.78433179723504,753.0,10115.0,0.17857971762234304,0.0037193156459211507,3,120,43
RF_SRPT_proxy,651,139.78433179723504,753.0,10115.0,0.17857971762234304,0.0037193156459211507,3,120,43
Backfill_FIFO,651,139.7843164362519,753.0,10115.0,0.17857971762234304,0.0042152243987106375,15,120,43
Wind_proxy,651,139.7843164362519,753.0,10115.0,0.17857971762234304,0.004463178775105381,15,120,43
PredSched_LLM,651,139.76281105990782,753.0,10115.0,0.17857971762234304,0.002479543763947434,3,120,43
FIFO,651,155.25009216589865,633.0,10115.0,0.2525520895122755,0.002969876962240136,0,120,44
QSSF_proxy,651,140.97204301075269,633.0,10115.0,0.2525520895122756,0.004030547305897327,25,120,44
RF_SRPT_proxy,651,140.97204301075266,633.0,10115.0,0.2525520895122756,0.004030547305897327,22,120,44
Backfill_FIFO,651,142.0811059907834,633.0,10115.0,0.2525520895122754,0.004030547305897327,97,120,44
Wind_proxy,651,142.0811059907834,633.0,10115.0,0.2525520895122754,0.003818413237165889,97,120,44
PredSched_LLM,651,140.8568049155146,633.0,10115.0,0.25255208951227553,0.005091217649554518,19,120,44
FIFO,651,150.33741935483872,623.0,10115.0,0.2040091685203493,0.02070230607966457,0,120,45
QSSF_proxy,651,149.91038402457758,623.0,10115.0,0.2040091685203493,0.005241090146750524,7,120,45
RF_SRPT_proxy,651,149.91038402457758,623.0,10115.0,0.2040091685203493,0.005241090146750524,7,120,45
Backfill_FIFO,651,149.91038402457758,623.0,10115.0,0.2040091685203493,0.02070230607966457,16,120,45
Wind_proxy,651,149.91038402457758,623.0,10115.0,0.2040091685203493,0.02070230607966457,16,120,45
PredSched_LLM,651,149.89655913978496,623.0,10115.0,0.2040091685203493,0.01310272536687631,2,120,45
FIFO,651,135.4636405529954,596.0,10115.0,0.1323917644999176,0.01866735805029816,0,120,46
QSSF_proxy,651,134.60649769585257,596.0,10115.0,0.1323917644999176,0.00311122634171636,6,120,46
RF_SRPT_proxy,651,134.60649769585257,596.0,10115.0,0.1323917644999176,0.00311122634171636,6,120,46
Backfill_FIFO,651,134.60649769585257,596.0,10115.0,0.1323917644999176,0.018408089188488463,24,120,46
Wind_proxy,651,134.60649769585257,596.0,10115.0,0.1323917644999176,0.014778325123152709,24,120,46
PredSched_LLM,651,134.5573271889401,596.0,10115.0,0.1323917644999176,0.004148301788955146,2,120,46
FIFO,651,122.17761904761906,700.0,5583.0,0.20911927018030926,0.040012124886329194,0,120,47
QSSF_proxy,651,121.98560675883257,700.0,5583.0,0.20911927018030926,0.004849954531676266,9,120,47
RF_SRPT_proxy,651,121.98560675883257,700.0,5583.0,0.20911927018030926,0.004849954531676266,7,120,47
Backfill_FIFO,651,121.99788018433182,700.0,5583.0,0.20911927018030926,0.040012124886329194,24,120,47
Wind_proxy,651,121.98712749615977,700.0,5583.0,0.20911927018030926,0.03970900272809942,23,120,47
PredSched_LLM,651,122.07007680491553,700.0,5583.0,0.20911927018030924,0.006365565322825098,7,120,47
FIFO,651,134.64147465437787,647.5,9047.0,0.3047025072768137,0.017220172201722016,0,120,48
QSSF_proxy,651,134.41720430107526,647.5,9047.0,0.3047025072768137,0.0031980319803198032,1,120,48
RF_SRPT_proxy,651,134.41720430107526,647.5,9047.0,0.3047025072768137,0.0031980319803198032,1,120,48
Backfill_FIFO,651,134.41720430107526,647.5,9047.0,0.30470250727681375,0.017220172201722016,9,120,48
Wind_proxy,651,134.4494623655914,647.5,9047.0,0.30470250727681375,0.012792127921279213,9,120,48
PredSched_LLM,651,134.69370199692779,647.5,9047.0,0.30470250727681375,0.0039360393603936035,0,120,48
FIFO,651,147.02115207373274,515.0,10115.0,0.25252313395946613,0.01445466491458607,0,120,49
QSSF_proxy,651,146.41133640552997,515.0,10115.0,0.25252313395946613,0.002628120893561104,11,120,49
RF_SRPT_proxy,651,146.41133640552997,515.0,10115.0,0.25252313395946613,0.002628120893561104,11,120,49
Backfill_FIFO,651,146.4251459293395,515.0,10115.0,0.25252313395946613,0.01445466491458607,32,120,49
Wind_proxy,651,146.52806451612906,515.0,10115.0,0.25252313395946613,0.011388523872098117,38,120,49
PredSched_LLM,651,146.4420737327189,515.0,10115.0,0.25252313395946613,0.002628120893561104,11,120,49
FIFO,651,123.55250384024576,633.0,10115.0,0.17655622940352605,0.0008379888268156424,0,120,50
QSSF_proxy,651,123.3374500768049,633.0,10115.0,0.17655622940352605,0.0008379888268156424,5,120,50
RF_SRPT_proxy,651,123.3374500768049,633.0,10115.0,0.17655622940352605,0.0008379888268156424,5,120,50
Backfill_FIFO,651,123.3374500768049,633.0,10115.0,0.17655622940352605,0.0008379888268156424,22,120,50
Wind_proxy,651,123.32976958525344,633.0,10115.0,0.17655622940352605,0.0008379888268156424,22,120,50
PredSched_LLM,651,123.32976958525344,633.0,10115.0,0.17655622940352605,0.0011173184357541898,5,120,50
FIFO,651,184.87430107526885,707.005,5657.0,0.47622929003888975,0.005917159763313609,0,120,51
QSSF_proxy,651,159.97689708141323,675.5,5657.0,0.47622929003888953,0.0188893946290396,90,120,51
RF_SRPT_proxy,651,159.97689708141323,675.5,5657.0,0.47622929003888953,0.0188893946290396,86,120,51
Backfill_FIFO,651,159.31479262672812,675.5,5657.0,0.4762292900388897,0.0063723258989531175,111,120,51
Wind_proxy,651,166.46660522273427,700.0,5657.0,0.4762292900388899,0.013882567137005006,109,120,51
PredSched_LLM,651,164.70897081413213,700.0,5657.0,0.47622929003889003,0.017523896222121076,72,120,51
FIFO,651,147.55718894009215,650.5,6257.0,0.43513191891747893,0.005369127516778523,0,120,52
QSSF_proxy,651,128.68466973886328,651.0,6257.0,0.4351319189174792,0.005369127516778523,26,120,52
RF_SRPT_proxy,651,128.68466973886328,651.0,6257.0,0.4351319189174792,0.005369127516778523,23,120,52
Backfill_FIFO,651,129.7000153609831,650.5,6257.0,0.43513191891747915,0.0058165548098434005,71,120,52
Wind_proxy,651,128.67390168970815,650.0,6257.0,0.4351319189174791,0.005145413870246085,93,120,52
PredSched_LLM,651,136.6984946236559,764.5,6257.0,0.4351319189174792,0.006935123042505592,23,120,52
FIFO,651,443.5007219662059,1832.5,10425.0,0.31047414268585144,0.015687015687015686,0,120,53
QSSF_proxy,651,196.21909370199694,1271.5,10115.0,0.31998941547207116,0.012096012096012096,141,120,53
RF_SRPT_proxy,651,196.21909370199694,1271.5,10115.0,0.31998941547207116,0.012096012096012096,141,120,53
Backfill_FIFO,651,196.25288786482335,1271.5,10115.0,0.31998941547207116,0.012096012096012096,202,120,53
Wind_proxy,651,196.4341474654378,1271.5,10115.0,0.31998941547207116,0.008505008505008505,228,120,53
PredSched_LLM,651,196.2651766513057,1271.5,10115.0,0.3199894154720712,0.010773010773010773,140,120,53
FIFO,651,141.4405069124424,675.0,10115.0,0.17325714903608502,0.007901668129938543,0,120,54
QSSF_proxy,651,140.8766820276498,675.0,10115.0,0.17325714903608502,0.0260462393912789,6,120,54
RF_SRPT_proxy,651,140.8766820276498,675.0,10115.0,0.17325714903608502,0.0260462393912789,6,120,54
Backfill_FIFO,651,140.89972350230414,675.0,10115.0,0.17325714903608502,0.008486976880304361,24,120,54
Wind_proxy,651,140.89972350230414,675.0,10115.0,0.17325714903608502,0.00877963125548727,24,120,54
PredSched_LLM,651,140.8582488479263,675.0,10115.0,0.17325714903608502,0.012584138132865087,3,120,54
FIFO,651,142.21603686635947,609.0,6257.0,0.20893471811571046,0.0044004400440044,0,120,55
QSSF_proxy,651,141.53400921658985,609.0,6257.0,0.20893471811571046,0.0044004400440044,11,120,55
RF_SRPT_proxy,651,141.53400921658985,609.0,6257.0,0.20893471811571046,0.0044004400440044,10,120,55
Backfill_FIFO,651,141.53400921658988,609.0,6257.0,0.20893471811571046,0.0044004400440044,29,120,55
Wind_proxy,651,141.5109677419355,609.0,6257.0,0.20893471811571046,0.004180418041804181,28,120,55
PredSched_LLM,651,141.44336405529955,609.0,6257.0,0.20893471811571046,0.0037403740374037406,9,120,55
FIFO,651,208.32864823348697,870.0,6257.0,0.4202247349635076,0.01733986128110975,0,120,56
QSSF_proxy,651,162.2378494623656,888.0,6257.0,0.42022473496350754,0.017543859649122806,69,120,56
RF_SRPT_proxy,651,162.2378494623656,888.0,6257.0,0.42022473496350754,0.017543859649122806,67,120,56
Backfill_FIFO,651,162.1594930875576,888.0,6257.0,0.4202247349635076,0.01795185638514892,91,120,56
Wind_proxy,651,176.63969278033798,888.0,6257.0,0.42022473496350776,0.01733986128110975,102,120,56
PredSched_LLM,651,171.4745929339478,907.0100000000001,6257.0,0.4202247349635076,0.01142390860873113,79,120,56
FIFO,651,110.07648233486943,454.5,10115.0,0.18052349336793547,0.00457941672692215,0,120,57
QSSF_proxy,651,109.46204301075268,454.5,10115.0,0.18052349336793547,0.018799710773680405,14,120,57
RF_SRPT_proxy,651,109.46204301075268,454.5,10115.0,0.18052349336793547,0.018799710773680405,14,120,57
Backfill_FIFO,651,109.46204301075268,454.5,10115.0,0.18052349336793547,0.00457941672692215,37,120,57
Wind_proxy,651,109.46204301075268,454.5,10115.0,0.18052349336793547,0.005061460592913955,37,120,57
PredSched_LLM,651,109.4758678955453,454.5,10115.0,0.18052349336793547,0.009640877319836105,13,120,57
FIFO,651,126.54311827956991,651.0,10115.0,0.18355977096721043,0.005477308294209703,0,120,58
QSSF_proxy,651,126.27737327188942,651.0,10115.0,0.18355977096721043,0.005477308294209703,0,120,58
RF_SRPT_proxy,651,126.27737327188942,651.0,10115.0,0.18355977096721043,0.005477308294209703,0,120,58
Backfill_FIFO,651,126.2789093701997,651.0,10115.0,0.18355977096721043,0.005477308294209703,6,120,58
Wind_proxy,651,126.2789093701997,651.0,10115.0,0.18355977096721043,0.005477308294209703,6,120,58
PredSched_LLM,651,126.27122887864824,651.0,10115.0,0.18355977096721043,0.005216484089723527,0,120,58
FIFO,651,131.96734254992322,726.5,9047.0,0.32880295609041676,0.0036485253876558225,0,120,59
QSSF_proxy,651,131.9642396313364,726.5,9047.0,0.32880295609041676,0.0036485253876558225,0,120,59
RF_SRPT_proxy,651,131.9642396313364,726.5,9047.0,0.32880295609041676,0.0036485253876558225,0,120,59
Backfill_FIFO,651,131.9642396313364,726.5,9047.0,0.32880295609041676,0.0036485253876558225,4,120,59
Wind_proxy,651,131.9857450076805,726.5,9047.0,0.32880295609041676,0.0033444816053511705,5,120,59
PredSched_LLM,651,131.97192012288787,726.5,9047.0,0.32880295609041676,0.0036485253876558225,0,120,59
FIFO,651,134.3900614439324,515.0,9047.0,0.20440710778895385,0.005828071879553181,0,120,60
QSSF_proxy,651,134.2963594470046,515.0,9047.0,0.20440710778895385,0.005828071879553181,4,120,60
RF_SRPT_proxy,651,134.2963594470046,515.0,9047.0,0.20440710778895385,0.005828071879553181,4,120,60
Backfill_FIFO,651,134.2963594470046,515.0,9047.0,0.20440710778895385,0.005828071879553181,13,120,60
Wind_proxy,651,134.2963594470046,515.0,9047.0,0.20440710778895385,0.0055852355512384655,13,120,60
PredSched_LLM,651,134.29634408602152,515.0,9047.0,0.20440710778895385,0.004613890237979602,4,120,60
FIFO,651,133.88113671274962,650.5,6257.0,0.3589833786159501,0.002784918594687232,0,120,61
QSSF_proxy,651,128.91185867895544,650.5,6257.0,0.35898337861595014,0.0021422450728363325,19,120,61
RF_SRPT_proxy,651,128.91185867895544,650.5,6257.0,0.35898337861595014,0.0021422450728363325,19,120,61
Backfill_FIFO,651,129.15917050691243,650.5,6257.0,0.35898337861595014,0.0021422450728363325,47,120,61
Wind_proxy,651,129.60771121351766,650.5,6257.0,0.3589833786159501,0.0012853470437017994,67,120,61
PredSched_LLM,651,142.29127496159757,786.5,6257.0,0.3589833786159502,0.0014995715509854327,30,120,61
FIFO,651,131.1499692780338,555.5,10115.0,0.16622927891744935,0.009922555663117135,0,120,62
QSSF_proxy,651,131.12231950844856,555.5,10115.0,0.16622927891744935,0.009922555663117135,0,120,62
RF_SRPT_proxy,651,131.12231950844856,555.5,10115.0,0.16622927891744935,0.009922555663117135,0,120,62
Backfill_FIFO,651,131.12231950844856,555.5,10115.0,0.16622927891744935,0.009922555663117135,5,120,62
Wind_proxy,651,131.1515053763441,555.5,10115.0,0.16622927891744935,0.009438528557599225,5,120,62
PredSched_LLM,651,132.6046543778802,555.5,10115.0,0.16622927891744935,0.0062923523717328175,8,120,62
FIFO,651,306.3450844854071,1223.5100000000002,10115.0,0.325460967622343,0.0027472527472527475,0,120,63
QSSF_proxy,651,160.03319508448544,650.0,10115.0,0.3254609676223431,0.0027472527472527475,91,120,63
RF_SRPT_proxy,651,160.03319508448544,650.0,10115.0,0.3254609676223431,0.0027472527472527475,91,120,63
Backfill_FIFO,651,160.01937019969282,650.0,10115.0,0.3254609676223431,0.0027472527472527475,119,120,63
Wind_proxy,651,160.01937019969282,650.0,10115.0,0.3254609676223431,0.0027472527472527475,119,120,63
PredSched_LLM,651,160.01321044546853,650.0,10115.0,0.3254609676223431,0.0024975024975024975,87,120,63
FIFO,651,131.8369124423963,460.5,10115.0,0.21579986200362494,0.0037444933920704844,0,120,64
QSSF_proxy,651,131.5189247311828,460.5,10115.0,0.21579986200362494,0.016079295154185023,2,120,64
RF_SRPT_proxy,651,131.5189247311828,460.5,10115.0,0.21579986200362494,0.016079295154185023,2,120,64
Backfill_FIFO,651,131.51431643625193,460.5,10115.0,0.2157998620036249,0.0037444933920704844,26,120,64
Wind_proxy,651,131.52202764976957,460.5,10115.0,0.2157998620036249,0.003524229074889868,27,120,64
PredSched_LLM,651,131.55580645161288,460.5,10115.0,0.21579986200362494,0.003303964757709251,1,120,64
FIFO,651,118.68774193548387,596.0,10115.0,0.19344135463008735,0.0041242782513060215,0,120,65
QSSF_proxy,651,118.68009216589863,596.0,10115.0,0.19344135463008735,0.00384932636788562,3,120,65
RF_SRPT_proxy,651,118.68009216589863,596.0,10115.0,0.19344135463008735,0.00384932636788562,3,120,65
Backfill_FIFO,651,118.6447311827957,596.0,10115.0,0.19344135463008735,0.0041242782513060215,3,120,65
Wind_proxy,651,118.63705069124424,596.0,10115.0,0.19344135463008735,0.00384932636788562,3,120,65
PredSched_LLM,651,118.6094162826421,596.0,10115.0,0.19344135463008735,0.0035743744844652188,2,120,65
FIFO,651,227.90430107526885,769.0,10115.0,0.29891312819245364,0.0040128410914927765,0,120,66
QSSF_proxy,651,156.15499231950844,650.0,10115.0,0.2989131281924536,0.002675227394328518,39,120,66
RF_SRPT_proxy,651,156.15499231950844,650.0,10115.0,0.2989131281924536,0.002675227394328518,38,120,66
Backfill_FIFO,651,157.2547926267281,622.0,10115.0,0.2989131281924535,0.0032102728731942215,96,120,66
Wind_proxy,651,166.12125960061445,650.0,10115.0,0.29891312819245364,0.003745318352059925,110,120,66
PredSched_LLM,651,163.42076804915516,676.0,10115.0,0.2989131281924537,0.012038523274478331,70,120,66
FIFO,651,185.81663594470047,853.0,10115.0,0.28736358543417373,0.005314685314685315,0,120,67
QSSF_proxy,651,176.02554531490017,853.0,10115.0,0.2873635854341736,0.005314685314685315,20,120,67
RF_SRPT_proxy,651,176.02554531490017,853.0,10115.0,0.2873635854341736,0.005314685314685315,18,120,67
Backfill_FIFO,651,176.15918586789556,853.0,10115.0,0.2873635854341736,0.005314685314685315,57,120,67
Wind_proxy,651,178.38345622119817,853.0,10115.0,0.2873635854341737,0.005594405594405594,62,120,67
PredSched_LLM,651,182.87961597542244,853.0,10115.0,0.2873635854341736,0.0036363636363636364,16,120,67
FIFO,651,126.98714285714284,555.5,10115.0,0.29676227034931624,0.018518518518518517,0,120,68
QSSF_proxy,651,126.82431643625193,555.5,10115.0,0.29676227034931624,0.01827801827801828,1,120,68
RF_SRPT_proxy,651,126.82431643625193,555.5,10115.0,0.29676227034931624,0.01827801827801828,1,120,68
Backfill_FIFO,651,126.8243164362519,555.5,10115.0,0.29676227034931624,0.01827801827801828,7,120,68
Wind_proxy,651,126.97024577572964,555.5,10115.0,0.29676227034931624,0.01418951418951419,17,120,68
PredSched_LLM,651,127.31586789554532,555.5,10115.0,0.29676227034931624,0.012265512265512266,4,120,68
FIFO,651,375.98984639016913,1280.0,10115.0,0.33099842848904265,0.0058965424819083356,0,120,69
QSSF_proxy,651,154.485222734255,620.0,10115.0,0.33099842848904276,0.017421602787456445,118,120,69
RF_SRPT_proxy,651,154.485222734255,620.0,10115.0,0.33099842848904276,0.017421602787456445,118,120,69
Backfill_FIFO,651,154.485222734255,620.0,10115.0,0.33099842848904276,0.0021441972661484857,150,120,69
Wind_proxy,651,154.485222734255,620.0,10115.0,0.33099842848904276,0.0021441972661484857,150,120,69
PredSched_LLM,651,154.4851920122888,620.0,10115.0,0.33099842848904276,0.003484320557491289,118,120,69
FIFO,651,261.807603686636,970.0,9047.0,0.33683658947717465,0.003915426781519186,0,120,70
QSSF_proxy,651,190.96254992319507,973.5,9047.0,0.3368365894771747,0.0052205690420255805,98,120,70
RF_SRPT_proxy,651,190.96254992319507,973.5,9047.0,0.3368365894771747,0.0052205690420255805,94,120,70
Backfill_FIFO,651,193.75211981566818,973.5,9047.0,0.3368365894771747,0.005742625946228139,118,120,70
Wind_proxy,651,193.7843778801843,973.5,9047.0,0.3368365894771747,0.0052205690420255805,120,120,70
PredSched_LLM,651,190.97023041474654,973.5,9047.0,0.3368365894771747,0.0052205690420255805,94,120,70
FIFO,651,108.72743471582181,397.5,10115.0,0.16927142136266277,0.002357872674875557,0,120,71
QSSF_proxy,651,105.82574500768048,397.5,10115.0,0.16927142136266277,0.002095886822111606,3,120,71
RF_SRPT_proxy,651,105.82574500768048,397.5,10115.0,0.16927142136266277,0.002095886822111606,3,120,71
Backfill_FIFO,651,105.8226728110599,397.5,10115.0,0.16927142136266277,0.002095886822111606,26,120,71
Wind_proxy,651,105.8226728110599,397.5,10115.0,0.16927142136266277,0.002095886822111606,26,120,71
PredSched_LLM,651,106.53849462365591,398.5,10115.0,0.1692714213626628,0.0013099292638197536,5,120,71
FIFO,651,101.24368663594473,609.0,5583.0,0.2251478950235835,0.005003752814610958,0,120,72
QSSF_proxy,651,101.24059907834102,609.0,5583.0,0.2251478950235835,0.005003752814610958,1,120,72
RF_SRPT_proxy,651,101.24059907834102,609.0,5583.0,0.2251478950235835,0.005003752814610958,1,120,72
Backfill_FIFO,651,101.24061443932413,609.0,5583.0,0.2251478950235835,0.005003752814610958,2,120,72
Wind_proxy,651,101.24061443932413,609.0,5583.0,0.2251478950235835,0.004253189892419315,2,120,72
PredSched_LLM,651,101.25133640552997,609.0,5583.0,0.2251478950235835,0.008756567425569177,0,120,72
FIFO,651,300.7644239631337,1219.5100000000002,6747.0,0.41042319889086515,0.003665881120712228,0,120,73
QSSF_proxy,651,126.24219662058374,675.5,6257.0,0.4425643795615576,0.01702016234616392,105,120,73
RF_SRPT_proxy,651,126.24219662058374,675.5,6257.0,0.4425643795615576,0.01702016234616392,102,120,73
Backfill_FIFO,651,126.24219662058371,675.5,6257.0,0.4425643795615576,0.0015710919088766694,152,120,73
Wind_proxy,651,127.52944700460829,675.5,6257.0,0.4425643795615576,0.0015710919088766694,154,120,73
PredSched_LLM,651,127.54480798771124,675.5,6267.0,0.4418581973698206,0.015710919088766692,102,120,73
FIFO,651,84.61872503840246,367.0,5657.0,0.17278543176595368,0.0036582179252678338,0,120,74
QSSF_proxy,651,84.53270353302611,367.0,5657.0,0.17278543176595368,0.0036582179252678338,7,120,74
RF_SRPT_proxy,651,84.53270353302611,367.0,5657.0,0.17278543176595368,0.0036582179252678338,7,120,74
Backfill_FIFO,651,84.53270353302611,367.0,5657.0,0.17278543176595368,0.0036582179252678338,13,120,74
Wind_proxy,651,84.53270353302611,367.0,5657.0,0.17278543176595368,0.0036582179252678338,13,120,74
PredSched_LLM,651,84.53270353302611,367.0,5657.0,0.17278543176595368,0.0020904102430101905,7,120,74
FIFO,651,192.3415821812596,790.5,9047.0,0.30731364909178,0.006748614123885274,0,120,75
QSSF_proxy,651,157.69,761.0,9047.0,0.30731364909177994,0.008194745721860689,64,120,75
RF_SRPT_proxy,651,157.69,761.0,9047.0,0.30731364909177994,0.008194745721860689,61,120,75
Backfill_FIFO,651,158.59715821812597,757.0,9047.0,0.30731364909178005,0.008194745721860689,126,120,75
Wind_proxy,651,170.09803379416283,761.0,9047.0,0.3073136490917799,0.006025548324897566,127,120,75
PredSched_LLM,651,167.11199692780338,772.5,9047.0,0.30731364909177983,0.006748614123885274,106,120,75
FIFO,651,108.90861751152075,393.5,10115.0,0.19177436047948584,0.0044896030245746696,0,120,76
QSSF_proxy,651,105.8778494623656,393.5,10115.0,0.19177436047948584,0.00496219281663516,2,120,76
RF_SRPT_proxy,651,105.8778494623656,393.5,10115.0,0.19177436047948584,0.00496219281663516,2,120,76
Backfill_FIFO,651,105.94236559139786,393.5,10115.0,0.19177436047948584,0.00496219281663516,26,120,76
Wind_proxy,651,105.9346850998464,393.5,10115.0,0.19177436047948584,0.00496219281663516,26,120,76
PredSched_LLM,651,105.85480798771123,393.5,10115.0,0.19177436047948584,0.004017013232514178,2,120,76
FIFO,651,133.31247311827957,753.0,10115.0,0.21212546548030975,0.006204478014567035,0,120,77
QSSF_proxy,651,126.57668202764977,753.0,10115.0,0.21212546548030972,0.02158079309414621,11,120,77
RF_SRPT_proxy,651,126.57668202764977,753.0,10115.0,0.21212546548030972,0.02158079309414621,11,120,77
Backfill_FIFO,651,126.51523809523809,753.0,10115.0,0.21212546548030972,0.005934718100890208,42,120,77
Wind_proxy,651,126.51523809523809,753.0,10115.0,0.21212546548030972,0.005934718100890208,42,120,77
PredSched_LLM,651,126.84549923195084,753.0,10115.0,0.21212546548030972,0.016455354734286484,10,120,77
FIFO,651,313.7976497695853,1082.0,10115.0,0.3784758259186027,0.0016882386043894203,0,120,78
QSSF_proxy,651,236.3377726574501,1099.505,10115.0,0.3784758259186028,0.020821609454136185,116,120,78
RF_SRPT_proxy,651,236.3377726574501,1099.505,10115.0,0.3784758259186028,0.020821609454136185,114,120,78
Backfill_FIFO,651,247.14572964669742,1063.5,10115.0,0.3784758259186027,0.004220596510973551,136,120,78
Wind_proxy,651,247.48059907834104,1063.5,10115.0,0.3784758259186027,0.004220596510973551,154,120,78
PredSched_LLM,651,236.3577419354839,1099.505,10115.0,0.3784758259186028,0.018570624648283626,114,120,78
FIFO,651,160.31883256528423,650.5,10115.0,0.3255367502883506,0.007704160246533128,0,120,79
QSSF_proxy,651,155.86261136712753,650.5,10115.0,0.32553675028835055,0.009501797637390858,23,120,79
RF_SRPT_proxy,651,155.86261136712753,650.5,10115.0,0.32553675028835055,0.009501797637390858,23,120,79
Backfill_FIFO,651,155.7366513056836,650.5,10115.0,0.32553675028835055,0.009501797637390858,62,120,79
Wind_proxy,651,155.90254992319512,650.5,10115.0,0.32553675028835055,0.008988186954288649,70,120,79
PredSched_LLM,651,156.01161290322585,650.5,10115.0,0.32553675028835055,0.008988186954288649,29,120,79
FIFO,651,126.40462365591398,352.0,10115.0,0.236757119171198,0.00391524643021649,0,120,80
QSSF_proxy,651,119.7241321044547,359.0,10115.0,0.23675711917119796,0.00391524643021649,8,120,80
RF_SRPT_proxy,651,119.7241321044547,359.0,10115.0,0.23675711917119796,0.00391524643021649,8,120,80
Backfill_FIFO,651,118.67190476190477,345.5,10115.0,0.23675711917119796,0.00391524643021649,36,120,80
Wind_proxy,651,118.80708141321045,345.5,10115.0,0.23675711917119796,0.0029940119760479044,38,120,80
PredSched_LLM,651,129.16652841781874,653.0,10115.0,0.23675711917119796,0.004606172270842929,10,120,80
FIFO,651,240.5819662058372,1240.0,9047.0,0.40048038253933166,0.005,0,120,81
QSSF_proxy,651,191.93800307219664,951.0,9047.0,0.40048038253933177,0.004736842105263158,57,120,81
RF_SRPT_proxy,651,191.93800307219664,951.0,9047.0,0.40048038253933177,0.004736842105263158,56,120,81
Backfill_FIFO,651,190.9840706605223,951.0,9047.0,0.40048038253933177,0.003947368421052632,92,120,81
Wind_proxy,651,191.26218125960065,951.0,9047.0,0.40048038253933177,0.003947368421052632,104,120,81
PredSched_LLM,651,192.1960829493088,951.0,9047.0,0.40048038253933177,0.01,58,120,81
FIFO,651,1584.078294930876,4862.0,12554.0,0.4029670083572303,0.01131611316113161,0,120,82
QSSF_proxy,651,198.8519047619048,898.0,9047.0,0.5591740712851405,0.0024600246002460025,182,120,82
RF_SRPT_proxy,651,198.8519047619048,898.0,9047.0,0.5591740712851405,0.0024600246002460025,179,120,82
Backfill_FIFO,651,198.95635944700464,898.0,9047.0,0.5591740712851405,0.0019680196801968018,278,120,82
Wind_proxy,651,198.99322580645165,898.0,9047.0,0.5591740712851405,0.0014760147601476014,278,120,82
PredSched_LLM,651,199.1915207373272,898.0,9047.0,0.5591740712851404,0.016728167281672816,185,120,82
FIFO,651,559.9439784946237,1935.0,9895.0,0.3936150675846387,0.00457433290978399,0,120,83
QSSF_proxy,651,264.1075115207373,1038.5,9047.0,0.43050968207693163,0.005336721728081322,85,120,83
RF_SRPT_proxy,651,264.1075115207373,1038.5,9047.0,0.43050968207693163,0.005336721728081322,81,120,83
Backfill_FIFO,651,277.0136405529954,1030.0,9047.0,0.4305096820769317,0.005336721728081322,89,120,83
Wind_proxy,651,277.0658678955453,1030.0,9047.0,0.4305096820769317,0.005336721728081322,98,120,83
PredSched_LLM,651,264.1505222734255,1038.5,9047.0,0.43050968207693163,0.0048284625158831005,82,120,83
FIFO,651,104.23112135176652,393.5,10115.0,0.15784989701763058,0.004451427075150563,0,120,84
QSSF_proxy,651,103.56599078341014,393.5,10115.0,0.15784989701763058,0.003927729772191673,9,120,84
RF_SRPT_proxy,651,103.56599078341014,393.5,10115.0,0.15784989701763058,0.003927729772191673,8,120,84
Backfill_FIFO,651,103.56599078341014,393.5,10115.0,0.15784989701763058,0.004451427075150563,44,120,84
Wind_proxy,651,103.58288786482336,393.5,10115.0,0.15784989701763058,0.004451427075150563,44,120,84
PredSched_LLM,651,103.59362519201231,393.5,10115.0,0.15784989701763058,0.007855459544383346,8,120,84
FIFO,651,175.21754224270356,647.0,10115.0,0.41981318586258054,0.020089285714285716,0,120,85
QSSF_proxy,651,167.21445468509987,647.0,10115.0,0.41981318586258043,0.03627232142857143,25,120,85
RF_SRPT_proxy,651,167.21445468509987,647.0,10115.0,0.41981318586258043,0.03627232142857143,25,120,85
Backfill_FIFO,651,167.10692780337945,647.0,10115.0,0.41981318586258043,0.019810267857142856,48,120,85
Wind_proxy,651,167.64917050691247,647.0,10115.0,0.4198131858625804,0.013950892857142858,52,120,85
PredSched_LLM,651,167.2436405529954,647.0,10115.0,0.41981318586258043,0.029575892857142856,25,120,85
FIFO,651,366.69721966205844,1280.0100000000002,10420.0,0.31237251279590533,0.003312945973496432,0,120,86
QSSF_proxy,651,157.3098156682028,675.5,10420.0,0.31237251279590533,0.0028032619775739042,95,120,86
RF_SRPT_proxy,651,157.3098156682028,675.5,10420.0,0.31237251279590533,0.0028032619775739042,93,120,86
Backfill_FIFO,651,157.5187250384025,675.5,10420.0,0.31237251279590533,0.0028032619775739042,143,120,86
Wind_proxy,651,164.40044546851001,853.0,10420.0,0.3123725127959053,0.0030581039755351682,162,120,86
PredSched_LLM,651,158.97800307219663,776.0,10420.0,0.31237251279590517,0.0025484199796126403,98,120,86
FIFO,651,211.72158218125963,903.0,10115.0,0.2283219136183886,0.005877843087145413,0,120,87
QSSF_proxy,651,154.08241167434718,890.0,10115.0,0.2283219136183887,0.006388959877331971,61,120,87
RF_SRPT_proxy,651,154.08241167434718,890.0,10115.0,0.2283219136183887,0.006388959877331971,60,120,87
Backfill_FIFO,651,154.0947004608295,890.0,10115.0,0.22832191361838866,0.006133401482238692,87,120,87
Wind_proxy,651,167.6150844854071,890.0,10115.0,0.22832191361838866,0.006133401482238692,102,120,87
PredSched_LLM,651,170.65287250384026,914.5,10115.0,0.2283219136183886,0.006388959877331971,81,120,87
FIFO,651,107.21907834101381,555.5,9047.0,0.2434635664216499,0.0162137474309203,0,120,88
QSSF_proxy,651,107.08697388632872,555.5,9047.0,0.2434635664216499,0.00296871431833752,6,120,88
RF_SRPT_proxy,651,107.08697388632872,555.5,9047.0,0.2434635664216499,0.00296871431833752,5,120,88
Backfill_FIFO,651,107.0700768049155,555.5,9047.0,0.2434635664216499,0.02900205526375885,16,120,88
Wind_proxy,651,107.06546850998463,555.5,9047.0,0.2434635664216499,0.025576615665677094,17,120,88
PredSched_LLM,651,107.06081413210445,555.5,9047.0,0.2434635664216499,0.0022836263987211693,6,120,88
FIFO,651,161.7309677419355,799.5,10115.0,0.3164264798566486,0.0033120416370948664,0,120,89
QSSF_proxy,651,142.45447004608297,759.0,10115.0,0.3164264798566486,0.0040217648450437665,11,120,89
RF_SRPT_proxy,651,142.45447004608297,759.0,10115.0,0.3164264798566486,0.0040217648450437665,11,120,89
Backfill_FIFO,651,145.96599078341015,647.0,10115.0,0.3164264798566486,0.0040217648450437665,52,120,89
Wind_proxy,651,145.96599078341015,647.0,10115.0,0.3164264798566486,0.003785190442394133,52,120,89
PredSched_LLM,651,150.24250384024577,823.0,10115.0,0.3164264798566485,0.0042583392476933995,15,120,89
FIFO,651,141.1041628264209,399.5,10115.0,0.3153645256632064,0.01619718309859155,0,120,90
QSSF_proxy,651,140.87221198156683,399.5,10115.0,0.3153645256632064,0.002347417840375587,1,120,90
RF_SRPT_proxy,651,140.87221198156683,399.5,10115.0,0.3153645256632064,0.002347417840375587,1,120,90
Backfill_FIFO,651,140.8722119815668,399.5,10115.0,0.3153645256632064,0.01619718309859155,18,120,90
Wind_proxy,651,140.8722119815668,399.5,10115.0,0.3153645256632064,0.013849765258215962,18,120,90
PredSched_LLM,651,140.87221198156683,399.5,10115.0,0.3153645256632064,0.002112676056338028,1,120,90
FIFO,651,465.8997235023043,1831.0,10625.0,0.4214074450980395,0.02109479305740988,0,120,91
QSSF_proxy,651,183.37869431643628,953.0,10420.0,0.4296980906110046,0.03497997329773031,133,120,91
RF_SRPT_proxy,651,183.37869431643628,953.0,10420.0,0.4296980906110046,0.03497997329773031,131,120,91
Backfill_FIFO,651,183.38331797235023,953.0,10420.0,0.4296980906110045,0.019759679572763686,184,120,91
Wind_proxy,651,187.64132104454688,979.0,10559.0,0.42404149106607314,0.01628838451268358,184,120,91
PredSched_LLM,651,187.59368663594472,979.5,10420.0,0.42969809061100445,0.027503337783711616,133,120,91
FIFO,651,123.59095238095237,609.0,9047.0,0.2244997351792491,0.0023369946249123625,0,120,92
QSSF_proxy,651,123.4726728110599,609.0,9047.0,0.2244997351792491,0.0021032951624211263,6,120,92
RF_SRPT_proxy,651,123.4726728110599,609.0,9047.0,0.2244997351792491,0.0021032951624211263,6,120,92
Backfill_FIFO,651,123.4726728110599,609.0,9047.0,0.2244997351792491,0.0023369946249123625,13,120,92
Wind_proxy,651,123.46806451612902,609.0,9047.0,0.2244997351792491,0.0035054919373685442,13,120,92
PredSched_LLM,651,124.36821812596006,609.0,9047.0,0.2244997351792491,0.0023369946249123625,10,120,92
FIFO,651,94.73067588325652,340.0,9047.0,0.2387112636325117,0.0032258064516129032,0,120,93
QSSF_proxy,651,94.73067588325652,340.0,9047.0,0.2387112636325117,0.002977667493796526,0,120,93
RF_SRPT_proxy,651,94.73067588325652,340.0,9047.0,0.2387112636325117,0.002977667493796526,0,120,93
Backfill_FIFO,651,94.73067588325652,340.0,9047.0,0.2387112636325117,0.0032258064516129032,0,120,93
Wind_proxy,651,94.73067588325652,340.0,9047.0,0.2387112636325117,0.002977667493796526,0,120,93
PredSched_LLM,651,94.67384024577572,340.0,9047.0,0.23871126363251174,0.0032258064516129032,0,120,93
FIFO,651,124.10537634408605,596.0,10115.0,0.16481773871313232,0.0021728633510381457,0,120,94
QSSF_proxy,651,124.06850998463902,596.0,10115.0,0.16481773871313232,0.001931434089811685,4,120,94
RF_SRPT_proxy,651,124.06850998463902,596.0,10115.0,0.16481773871313232,0.001931434089811685,4,120,94
Backfill_FIFO,651,124.06850998463905,596.0,10115.0,0.16481773871313232,0.0021728633510381457,4,120,94
Wind_proxy,651,124.06850998463905,596.0,10115.0,0.16481773871313232,0.0021728633510381457,4,120,94
PredSched_LLM,651,124.2067588325653,596.0,10115.0,0.16481773871313232,0.0021728633510381457,4,120,94
FIFO,651,133.26360983102919,397.0,10115.0,0.1583711958312737,0.005456349206349206,0,120,95
QSSF_proxy,651,131.14993855606758,395.0,10115.0,0.15837119583127365,0.005704365079365079,6,120,95
RF_SRPT_proxy,651,131.14993855606758,395.0,10115.0,0.15837119583127365,0.005704365079365079,6,120,95
Backfill_FIFO,651,131.21138248847927,397.0,10115.0,0.1583711958312736,0.005704365079365079,34,120,95
Wind_proxy,651,131.21138248847927,397.0,10115.0,0.1583711958312736,0.005456349206349206,34,120,95
PredSched_LLM,651,131.14993855606758,395.0,10115.0,0.15837119583127365,0.004712301587301587,6,120,95
FIFO,651,126.69850998463903,456.0,10115.0,0.23366206644422471,0.002608489447474508,0,120,96
QSSF_proxy,651,126.49881720430106,456.0,10115.0,0.23366206644422471,0.0023713540431586438,3,120,96
RF_SRPT_proxy,651,126.49881720430106,456.0,10115.0,0.23366206644422471,0.0023713540431586438,3,120,96
Backfill_FIFO,651,126.49574500768051,456.0,10115.0,0.23366206644422471,0.002608489447474508,16,120,96
Wind_proxy,651,126.5541167434716,456.0,10115.0,0.23366206644422471,0.002608489447474508,20,120,96
PredSched_LLM,651,126.52800307219661,456.0,10115.0,0.23366206644422471,0.0016599478302110505,0,120,96
FIFO,651,96.53244239631339,351.0,9047.0,0.232476848909399,0.005514265164229201,0,120,97
QSSF_proxy,651,95.46486943164363,351.0,9047.0,0.2324768489093991,0.006233517142172141,7,120,97
RF_SRPT_proxy,651,95.46486943164363,351.0,9047.0,0.2324768489093991,0.006233517142172141,7,120,97
Backfill_FIFO,651,95.3388940092166,351.0,9047.0,0.232476848909399,0.006233517142172141,17,120,97
Wind_proxy,651,95.16838709677421,363.0,9047.0,0.2324768489093991,0.006233517142172141,17,120,97
PredSched_LLM,651,95.4295084485407,371.5,9047.0,0.2324768489093991,0.009829777031886838,4,120,97
FIFO,651,118.01514592933948,596.0,6257.0,0.2503148074156944,0.0035306898424769147,0,120,98
QSSF_proxy,651,117.89533026113669,596.0,6257.0,0.2503148074156944,0.0032590983161325366,2,120,98
RF_SRPT_proxy,651,117.89533026113669,596.0,6257.0,0.2503148074156944,0.0032590983161325366,2,120,98
Backfill_FIFO,651,117.89533026113672,596.0,6257.0,0.2503148074156944,0.0035306898424769147,14,120,98
Wind_proxy,651,117.89533026113672,596.0,6257.0,0.2503148074156944,0.0035306898424769147,14,120,98
PredSched_LLM,651,117.91529953917049,596.0,6257.0,0.25031480741569434,0.0019011406844106464,2,120,98
FIFO,651,138.4816129032258,609.0,6257.0,0.34910338920409145,0.003793266951161688,0,120,99
QSSF_proxy,651,117.30496159754225,596.0,6257.0,0.34910338920409145,0.005689900426742532,16,120,99
RF_SRPT_proxy,651,117.30496159754225,596.0,6257.0,0.34910338920409145,0.005689900426742532,16,120,99
Backfill_FIFO,651,115.993133640553,596.0,6257.0,0.3491033892040915,0.005452821242294926,64,120,99
Wind_proxy,651,119.74428571428574,609.0,6257.0,0.3491033892040913,0.005452821242294926,74,120,99
PredSched_LLM,651,122.73815668202766,651.0,6257.0,0.34910338920409145,0.00474158368895211,16,120,99
FIFO,651,494.4637019969279,1995.5250000000005,10625.0,0.4064208607843137,0.004274578828262509,0,120,100
QSSF_proxy,651,185.34520737327188,675.5,10115.0,0.42691266889108603,0.0020115665074176515,126,120,100
RF_SRPT_proxy,651,185.34520737327188,675.5,10115.0,0.42691266889108603,0.0020115665074176515,124,120,100
Backfill_FIFO,651,185.3406144393241,675.5,10115.0,0.42691266889108603,0.0030173497611264773,162,120,100
Wind_proxy,651,185.47118279569892,675.5,10115.0,0.42691266889108603,0.002514458134272064,161,120,100
PredSched_LLM,651,185.43430107526882,675.5,10115.0,0.42691266889108603,0.0037716872014080965,123,120,100
FIFO,651,106.74142857142859,406.0,10115.0,0.22448107287032462,0.003257328990228013,0,120,101
QSSF_proxy,651,106.57245775729649,406.0,10115.0,0.22448107287032462,0.003908794788273616,5,120,101
RF_SRPT_proxy,651,106.57245775729649,406.0,10115.0,0.22448107287032462,0.003908794788273616,5,120,101
Backfill_FIFO,651,106.55863287250386,406.0,10115.0,0.22448107287032462,0.003257328990228013,16,120,101
Wind_proxy,651,106.55863287250386,406.0,10115.0,0.22448107287032462,0.003474484256243214,16,120,101
PredSched_LLM,651,106.45878648233489,406.0,10115.0,0.22448107287032462,0.003691639522258415,2,120,101
FIFO,651,147.38534562211984,644.0,10115.0,0.1818467210413577,0.004122766834631242,0,120,102
QSSF_proxy,651,147.3146543778802,644.0,10115.0,0.1818467210413577,0.004351809436555199,2,120,102
RF_SRPT_proxy,651,147.3146543778802,644.0,10115.0,0.1818467210413577,0.004351809436555199,2,120,102
Backfill_FIFO,651,147.34225806451613,644.0,10115.0,0.1818467210413577,0.004122766834631242,9,120,102
Wind_proxy,651,147.34225806451613,644.0,10115.0,0.1818467210413577,0.004351809436555199,9,120,102
PredSched_LLM,651,147.63715821812596,644.0,10115.0,0.1818467210413577,0.005267979844251031,6,120,102
FIFO,651,143.6674039938556,596.0,10115.0,0.20305427788762564,0.005437469105289174,0,120,103
QSSF_proxy,651,143.48307219662058,596.0,10115.0,0.20305427788762564,0.005437469105289174,1,120,103
RF_SRPT_proxy,651,143.48307219662058,596.0,10115.0,0.20305427788762564,0.005437469105289174,1,120,103
Backfill_FIFO,651,143.48307219662058,596.0,10115.0,0.20305427788762564,0.005437469105289174,17,120,103
Wind_proxy,651,143.48307219662058,596.0,10115.0,0.20305427788762564,0.005437469105289174,17,120,103
PredSched_LLM,651,143.48307219662058,596.0,10115.0,0.20305427788762564,0.0037073652990608007,1,120,103
FIFO,651,131.58619047619047,555.5,9047.0,0.23880941541394943,0.016662862360191738,0,120,104
QSSF_proxy,651,131.45256528417818,555.5,9047.0,0.23880941541394937,0.0025108422734535494,2,120,104
RF_SRPT_proxy,651,131.45256528417818,555.5,9047.0,0.23880941541394937,0.0025108422734535494,2,120,104
Backfill_FIFO,651,131.4525652841782,555.5,9047.0,0.23880941541394937,0.003195617438940881,6,120,104
Wind_proxy,651,131.4525652841782,555.5,9047.0,0.23880941541394937,0.0036521342159324356,6,120,104
PredSched_LLM,651,131.47715821812596,555.5,9047.0,0.23880941541394937,0.009586852316822643,4,120,104
FIFO,651,129.10695852534562,397.0,10115.0,0.2025656080079091,0.0024944567627494456,0,120,105
QSSF_proxy,651,129.10081413210446,397.0,10115.0,0.2025656080079091,0.0019401330376940134,0,120,105
RF_SRPT_proxy,651,129.10081413210446,397.0,10115.0,0.2025656080079091,0.0019401330376940134,0,120,105
Backfill_FIFO,651,129.10081413210446,397.0,10115.0,0.2025656080079091,0.0024944567627494456,2,120,105
Wind_proxy,651,129.10081413210446,397.0,10115.0,0.2025656080079091,0.0024944567627494456,2,120,105
PredSched_LLM,651,129.06855606758833,397.0,10115.0,0.2025656080079091,0.0016629711751662971,0,120,105
FIFO,651,142.76434715821813,596.0,6257.0,0.39092335084705143,0.017948717948717947,0,120,106
QSSF_proxy,651,128.74433179723505,596.0,6257.0,0.3909233508470515,0.008158508158508158,34,120,106
RF_SRPT_proxy,651,128.74433179723505,596.0,6257.0,0.3909233508470515,0.008158508158508158,29,120,106
Backfill_FIFO,651,128.77963133640554,596.0,6257.0,0.3909233508470515,0.020745920745920746,74,120,106
Wind_proxy,651,128.78116743471583,596.0,6257.0,0.3909233508470515,0.01888111888111888,74,120,106
PredSched_LLM,651,128.733579109063,596.0,6257.0,0.3909233508470515,0.007459207459207459,28,120,106
FIFO,651,94.73655913978494,406.0,9047.0,0.16825904190155117,0.0036610878661087866,0,120,107
QSSF_proxy,651,94.70579109062982,406.0,9047.0,0.16825904190155117,0.01856694560669456,1,120,107
RF_SRPT_proxy,651,94.70579109062982,406.0,9047.0,0.16825904190155117,0.01856694560669456,1,120,107
Backfill_FIFO,651,94.7057910906298,406.0,9047.0,0.16825904190155117,0.0036610878661087866,7,120,107
Wind_proxy,651,94.72883256528418,406.0,9047.0,0.16825904190155114,0.002876569037656904,9,120,107
PredSched_LLM,651,106.43543778801843,647.0,9047.0,0.16825904190155122,0.012813807531380754,5,120,107
FIFO,651,391.97820276497697,1323.505,6752.0,0.41366398073410354,0.005396654074473826,0,120,108
QSSF_proxy,651,138.36966205837174,854.0,6257.0,0.44638951540940797,0.004317323259579061,133,120,108
RF_SRPT_proxy,651,138.36966205837174,854.0,6257.0,0.44638951540940797,0.004317323259579061,131,120,108
Backfill_FIFO,651,138.36966205837174,854.0,6257.0,0.44638951540940797,0.004317323259579061,166,120,108
Wind_proxy,651,141.5140552995392,898.0,6257.0,0.44638951540940836,0.0040474905558553695,164,120,108
PredSched_LLM,651,140.89961597542245,898.0,6257.0,0.44638951540940836,0.003507825148407987,132,120,108
FIFO,651,133.41717357910906,609.0,5583.0,0.2885114223237208,0.00422275006598047,0,120,109
QSSF_proxy,651,131.71519201228878,609.0,5583.0,0.2885114223237208,0.020849828450778568,7,120,109
RF_SRPT_proxy,651,131.71519201228878,609.0,5583.0,0.2885114223237208,0.020849828450778568,6,120,109
Backfill_FIFO,651,131.71517665130568,609.0,5583.0,0.2885114223237208,0.00422275006598047,24,120,109
Wind_proxy,651,131.76279569892475,609.0,5583.0,0.2885114223237208,0.00395882818685669,28,120,109
PredSched_LLM,651,131.89490015360983,609.0,5583.0,0.2885114223237208,0.017154922143045658,7,120,109
FIFO,651,108.14225806451613,525.0,5153.0,0.2581740086680897,0.0019574259848299485,0,120,110
QSSF_proxy,651,108.04084485407066,525.0,5153.0,0.2581740086680897,0.0014680694886224615,9,120,110
RF_SRPT_proxy,651,108.04084485407066,525.0,5153.0,0.2581740086680897,0.0014680694886224615,9,120,110
Backfill_FIFO,651,108.04084485407066,525.0,5153.0,0.2581740086680897,0.0019574259848299485,20,120,110
Wind_proxy,651,108.05466973886328,525.0,5153.0,0.25817400866808976,0.002202104232933692,20,120,110
PredSched_LLM,651,108.02239631336408,525.0,5153.0,0.2581740086680897,0.0014680694886224615,9,120,110
FIFO,651,129.49271889400924,622.0,10115.0,0.2525918592436975,0.005372576500817566,0,120,111
QSSF_proxy,651,128.88904761904766,622.0,10115.0,0.2525918592436974,0.0189208128941836,12,120,111
RF_SRPT_proxy,651,128.88904761904766,622.0,10115.0,0.2525918592436974,0.0189208128941836,11,120,111
Backfill_FIFO,651,128.9305069124424,622.0,10115.0,0.2525918592436974,0.005138986218173324,47,120,111
Wind_proxy,651,129.12405529953918,622.0,10115.0,0.2525918592436974,0.008409250175192713,62,120,111
PredSched_LLM,651,130.33602150537635,622.0,10115.0,0.2525918592436974,0.01985517402476057,21,120,111
FIFO,651,109.0483717357911,406.0,10115.0,0.1929418746910528,0.0028255238992229807,0,120,112
QSSF_proxy,651,105.86251920122888,406.0,10115.0,0.19294187469105278,0.030138921591711797,7,120,112
RF_SRPT_proxy,651,105.86251920122888,406.0,10115.0,0.19294187469105278,0.030138921591711797,7,120,112
Backfill_FIFO,651,106.11605222734255,406.0,10115.0,0.19294187469105278,0.016246762420532142,43,120,112
Wind_proxy,651,106.1452380952381,406.0,10115.0,0.19294187469105278,0.013892159171179657,43,120,112
PredSched_LLM,651,116.18973886328726,647.5,10115.0,0.1929418746910528,0.019543206969625616,22,120,112
FIFO,651,137.82089093701995,675.5,9047.0,0.2332266117221178,0.01713520749665328,0,120,113
QSSF_proxy,651,137.61505376344084,675.5,9047.0,0.23322661172211787,0.00428380187416332,4,120,113
RF_SRPT_proxy,651,137.61505376344084,675.5,9047.0,0.23322661172211787,0.00428380187416332,4,120,113
Backfill_FIFO,651,137.61505376344084,675.5,9047.0,0.23322661172211787,0.01820615796519411,11,120,113
Wind_proxy,651,137.90230414746543,675.5,9047.0,0.23322661172211787,0.014725568942436412,11,120,113
PredSched_LLM,651,137.75176651305682,675.5,9047.0,0.23322661172211787,0.00214190093708166,3,120,113
FIFO,651,124.48505376344085,515.0,9047.0,0.25871299302715445,0.004430544696377378,0,120,114
QSSF_proxy,651,124.27459293394779,515.0,9047.0,0.25871299302715445,0.003909304143862392,3,120,114
RF_SRPT_proxy,651,124.27459293394779,515.0,9047.0,0.25871299302715445,0.003909304143862392,3,120,114
Backfill_FIFO,651,124.27459293394779,515.0,9047.0,0.25871299302715445,0.004430544696377378,23,120,114
Wind_proxy,651,124.27459293394779,515.0,9047.0,0.25871299302715445,0.0028668230388324213,23,120,114
PredSched_LLM,651,124.26688172043012,515.0,9047.0,0.25871299302715445,0.0018243419338024498,3,120,114
FIFO,651,134.4978341013825,647.0,10115.0,0.3092608069698468,0.001454192922927775,0,120,115
QSSF_proxy,651,134.406866359447,647.0,10115.0,0.3092608069698468,0.01478429471643238,2,120,115
RF_SRPT_proxy,651,134.406866359447,647.0,10115.0,0.3092608069698468,0.01478429471643238,2,120,115
Backfill_FIFO,651,134.42688172043012,647.0,10115.0,0.3092608069698468,0.01478429471643238,12,120,115
Wind_proxy,651,134.52211981566822,647.0,10115.0,0.3092608069698468,0.012845370819195347,14,120,115
PredSched_LLM,651,134.46373271889402,647.0,10115.0,0.3092608069698468,0.0046049442559379546,0,120,115
FIFO,651,164.5603533026114,700.5,6257.0,0.34309662344840436,0.004451864218141347,0,120,116
QSSF_proxy,651,136.83531490015363,700.0,6257.0,0.34309662344840436,0.0038953811908736783,14,120,116
RF_SRPT_proxy,651,136.83531490015363,700.0,6257.0,0.34309662344840436,0.0038953811908736783,14,120,116
Backfill_FIFO,651,140.30228878648234,700.0,6257.0,0.34309662344840436,0.0038953811908736783,67,120,116
Wind_proxy,651,142.02271889400922,823.0,6257.0,0.3430966234484045,0.0047301057317751805,67,120,116
PredSched_LLM,651,138.9735637480799,700.0,6257.0,0.3430966234484044,0.0027824151363383415,17,120,116
FIFO,651,299.42534562211983,1266.0100000000002,6747.01,0.46365391237501247,0.004682744088035589,0,120,117
QSSF_proxy,651,136.89642089093707,623.0,6267.0,0.49916667996383174,0.002809646452821353,145,120,117
RF_SRPT_proxy,651,136.89642089093707,623.0,6267.0,0.49916667996383174,0.002809646452821353,143,120,117
Backfill_FIFO,651,136.88259600614444,623.0,6267.0,0.49916667996383174,0.0035120580660266917,211,120,117
Wind_proxy,651,136.88259600614444,623.0,6267.0,0.49916667996383174,0.0035120580660266917,211,120,117
PredSched_LLM,651,136.88720430107531,623.0,6267.0,0.4991666799638317,0.002809646452821353,144,120,117
FIFO,651,149.11956989247312,651.0,10115.0,0.21455482472400725,0.006143162393162393,0,120,118
QSSF_proxy,651,145.36528417818738,651.0,10115.0,0.21455482472400725,0.00641025641025641,10,120,118
RF_SRPT_proxy,651,145.36528417818738,651.0,10115.0,0.21455482472400725,0.00641025641025641,10,120,118
Backfill_FIFO,651,145.36528417818738,651.0,10115.0,0.21455482472400725,0.00641025641025641,32,120,118
Wind_proxy,651,145.52657450076802,651.0,10115.0,0.2145548247240073,0.005074786324786325,32,120,118
PredSched_LLM,651,148.4252073732719,651.0,10115.0,0.21455482472400722,0.004540598290598291,16,120,118
FIFO,651,112.4668356374808,460.5,10115.0,0.2441646533613445,0.0017016449234259785,0,120,119
QSSF_proxy,651,112.42374807987711,460.5,10115.0,0.2441646533613445,0.0017016449234259785,0,120,119
RF_SRPT_proxy,651,112.42374807987711,460.5,10115.0,0.2441646533613445,0.0017016449234259785,0,120,119
Backfill_FIFO,651,112.42374807987711,460.5,10115.0,0.2441646533613445,0.0017016449234259785,5,120,119
Wind_proxy,651,112.42374807987711,460.5,10115.0,0.2441646533613445,0.0017016449234259785,5,120,119
PredSched_LLM,651,112.42374807987711,460.5,10115.0,0.2441646533613445,0.0017016449234259785,0,120,119
FIFO,651,104.45740399385559,307.0,10115.0,0.15596684070687097,0.005911076843998972,0,120,120
QSSF_proxy,651,102.99345622119814,307.0,10115.0,0.155966840706871,0.006168080185042405,14,120,120
RF_SRPT_proxy,651,102.99345622119814,307.0,10115.0,0.155966840706871,0.006168080185042405,14,120,120
Backfill_FIFO,651,102.99345622119814,307.0,10115.0,0.155966840706871,0.006168080185042405,26,120,120
Wind_proxy,651,102.99345622119814,307.0,10115.0,0.155966840706871,0.006168080185042405,26,120,120
PredSched_LLM,651,102.98884792626727,307.0,10115.0,0.155966840706871,0.004112053456694937,14,120,120
FIFO,651,112.6905222734255,401.5,10115.0,0.15653158366287692,0.005955926146515783,0,120,121
QSSF_proxy,651,112.68591397849463,401.5,10115.0,0.15653158366287692,0.005955926146515783,0,120,121
RF_SRPT_proxy,651,112.68591397849463,401.5,10115.0,0.15653158366287692,0.005955926146515783,0,120,121
Backfill_FIFO,651,112.68591397849463,401.5,10115.0,0.15653158366287692,0.005955926146515783,3,120,121
Wind_proxy,651,112.745821812596,401.5,10115.0,0.1565315836628769,0.006253722453841573,4,120,121
PredSched_LLM,651,112.8794623655914,401.5,10115.0,0.1565315836628769,0.005955926146515783,1,120,121
FIFO,651,153.31732718894008,702.0,10115.0,0.2973648521173175,0.0033775006495193557,0,120,122
QSSF_proxy,651,148.04238095238094,702.0,10115.0,0.29736485211731745,0.004676539360872954,18,120,122
RF_SRPT_proxy,651,148.04238095238094,702.0,10115.0,0.29736485211731745,0.004676539360872954,16,120,122
Backfill_FIFO,651,147.83192012288788,702.0,10115.0,0.29736485211731745,0.004676539360872954,42,120,122
Wind_proxy,651,147.83192012288788,702.0,10115.0,0.29736485211731745,0.004416731618602235,42,120,122
PredSched_LLM,651,149.04854070660522,738.0,10115.0,0.29736485211731745,0.003897116134060795,21,120,122
FIFO,651,867.8555606758832,3220.0,11456.0,0.342621670231029,0.0033581194531062605,0,120,123
QSSF_proxy,651,165.19933947772657,852.0,9047.0,0.43385363702516483,0.0016790597265531303,139,120,123
RF_SRPT_proxy,651,165.19933947772657,852.0,9047.0,0.43385363702516483,0.0016790597265531303,139,120,123
Backfill_FIFO,651,165.1993394777266,852.0,9047.0,0.43385363702516483,0.001918925401775006,194,120,123
Wind_proxy,651,165.20701996927806,852.0,9047.0,0.43385363702516483,0.0014391940513312545,194,120,123
PredSched_LLM,651,165.23772657450078,852.0,9047.0,0.43385363702516483,0.0014391940513312545,138,120,123
FIFO,651,126.85482334869432,647.0,10115.0,0.23511582942000325,0.003854492893278728,0,120,124
QSSF_proxy,651,126.76726574500766,647.0,10115.0,0.23511582942000325,0.004336304504938569,1,120,124
RF_SRPT_proxy,651,126.76726574500766,647.0,10115.0,0.23511582942000325,0.004336304504938569,1,120,124
Backfill_FIFO,651,126.76726574500769,647.0,10115.0,0.23511582942000325,0.003854492893278728,12,120,124
Wind_proxy,651,126.76726574500769,647.0,10115.0,0.23511582942000325,0.00481811611659841,12,120,124
PredSched_LLM,651,126.7949001536098,647.0,10115.0,0.23511582942000325,0.002890869669959046,1,120,124
FIFO,651,155.85490015360983,644.0,9047.0,0.44451967272760773,0.0034554250172771253,0,120,125
QSSF_proxy,651,154.9378494623656,644.0,9047.0,0.4445196727276077,0.002994701681640175,20,120,125
RF_SRPT_proxy,651,154.9378494623656,644.0,9047.0,0.4445196727276077,0.002994701681640175,20,120,125
Backfill_FIFO,651,154.9378494623656,644.0,9047.0,0.4445196727276077,0.00322506334945865,46,120,125
Wind_proxy,651,156.64752688172044,644.0,9047.0,0.4445196727276078,0.0036857866850956,55,120,125
PredSched_LLM,651,156.5446082949309,644.0,9047.0,0.4445196727276078,0.002994701681640175,27,120,125
FIFO,651,143.77562211981567,647.0,10115.0,0.2928159159251935,0.015832363213038415,0,120,126
QSSF_proxy,651,142.0594316436252,647.0,10115.0,0.2928159159251935,0.0020954598370197903,15,120,126
RF_SRPT_proxy,651,142.0594316436252,647.0,10115.0,0.2928159159251935,0.0020954598370197903,15,120,126
Backfill_FIFO,651,142.0578955453149,647.0,10115.0,0.2928159159251935,0.028172293364377182,40,120,126
Wind_proxy,651,142.3620430107527,647.0,10115.0,0.2928159159251935,0.015366705471478464,49,120,126
PredSched_LLM,651,142.04714285714286,647.0,10115.0,0.2928159159251935,0.001629802095459837,17,120,126
FIFO,651,153.4599385560676,306.0,10115.0,0.37027263346515077,0.0010188487009679063,0,120,127
QSSF_proxy,651,148.9462519201229,353.5,10115.0,0.37027263346515077,0.031584309730005096,99,120,127
RF_SRPT_proxy,651,148.9462519201229,353.5,10115.0,0.37027263346515077,0.031584309730005096,96,120,127
Backfill_FIFO,651,148.9462519201229,353.5,10115.0,0.37027263346515077,0.0010188487009679063,146,120,127
Wind_proxy,651,148.9462519201229,353.5,10115.0,0.37027263346515077,0.0010188487009679063,146,120,127
PredSched_LLM,651,148.97849462365593,353.5,10115.0,0.37027263346515077,0.011971472236372899,98,120,127
FIFO,651,161.3221812596006,396.0,10115.0,0.2964544879716593,0.004844685095468795,0,120,128
QSSF_proxy,651,155.10867895545314,402.0,10115.0,0.2964544879716593,0.005129666571672842,10,120,128
RF_SRPT_proxy,651,155.10867895545314,402.0,10115.0,0.2964544879716593,0.005129666571672842,10,120,128
Backfill_FIFO,651,154.59253456221197,396.0,10115.0,0.2964544879716593,0.005129666571672842,33,120,128
Wind_proxy,651,154.59253456221197,396.0,10115.0,0.2964544879716593,0.005129666571672842,33,120,128
PredSched_LLM,651,155.3774807987711,409.0,10115.0,0.2964544879716593,0.0008549444286121402,9,120,128
FIFO,651,126.69817204301077,596.0,10115.0,0.20208634865710992,0.005741127348643006,0,120,129
QSSF_proxy,651,121.01921658986174,596.0,10115.0,0.20208634865710992,0.005480167014613779,5,120,129
RF_SRPT_proxy,651,121.01921658986174,596.0,10115.0,0.20208634865710992,0.005480167014613779,5,120,129
Backfill_FIFO,651,121.65976958525347,596.0,10115.0,0.20208634865710987,0.005480167014613779,41,120,129
Wind_proxy,651,121.95930875576039,596.0,10115.0,0.20208634865710987,0.005480167014613779,57,120,129
PredSched_LLM,651,121.03304147465437,596.0,10115.0,0.20208634865710992,0.004436325678496869,5,120,129
FIFO,651,117.3894930875576,456.0,9047.0,0.22741938971482262,0.005078720162519045,0,120,130
QSSF_proxy,651,117.3526267281106,456.0,9047.0,0.22741938971482256,0.005078720162519045,2,120,130
RF_SRPT_proxy,651,117.3526267281106,456.0,9047.0,0.22741938971482256,0.005078720162519045,2,120,130
Backfill_FIFO,651,117.3526267281106,456.0,9047.0,0.22741938971482256,0.005332656170644997,4,120,130
Wind_proxy,651,117.3526267281106,456.0,9047.0,0.22741938971482256,0.005332656170644997,4,120,130
PredSched_LLM,651,117.3526113671275,456.0,9047.0,0.22741938971482256,0.0111731843575419,0,120,130
FIFO,651,167.31975422427033,700.0,9047.0,0.3870166434084965,0.004399166473720769,0,120,131
QSSF_proxy,651,141.37663594470044,699.0,9047.0,0.38701664340849645,0.031951840703866634,31,120,131
RF_SRPT_proxy,651,141.37663594470044,699.0,9047.0,0.38701664340849645,0.031951840703866634,31,120,131
Backfill_FIFO,651,140.88047619047617,700.0,9047.0,0.3870166434084964,0.005556841861542023,75,120,131
Wind_proxy,651,146.6598924731183,753.0,9047.0,0.38701664340849634,0.005093771706413522,91,120,131
PredSched_LLM,651,148.60454685099845,753.0,9047.0,0.38701664340849656,0.012039824033341051,48,120,131
FIFO,651,120.14192012288788,406.0,10115.0,0.20824371395617072,0.00624687656171914,0,120,132
QSSF_proxy,651,119.00520737327189,395.5,10115.0,0.20824371395617072,0.0069965017491254375,21,120,132
RF_SRPT_proxy,651,119.00520737327189,395.5,10115.0,0.20824371395617072,0.0069965017491254375,21,120,132
Backfill_FIFO,651,118.86695852534564,395.5,10115.0,0.20824371395617072,0.0069965017491254375,71,120,132
Wind_proxy,651,118.88846390168973,395.5,10115.0,0.20824371395617072,0.005997001499250375,73,120,132
PredSched_LLM,651,118.98523809523809,395.5,10115.0,0.20824371395617072,0.005997001499250375,21,120,132
FIFO,651,149.88284178187405,753.0,9047.0,0.20414017077484245,0.02229983879634605,0,120,133
QSSF_proxy,651,148.0641013824885,753.0,9047.0,0.20414017077484248,0.006985491671144546,11,120,133
RF_SRPT_proxy,651,148.0641013824885,753.0,9047.0,0.20414017077484248,0.006985491671144546,9,120,133
Backfill_FIFO,651,148.0978955453149,753.0,9047.0,0.20414017077484248,0.022568511552928532,44,120,133
Wind_proxy,651,148.0978955453149,753.0,9047.0,0.20414017077484248,0.020687802256851157,44,120,133
PredSched_LLM,651,148.04258064516128,753.0,9047.0,0.20414017077484248,0.007254164427727029,8,120,133
FIFO,651,170.49892473118277,633.0,10115.0,0.368069588276487,0.003121516164994426,0,120,134
QSSF_proxy,651,168.05345622119816,633.0,10115.0,0.368069588276487,0.0026755852842809363,14,120,134
RF_SRPT_proxy,651,168.05345622119816,633.0,10115.0,0.368069588276487,0.0026755852842809363,13,120,134
Backfill_FIFO,651,168.10874039938557,633.0,10115.0,0.368069588276487,0.0026755852842809363,36,120,134
Wind_proxy,651,168.93976958525346,633.0,10115.0,0.36806958827648695,0.002452619843924192,52,120,134
PredSched_LLM,651,168.11336405529954,633.0,10115.0,0.368069588276487,0.002452619843924192,11,120,134
FIFO,651,184.11603686635945,873.0,10115.0,0.4570636431043005,0.0037614185921547557,0,120,135
QSSF_proxy,651,183.24964669738864,853.0,10115.0,0.4570636431043005,0.0032240730789897904,6,120,135
RF_SRPT_proxy,651,183.24964669738867,853.0,10115.0,0.4570636431043005,0.0032240730789897904,6,120,135
Backfill_FIFO,651,183.24964669738867,853.0,10115.0,0.4570636431043005,0.0032240730789897904,25,120,135
Wind_proxy,651,183.375821812596,853.0,10115.0,0.4570636431043005,0.003492745835572273,36,120,135
PredSched_LLM,651,183.2972657450077,853.0,10115.0,0.4570636431043005,0.0032240730789897904,5,120,135
FIFO,651,153.7599539170507,803.5,9047.0,0.291933722274419,0.0053285968028419185,0,120,136
QSSF_proxy,651,153.587910906298,803.5,9047.0,0.291933722274419,0.020299416391778735,5,120,136
RF_SRPT_proxy,651,153.587910906298,803.5,9047.0,0.291933722274419,0.020299416391778735,5,120,136
Backfill_FIFO,651,153.55411674347158,803.5,9047.0,0.291933722274419,0.020045673686881503,10,120,136
Wind_proxy,651,153.74459293394776,803.5,9047.0,0.291933722274419,0.01573204770362852,18,120,136
PredSched_LLM,651,153.69543778801844,803.5,9047.0,0.291933722274419,0.01700076122811469,8,120,136
FIFO,651,119.58599078341015,460.5,9047.0,0.24743821847021105,0.006543075245365322,0,120,137
QSSF_proxy,651,119.57984639016898,460.5,9047.0,0.24743821847021105,0.006543075245365322,1,120,137
RF_SRPT_proxy,651,119.57984639016898,460.5,9047.0,0.24743821847021105,0.006543075245365322,1,120,137
Backfill_FIFO,651,119.57984639016898,460.5,9047.0,0.24743821847021105,0.006543075245365322,1,120,137
Wind_proxy,651,119.95772657450078,460.5,9047.0,0.24743821847021105,0.006543075245365322,14,120,137
PredSched_LLM,651,119.74113671274964,460.5,9047.0,0.24743821847021105,0.0054525627044711015,1,120,137
FIFO,651,301.0102304147466,1205.0,9372.0,0.3217980220337174,0.003027681660899654,0,120,138
QSSF_proxy,651,133.7262058371736,556.0,9047.0,0.33335813667514097,0.0025951557093425604,96,120,138
RF_SRPT_proxy,651,133.7262058371736,556.0,9047.0,0.33335813667514097,0.0025951557093425604,94,120,138
Backfill_FIFO,651,133.72620583717358,556.0,9047.0,0.33335813667514097,0.0028114186851211074,139,120,138
Wind_proxy,651,133.7400307219662,556.0,9047.0,0.33335813667514097,0.0028114186851211074,139,120,138
PredSched_LLM,651,133.75539170506917,556.0,9047.0,0.33335813667514097,0.0028114186851211074,93,120,138
FIFO,651,148.99807987711213,710.0,10115.0,0.2063970114516396,0.02132591562355123,0,120,139
QSSF_proxy,651,147.8721198156682,700.0,10115.0,0.2063970114516396,0.02132591562355123,13,120,139
RF_SRPT_proxy,651,147.8721198156682,700.0,10115.0,0.2063970114516396,0.02132591562355123,13,120,139
Backfill_FIFO,651,147.8721198156682,700.0,10115.0,0.2063970114516396,0.02132591562355123,25,120,139
Wind_proxy,651,147.88287250384025,700.0,10115.0,0.2063970114516396,0.016921650440426518,24,120,139
PredSched_LLM,651,147.87980030721965,700.0,10115.0,0.2063970114516396,0.019007881316643487,13,120,139
FIFO,651,104.26975422427036,620.0,10115.0,0.1441431918355578,0.0066326530612244895,0,120,140
QSSF_proxy,651,104.24364055299539,620.0,10115.0,0.1441431918355578,0.006122448979591836,2,120,140
RF_SRPT_proxy,651,104.24364055299539,620.0,10115.0,0.1441431918355578,0.006122448979591836,2,120,140
Backfill_FIFO,651,104.24364055299539,620.0,10115.0,0.1441431918355578,0.0068877551020408165,5,120,140
Wind_proxy,651,104.28357910906298,620.0,10115.0,0.1441431918355578,0.0068877551020408165,10,120,140
PredSched_LLM,651,104.23596006144393,620.0,10115.0,0.1441431918355578,0.004846938775510204,2,120,140
FIFO,651,117.0361904761905,401.5,10115.0,0.14183438890261985,0.02268326417704011,0,120,141
QSSF_proxy,651,116.99317972350232,401.5,10115.0,0.14183438890261985,0.006085753803596127,0,120,141
RF_SRPT_proxy,651,116.99317972350232,401.5,10115.0,0.14183438890261985,0.006085753803596127,0,120,141
Backfill_FIFO,651,116.99316436251922,401.5,10115.0,0.14183438890261985,0.006085753803596127,5,120,141
Wind_proxy,651,117.02542242703535,401.5,10115.0,0.14183438890261985,0.006085753803596127,5,120,141
PredSched_LLM,651,117.0330875576037,401.5,10115.0,0.14183438890261985,0.006085753803596127,0,120,141
FIFO,651,102.96552995391707,340.0,10115.0,0.21419619583127367,0.002544529262086514,0,120,142
QSSF_proxy,651,102.4325038402458,340.0,10115.0,0.21419619583127367,0.018066157760814248,17,120,142
RF_SRPT_proxy,651,102.4325038402458,340.0,10115.0,0.21419619583127367,0.018066157760814248,14,120,142
Backfill_FIFO,651,102.4325038402458,340.0,10115.0,0.21419619583127367,0.002544529262086514,28,120,142
Wind_proxy,651,102.4325038402458,340.0,10115.0,0.21419619583127367,0.002544529262086514,28,120,142
PredSched_LLM,651,102.44632872503843,340.0,10115.0,0.21419619583127367,0.007633587786259542,14,120,142
FIFO,651,139.0837788018433,680.5,10115.0,0.17313296259680344,0.0012416190712689348,0,120,143
QSSF_proxy,651,137.48615975422425,675.5,10115.0,0.17313296259680344,0.014651105040973429,16,120,143
RF_SRPT_proxy,651,137.48615975422425,675.5,10115.0,0.17313296259680344,0.014651105040973429,16,120,143
Backfill_FIFO,651,137.4861904761905,675.5,10115.0,0.17313296259680344,0.0012416190712689348,42,120,143
Wind_proxy,651,137.49233486943166,675.5,10115.0,0.17313296259680344,0.0012416190712689348,43,120,143
PredSched_LLM,651,137.48760368663594,675.5,10115.0,0.17313296259680344,0.014402781226719643,16,120,143
FIFO,651,101.18070660522274,397.0,6257.0,0.32880543624473935,0.0028776978417266188,0,120,144
QSSF_proxy,651,98.86579109062981,397.0,6257.0,0.32880543624473935,0.0028776978417266188,12,120,144
RF_SRPT_proxy,651,98.86579109062981,397.0,6257.0,0.32880543624473935,0.0028776978417266188,12,120,144
Backfill_FIFO,651,98.86579109062981,397.0,6257.0,0.32880543624473935,0.0028776978417266188,37,120,144
Wind_proxy,651,98.87347158218128,397.0,6257.0,0.32880543624473935,0.0028776978417266188,36,120,144
PredSched_LLM,651,100.19145929339479,397.0,6257.0,0.3288054362447392,0.003117505995203837,14,120,144
FIFO,651,173.04585253456221,555.5,10115.0,0.3140904422062943,0.002019295490240072,0,120,145
QSSF_proxy,651,172.4725499231951,555.5,10115.0,0.3140904422062943,0.002019295490240072,22,120,145
RF_SRPT_proxy,651,172.4725499231951,555.5,10115.0,0.3140904422062943,0.002019295490240072,21,120,145
Backfill_FIFO,651,172.48640552995394,555.5,10115.0,0.3140904422062943,0.002243661655822302,41,120,145
Wind_proxy,651,172.48640552995394,555.5,10115.0,0.3140904422062943,0.002019295490240072,41,120,145
PredSched_LLM,651,172.7352073732719,555.5,10115.0,0.3140904422062943,0.0029167601525689926,27,120,145
FIFO,651,115.56450076804916,555.5,10115.0,0.14030506982204644,0.004821802935010482,0,120,146
QSSF_proxy,651,112.94087557603689,555.5,10115.0,0.1403050698220464,0.004612159329140462,13,120,146
RF_SRPT_proxy,651,112.94087557603689,555.5,10115.0,0.1403050698220464,0.004612159329140462,13,120,146
Backfill_FIFO,651,113.29107526881721,555.5,10115.0,0.1403050698220464,0.004612159329140462,58,120,146
Wind_proxy,651,113.3125806451613,555.5,10115.0,0.1403050698220464,0.004612159329140462,58,120,146
PredSched_LLM,651,112.60764976958525,555.5,10115.0,0.1403050698220464,0.018238993710691823,11,120,146
FIFO,651,169.8022273425499,633.0,10115.0,0.376306253089471,0.004247286455875413,0,120,147
QSSF_proxy,651,150.73044546851003,609.0,10115.0,0.376306253089471,0.005191127890514393,61,120,147
RF_SRPT_proxy,651,150.73044546851003,609.0,10115.0,0.376306253089471,0.005191127890514393,59,120,147
Backfill_FIFO,651,147.91594470046084,609.0,10115.0,0.3763062530894711,0.005191127890514393,100,120,147
Wind_proxy,651,147.91594470046084,609.0,10115.0,0.3763062530894711,0.005191127890514393,100,120,147
PredSched_LLM,651,150.6966513056836,609.0,10115.0,0.376306253089471,0.005191127890514393,59,120,147
FIFO,651,841.2197542242704,2833.505,11332.0,0.3678529192772678,0.005021340697966357,0,120,148
QSSF_proxy,651,176.99490015360988,776.0,10115.0,0.4121116442165101,0.002008536279186543,169,120,148
RF_SRPT_proxy,651,176.99490015360988,776.0,10115.0,0.4121116442165101,0.002008536279186543,169,120,148
Backfill_FIFO,651,177.12546850998467,776.0,10115.0,0.4121116442165101,0.0022596033140848608,239,120,148
Wind_proxy,651,177.15619047619052,776.0,10115.0,0.4121116442165101,0.002008536279186543,243,120,148
PredSched_LLM,651,176.99490015360988,776.0,10115.0,0.4121116442165101,0.0017574692442882249,169,120,148
FIFO,651,142.08705069124426,397.0,10115.0,0.2974191279452958,0.002867383512544803,0,120,149
QSSF_proxy,651,139.05018433179725,419.5,10115.0,0.2974191279452958,0.0035842293906810036,16,120,149
RF_SRPT_proxy,651,139.05018433179723,419.5,10115.0,0.2974191279452958,0.0035842293906810036,16,120,149
Backfill_FIFO,651,137.8320583717358,397.0,10115.0,0.29741912794529585,0.0038231780167264037,31,120,149
Wind_proxy,651,137.8320583717358,397.0,10115.0,0.29741912794529585,0.0038231780167264037,31,120,149
PredSched_LLM,651,139.00410138248847,419.5,10115.0,0.2974191279452958,0.004062126642771804,16,120,149
FIFO,651,113.58791090629802,439.5,9047.0,0.20890335999963153,0.006221198156682027,0,120,150
QSSF_proxy,651,105.52339477726576,453.0,9047.0,0.20890335999963153,0.019815668202764977,11,120,150
RF_SRPT_proxy,651,105.52339477726576,453.0,9047.0,0.20890335999963153,0.019815668202764977,10,120,150
Backfill_FIFO,651,106.60480798771123,439.5,9047.0,0.2089033599996315,0.006221198156682027,41,120,150
Wind_proxy,651,106.64015360983102,439.5,9047.0,0.2089033599996315,0.006221198156682027,45,120,150
PredSched_LLM,651,105.1148079877112,403.5,9047.0,0.20890335999963144,0.015207373271889401,10,120,150
FIFO,651,130.63087557603686,596.0,10115.0,0.20561599522161805,0.004523809523809524,0,120,151
QSSF_proxy,651,127.80445468509984,596.0,10115.0,0.2056159952216181,0.004047619047619047,11,120,151
RF_SRPT_proxy,651,127.80445468509984,596.0,10115.0,0.2056159952216181,0.004047619047619047,10,120,151
Backfill_FIFO,651,127.83364055299539,596.0,10115.0,0.20561599522161805,0.004285714285714286,35,120,151
Wind_proxy,651,127.83364055299539,596.0,10115.0,0.20561599522161805,0.004285714285714286,35,120,151
PredSched_LLM,651,128.0947619047619,596.0,10115.0,0.20561599522161803,0.009285714285714286,14,120,151
FIFO,651,141.51445468509985,367.0,10115.0,0.2689990185780194,0.004393063583815029,0,120,152
QSSF_proxy,651,137.53287250384025,359.0,10115.0,0.26899901857801956,0.017803468208092487,7,120,152
RF_SRPT_proxy,651,137.53287250384025,359.0,10115.0,0.26899901857801956,0.017803468208092487,7,120,152
Backfill_FIFO,651,137.83700460829493,367.0,10115.0,0.2689990185780195,0.004624277456647399,28,120,152
Wind_proxy,651,137.8984485407066,367.0,10115.0,0.2689990185780195,0.003930635838150289,34,120,152
PredSched_LLM,651,140.05668202764977,392.0,10115.0,0.2689990185780195,0.012716763005780347,8,120,152
FIFO,651,133.97018433179724,406.0,10115.0,0.296830785549514,0.004174397031539889,0,120,153
QSSF_proxy,651,133.58923195084486,406.0,10115.0,0.2968307855495139,0.017393320964749538,3,120,153
RF_SRPT_proxy,651,133.58923195084486,406.0,10115.0,0.2968307855495139,0.017393320964749538,3,120,153
Backfill_FIFO,651,133.58923195084486,406.0,10115.0,0.2968307855495139,0.0037105751391465678,12,120,153
Wind_proxy,651,133.58155145929342,406.0,10115.0,0.2968307855495139,0.003246753246753247,12,120,153
PredSched_LLM,651,133.87955453149004,406.0,10115.0,0.2968307855495139,0.003942486085343228,2,120,153
FIFO,651,182.51147465437788,852.0,10115.0,0.39687535631899823,0.01764979098931723,0,120,154
QSSF_proxy,651,179.4221351766513,852.0,10115.0,0.39687535631899823,0.01741755689735253,8,120,154
RF_SRPT_proxy,651,179.4221351766513,852.0,10115.0,0.39687535631899823,0.01741755689735253,8,120,154
Backfill_FIFO,651,179.78006144393242,852.0,10115.0,0.39687535631899823,0.017882025081281932,24,120,154
Wind_proxy,651,180.24549923195084,852.0,10115.0,0.3968753563189983,0.012076172782164421,42,120,154
PredSched_LLM,651,179.77844854070662,852.0,10115.0,0.39687535631899823,0.007895959126799815,14,120,154
FIFO,651,166.43568356374806,951.0,10115.0,0.32427871251441753,0.01807357006166277,0,120,155
QSSF_proxy,651,165.2959139784946,951.0,10115.0,0.3242787125144175,0.018498830533701893,25,120,155
RF_SRPT_proxy,651,165.2959139784946,951.0,10115.0,0.3242787125144175,0.018498830533701893,22,120,155
Backfill_FIFO,651,165.2959139784946,951.0,10115.0,0.3242787125144175,0.01807357006166277,62,120,155
Wind_proxy,651,165.2959139784946,951.0,10115.0,0.3242787125144175,0.01615989793748671,62,120,155
PredSched_LLM,651,165.44643625192012,951.0,10115.0,0.32427871251441753,0.018498830533701893,20,120,155
FIFO,651,154.98078341013826,650.5,10115.0,0.30584028979238753,0.007004436142890497,0,120,156
QSSF_proxy,651,130.08526881720428,636.0,10115.0,0.3058402897923876,0.007004436142890497,10,120,156
RF_SRPT_proxy,651,130.08526881720428,636.0,10115.0,0.3058402897923876,0.007004436142890497,10,120,156
Backfill_FIFO,651,131.77033794162827,650.5,10115.0,0.30584028979238753,0.007471398552416531,43,120,156
Wind_proxy,651,131.7626574500768,650.5,10115.0,0.30584028979238753,0.007237917347653514,43,120,156
PredSched_LLM,651,126.65514592933948,609.0,10115.0,0.30584028979238753,0.016577165538174177,11,120,156
FIFO,651,287.42276497695855,1233.0,6257.0,0.4703998688135953,0.0024108003857280617,0,120,157
QSSF_proxy,651,121.92285714285714,456.0,6257.0,0.47039986881359547,0.0024108003857280617,120,120,157
RF_SRPT_proxy,651,121.92285714285714,456.0,6257.0,0.47039986881359547,0.0024108003857280617,120,120,157
Backfill_FIFO,651,121.92285714285717,456.0,6257.0,0.47039986881359547,0.00313404050144648,153,120,157
Wind_proxy,651,121.93821812596008,456.0,6257.0,0.47039986881359547,0.0024108003857280617,153,120,157
PredSched_LLM,651,121.9305376344086,456.0,6257.0,0.47039986881359547,0.0019286403085824494,120,120,157
FIFO,651,127.5341628264209,406.0,6257.0,0.30473390469341005,0.005247966413014957,0,120,158
QSSF_proxy,651,126.07947772657454,406.0,6257.0,0.30473390469341,0.004985568092364209,4,120,158
RF_SRPT_proxy,651,126.07947772657454,406.0,6257.0,0.30473390469341,0.004985568092364209,4,120,158
Backfill_FIFO,651,126.01499231950847,406.0,6257.0,0.30473390469341005,0.005247966413014957,22,120,158
Wind_proxy,651,126.3667588325653,406.0,6257.0,0.30473390469341005,0.004985568092364209,28,120,158
PredSched_LLM,651,128.60789554531493,413.5,6257.0,0.30473390469341005,0.008659144581474678,12,120,158
FIFO,651,148.60654377880184,776.0,10115.0,0.2097520122754984,0.004645760743321719,0,120,159
QSSF_proxy,651,147.77244239631335,776.0,10115.0,0.2097520122754984,0.004181184668989547,17,120,159
RF_SRPT_proxy,651,147.77244239631335,776.0,10115.0,0.2097520122754984,0.004181184668989547,15,120,159
Backfill_FIFO,651,147.77244239631335,776.0,10115.0,0.2097520122754984,0.004645760743321719,30,120,159
Wind_proxy,651,147.77244239631335,776.0,10115.0,0.2097520122754984,0.004645760743321719,30,120,159
PredSched_LLM,651,147.7632258064516,776.0,10115.0,0.2097520122754984,0.0020905923344947735,15,120,159
FIFO,651,132.58308755760368,356.0,10115.0,0.3394211669962102,0.004727544165215228,0,120,160
QSSF_proxy,651,128.53852534562213,384.0,10115.0,0.3394211669962103,0.018910176660860912,10,120,160
RF_SRPT_proxy,651,128.53852534562213,384.0,10115.0,0.3394211669962103,0.018910176660860912,10,120,160
Backfill_FIFO,651,127.79966205837174,356.0,10115.0,0.3394211669962102,0.0042299079372978355,54,120,160
Wind_proxy,651,129.63388632872505,384.0,10115.0,0.3394211669962101,0.0042299079372978355,78,120,160
PredSched_LLM,651,134.47709677419354,596.0,10115.0,0.33942116699621017,0.013436178153769594,13,120,160
FIFO,651,160.06235023041475,705.5,10115.0,0.2380048741555445,0.005733005733005733,0,120,161
QSSF_proxy,651,158.32195084485406,675.5,10115.0,0.2380048741555445,0.006279006279006279,15,120,161
RF_SRPT_proxy,651,158.32195084485406,675.5,10115.0,0.2380048741555445,0.006279006279006279,15,120,161
Backfill_FIFO,651,158.32195084485406,675.5,10115.0,0.2380048741555445,0.006279006279006279,25,120,161
Wind_proxy,651,158.3557450076805,675.5,10115.0,0.2380048741555445,0.003822003822003822,29,120,161
PredSched_LLM,651,158.3542089093702,675.5,10115.0,0.2380048741555445,0.003822003822003822,16,120,161
FIFO,651,175.0500153609831,650.5,10115.0,0.23005068586258023,0.0038844379703811605,0,120,162
QSSF_proxy,651,152.76276497695852,702.5,10115.0,0.23005068586258032,0.004127215343529983,25,120,162
RF_SRPT_proxy,651,152.76276497695852,702.5,10115.0,0.23005068586258032,0.004127215343529983,25,120,162
Backfill_FIFO,651,155.56,651.0,10115.0,0.23005068586258023,0.004127215343529983,65,120,162
Wind_proxy,651,154.53542242703531,726.5,10115.0,0.23005068586258023,0.004612770089827628,72,120,162
PredSched_LLM,651,152.11606758832565,729.0,10115.0,0.23005068586258023,0.004369992716678805,18,120,162
FIFO,651,145.23904761904762,647.0,10115.0,0.1774399025786785,0.004553734061930784,0,120,163
QSSF_proxy,651,141.57239631336407,647.0,10115.0,0.1774399025786785,0.00546448087431694,12,120,163
RF_SRPT_proxy,651,141.57239631336407,647.0,10115.0,0.1774399025786785,0.00546448087431694,12,120,163
Backfill_FIFO,651,141.58927803379416,647.0,10115.0,0.17743990257867853,0.005009107468123861,40,120,163
Wind_proxy,651,141.57852534562213,647.0,10115.0,0.17743990257867853,0.00546448087431694,40,120,163
PredSched_LLM,651,141.5232258064516,647.0,10115.0,0.1774399025786785,0.00273224043715847,10,120,163
FIFO,651,136.93019969278032,644.0,9047.0,0.2982253129490439,0.002076304178562159,0,120,164
QSSF_proxy,651,136.92866359447004,644.0,9047.0,0.2982253129490439,0.0018167661562418895,0,120,164
RF_SRPT_proxy,651,136.92866359447004,644.0,9047.0,0.2982253129490439,0.0018167661562418895,0,120,164
Backfill_FIFO,651,136.92866359447004,644.0,9047.0,0.2982253129490439,0.002076304178562159,1,120,164
Wind_proxy,651,136.92866359447004,644.0,9047.0,0.2982253129490439,0.0018167661562418895,1,120,164
PredSched_LLM,651,136.92866359447004,644.0,9047.0,0.2982253129490439,0.0018167661562418895,0,120,164
FIFO,651,477.47211981566824,1901.5,10480.0,0.3110241809796436,0.0027624309392265192,0,120,165
QSSF_proxy,651,146.76903225806453,726.5,10115.0,0.32224749546877574,0.0035911602209944752,137,120,165
RF_SRPT_proxy,651,146.76903225806453,726.5,10115.0,0.32224749546877574,0.0035911602209944752,135,120,165
Backfill_FIFO,651,146.75516129032258,726.5,10115.0,0.32224749546877574,0.0033149171270718232,164,120,165
Wind_proxy,651,146.80278033794164,726.5,10115.0,0.32224749546877574,0.0030386740331491712,169,120,165
PredSched_LLM,651,146.81353302611367,726.5,10115.0,0.32224749546877574,0.0035911602209944752,140,120,165
FIFO,651,137.14536098310296,507.5,10115.0,0.3159564508156204,0.0026141162276291977,0,120,166
QSSF_proxy,651,124.71523809523809,491.5,10115.0,0.3159564508156203,0.0016086869093102755,10,120,166
RF_SRPT_proxy,651,124.71523809523809,491.5,10115.0,0.3159564508156203,0.0016086869093102755,10,120,166
Backfill_FIFO,651,127.05164362519206,445.5,10115.0,0.3159564508156203,0.0020108586366378444,26,120,166
Wind_proxy,651,143.23497695852535,555.5050000000001,10115.0,0.3159564508156203,0.005228232455258395,88,120,166
PredSched_LLM,651,129.9594777265745,622.0,10115.0,0.3159564508156204,0.014679268047456263,12,120,166
FIFO,651,156.10698924731184,702.0,10115.0,0.29804815455593997,0.004211047807778053,0,120,167
QSSF_proxy,651,153.2851766513057,702.0,10115.0,0.29804815455594,0.003963339113202873,9,120,167
RF_SRPT_proxy,651,153.2851766513057,702.0,10115.0,0.29804815455594,0.003963339113202873,9,120,167
Backfill_FIFO,651,152.65384024577574,702.0,10115.0,0.29804815455593997,0.004211047807778053,38,120,167
Wind_proxy,651,153.16536098310291,702.0,10115.0,0.29804815455593997,0.004211047807778053,41,120,167
PredSched_LLM,651,153.25445468509986,702.0,10115.0,0.29804815455594,0.0017339608620262571,9,120,167
FIFO,651,159.27442396313364,630.5,10115.0,0.3450705336546384,0.00471253534401508,0,120,168
QSSF_proxy,651,132.55870967741936,599.5,10115.0,0.3450705336546383,0.004948162111215834,13,120,168
RF_SRPT_proxy,651,132.55870967741936,599.5,10115.0,0.3450705336546383,0.004948162111215834,13,120,168
Backfill_FIFO,651,136.02250384024578,504.5,10115.0,0.34507053365463825,0.006126295947219604,53,120,168
Wind_proxy,651,136.17611367127495,504.5,10115.0,0.34507053365463825,0.004948162111215834,55,120,168
PredSched_LLM,651,132.5894623655914,599.5,10115.0,0.34507053365463836,0.008953817153628653,12,120,168
FIFO,651,133.14070660522273,320.5,10115.0,0.2858533294200033,0.019321278176864007,0,120,169
QSSF_proxy,651,132.5815668202765,315.5,10115.0,0.2858533294200033,0.019321278176864007,13,120,169
RF_SRPT_proxy,651,132.5815668202765,315.5,10115.0,0.2858533294200033,0.019321278176864007,11,120,169
Backfill_FIFO,651,132.5815668202765,315.5,10115.0,0.2858533294200033,0.019568986871439188,49,120,169
Wind_proxy,651,132.5815668202765,315.5,10115.0,0.2858533294200033,0.014862521674510775,49,120,169
PredSched_LLM,651,132.5815668202765,315.5,10115.0,0.2858533294200033,0.014367104285360416,11,120,169
FIFO,651,119.87937019969279,406.0,10115.0,0.14858401610644262,0.007981462409886715,0,120,170
QSSF_proxy,651,119.66425499231951,406.0,10115.0,0.14858401610644262,0.022914521112255407,2,120,170
RF_SRPT_proxy,651,119.66425499231951,406.0,10115.0,0.14858401610644262,0.022914521112255407,2,120,170
Backfill_FIFO,651,119.6642549923195,406.0,10115.0,0.14858401610644262,0.007981462409886715,26,120,170
Wind_proxy,651,119.65350230414745,406.0,10115.0,0.14858401610644265,0.007981462409886715,26,120,170
PredSched_LLM,651,119.68115207373273,406.0,10115.0,0.14858401610644265,0.015447991761071062,2,120,170
FIFO,651,122.23450076804916,434.5,9047.0,0.35664021913341437,0.0015783540022547915,0,120,171
QSSF_proxy,651,121.33897081413213,401.5,9047.0,0.3566402191334144,0.0013528748590755355,10,120,171
RF_SRPT_proxy,651,121.33897081413213,401.5,9047.0,0.3566402191334144,0.0013528748590755355,10,120,171
Backfill_FIFO,651,121.36967741935484,401.5,9047.0,0.3566402191334144,0.0013528748590755355,22,120,171
Wind_proxy,651,121.38350230414747,401.5,9047.0,0.3566402191334144,0.0011273957158962795,26,120,171
PredSched_LLM,651,121.30210445468512,401.5,9047.0,0.3566402191334144,0.0033821871476888386,10,120,171
FIFO,651,145.38803379416285,460.5,10115.0,0.272888459795683,0.005406866720735334,0,120,172
QSSF_proxy,651,145.2620737327189,460.5,10115.0,0.272888459795683,0.005136523384698567,6,120,172
RF_SRPT_proxy,651,145.2620737327189,460.5,10115.0,0.272888459795683,0.005136523384698567,6,120,172
Backfill_FIFO,651,145.2620737327189,460.5,10115.0,0.272888459795683,0.005406866720735334,12,120,172
Wind_proxy,651,145.2620737327189,460.5,10115.0,0.272888459795683,0.004866180048661801,12,120,172
PredSched_LLM,651,149.08235023041476,515.0,10115.0,0.272888459795683,0.006217896728845634,12,120,172
FIFO,651,119.77245775729646,351.0,10115.0,0.17990076721865209,0.00535931790499391,0,120,173
QSSF_proxy,651,119.64032258064518,351.0,10115.0,0.17990076721865209,0.00535931790499391,7,120,173
RF_SRPT_proxy,651,119.64032258064518,351.0,10115.0,0.17990076721865209,0.00535931790499391,7,120,173
Backfill_FIFO,651,119.64032258064518,351.0,10115.0,0.17990076721865209,0.00535931790499391,17,120,173
Wind_proxy,651,119.6172811059908,351.0,10115.0,0.1799007672186521,0.0060901339829476245,16,120,173
PredSched_LLM,651,119.73093701996928,351.0,10115.0,0.1799007672186521,0.01023142509135201,7,120,173
FIFO,651,437.0474807987712,1743.5,10195.0,0.3373055276279222,0.004514073287307488,0,120,174
QSSF_proxy,651,165.58915514592934,825.5,10661.0,0.3225616597098459,0.0013276686139139671,142,120,174
RF_SRPT_proxy,651,165.58915514592934,825.5,10661.0,0.3225616597098459,0.0013276686139139671,142,120,174
Backfill_FIFO,651,165.66749615975425,825.5,10661.0,0.3225616597098459,0.0018587360594795538,178,120,174
Wind_proxy,651,166.72433179723504,825.5,10661.0,0.3225616597098459,0.0018587360594795538,178,120,174
PredSched_LLM,651,166.64599078341016,825.5,10661.0,0.3225616597098459,0.0013276686139139671,143,120,174
FIFO,651,120.45548387096775,555.5,5657.0,0.25983872304224837,0.0034297963558413717,0,120,175
QSSF_proxy,651,120.26193548387097,555.5,5657.0,0.2598387230422484,0.0034297963558413717,4,120,175
RF_SRPT_proxy,651,120.26193548387097,555.5,5657.0,0.2598387230422484,0.0034297963558413717,4,120,175
Backfill_FIFO,651,120.26193548387097,555.5,5657.0,0.2598387230422484,0.0034297963558413717,6,120,175
Wind_proxy,651,120.79803379416283,555.5,5657.0,0.25983872304224837,0.0034297963558413717,25,120,175
PredSched_LLM,651,121.05763440860215,555.5,5657.0,0.2598387230422484,0.0038585209003215433,16,120,175
FIFO,651,133.60781874039938,397.0,10115.0,0.23250323879551835,0.005648267008985879,0,120,176
QSSF_proxy,651,133.5248694316436,397.0,10115.0,0.23250323879551835,0.005648267008985879,7,120,176
RF_SRPT_proxy,651,133.5248694316436,397.0,10115.0,0.23250323879551835,0.005648267008985879,7,120,176
Backfill_FIFO,651,133.5248694316436,397.0,10115.0,0.23250323879551835,0.005648267008985879,8,120,176
Wind_proxy,651,133.5248694316436,397.0,10115.0,0.23250323879551835,0.005648267008985879,8,120,176
PredSched_LLM,651,133.56788018433178,397.0,10115.0,0.23250323879551835,0.00693196405648267,3,120,176
FIFO,651,126.9225652841782,529.0,10115.0,0.2464379417943648,0.036741214057507986,0,120,177
QSSF_proxy,651,123.74135176651305,501.0,10115.0,0.2464379417943648,0.006123535676251331,20,120,177
RF_SRPT_proxy,651,123.74135176651305,501.0,10115.0,0.2464379417943648,0.006123535676251331,20,120,177
Backfill_FIFO,651,123.6737019969278,501.0,10115.0,0.2464379417943648,0.03647497337593184,66,120,177
Wind_proxy,651,123.95019969278034,501.0,10115.0,0.2464379417943648,0.020500532481363153,71,120,177
PredSched_LLM,651,126.11771121351767,501.5,10115.0,0.2464379417943648,0.007987220447284345,32,120,177
FIFO,651,172.89964669738862,1047.0,10115.0,0.20157952607513588,0.0055359838953195776,0,120,178
QSSF_proxy,651,170.15617511520736,1047.0,10115.0,0.2015795260751359,0.006039255158530448,17,120,178
RF_SRPT_proxy,651,170.15617511520736,1047.0,10115.0,0.2015795260751359,0.006039255158530448,17,120,178
Backfill_FIFO,651,169.98413210445466,1047.0,10115.0,0.2015795260751359,0.006039255158530448,46,120,178
Wind_proxy,651,170.00563748079875,1047.0,10115.0,0.2015795260751359,0.0055359838953195776,47,120,178
PredSched_LLM,651,170.17307219662055,1047.0,10115.0,0.20157952607513588,0.004277805737292401,17,120,178
FIFO,651,161.88599078341014,924.5,9047.0,0.1924745633911794,0.023586246092639953,0,120,179
QSSF_proxy,651,161.8183717357911,924.5,9047.0,0.1924745633911794,0.039784029553850526,3,120,179
RF_SRPT_proxy,651,161.8183717357911,924.5,9047.0,0.1924745633911794,0.039784029553850526,3,120,179
Backfill_FIFO,651,161.8183870967742,924.5,9047.0,0.1924745633911794,0.022733731173628872,10,120,179
Wind_proxy,651,161.8183870967742,924.5,9047.0,0.1924745633911794,0.023586246092639953,10,120,179
PredSched_LLM,651,162.24540706605222,924.5,9047.0,0.19247456339117938,0.013356067064506962,16,120,179
FIFO,651,164.23291858678957,700.0,6257.0,0.3292662850940282,0.022234128047147066,0,120,180
QSSF_proxy,651,146.628955453149,700.0,6257.0,0.32926628509402817,0.0061612643986070185,17,120,180
RF_SRPT_proxy,651,146.628955453149,700.0,6257.0,0.32926628509402817,0.0061612643986070185,17,120,180
Backfill_FIFO,651,148.07907834101383,700.0,6257.0,0.32926628509402806,0.022502009107956068,57,120,180
Wind_proxy,651,148.07907834101383,700.0,6257.0,0.32926628509402806,0.01928743637824806,57,120,180
PredSched_LLM,651,146.51072196620584,700.0,6257.0,0.32926628509402817,0.009107956067506027,12,120,180
FIFO,651,155.22039938556068,753.0,10115.0,0.27083390797495466,0.0027005130974885228,0,120,181
QSSF_proxy,651,155.22039938556068,753.0,10115.0,0.27083390797495466,0.0024304617877396704,0,120,181
RF_SRPT_proxy,651,155.22039938556068,753.0,10115.0,0.27083390797495466,0.0024304617877396704,0,120,181
Backfill_FIFO,651,155.22039938556068,753.0,10115.0,0.27083390797495466,0.0027005130974885228,0,120,181
Wind_proxy,651,155.22039938556068,753.0,10115.0,0.27083390797495466,0.002160410477990818,0,120,181
PredSched_LLM,651,155.24651305683565,753.0,10115.0,0.27083390797495466,0.001890359168241966,1,120,181
FIFO,651,498.6623655913979,2139.5,10495.0,0.29276504982531365,0.0035398230088495575,0,120,182
QSSF_proxy,651,178.41751152073735,751.0,10115.0,0.30376363795518224,0.017193426042983566,117,120,182
RF_SRPT_proxy,651,178.41751152073735,751.0,10115.0,0.30376363795518224,0.017193426042983566,115,120,182
Backfill_FIFO,651,178.41751152073735,751.0,10115.0,0.30376363795518224,0.00202275600505689,155,120,182
Wind_proxy,651,178.4466973886329,751.0,10115.0,0.30376363795518224,0.0017699115044247787,155,120,182
PredSched_LLM,651,178.42522273425502,751.0,10115.0,0.30376363795518224,0.01390644753476612,115,120,182
FIFO,651,126.20081413210445,644.0,10115.0,0.1860559688581315,0.005423553719008265,0,120,183
QSSF_proxy,651,126.19774193548386,644.0,10115.0,0.1860559688581315,0.005423553719008265,0,120,183
RF_SRPT_proxy,651,126.19774193548386,644.0,10115.0,0.1860559688581315,0.005423553719008265,0,120,183
Backfill_FIFO,651,126.19774193548386,644.0,10115.0,0.1860559688581315,0.005423553719008265,2,120,183
Wind_proxy,651,126.19774193548386,644.0,10115.0,0.1860559688581315,0.005423553719008265,2,120,183
PredSched_LLM,651,126.25150537634408,644.0,10115.0,0.1860559688581315,0.00490702479338843,1,120,183
FIFO,651,139.84738863287254,633.0,10115.0,0.22965796053715604,0.002556237218813906,0,120,184
QSSF_proxy,651,139.83509984639016,633.0,10115.0,0.22965796053715604,0.002556237218813906,0,120,184
RF_SRPT_proxy,651,139.83509984639016,633.0,10115.0,0.22965796053715604,0.002556237218813906,0,120,184
Backfill_FIFO,651,139.8350998463902,633.0,10115.0,0.22965796053715604,0.002556237218813906,2,120,184
Wind_proxy,651,139.9103686635945,633.0,10115.0,0.22965796053715604,0.0017893660531697342,3,120,184
PredSched_LLM,651,139.9856221198157,633.0,10115.0,0.22965796053715604,0.0035787321063394683,2,120,184
FIFO,651,131.97594470046084,651.0,10115.0,0.18645591942659412,0.0020147750167897917,0,120,185
QSSF_proxy,651,131.8669124423963,651.0,10115.0,0.18645591942659412,0.01544660846205507,4,120,185
RF_SRPT_proxy,651,131.8669124423963,651.0,10115.0,0.18645591942659412,0.01544660846205507,4,120,185
Backfill_FIFO,651,131.88070660522274,651.0,10115.0,0.18645591942659412,0.0020147750167897917,15,120,185
Wind_proxy,651,131.88685099846393,651.0,10115.0,0.18645591942659412,0.0020147750167897917,15,120,185
PredSched_LLM,651,132.5688786482335,651.0,10115.0,0.18645591942659412,0.0033579583613163196,14,120,185
FIFO,651,131.09781874039936,456.0,10115.0,0.28333979959630884,0.0025252525252525255,0,120,186
QSSF_proxy,651,129.31437788018434,456.0,10115.0,0.28333979959630884,0.0025252525252525255,13,120,186
RF_SRPT_proxy,651,129.31437788018434,456.0,10115.0,0.28333979959630884,0.0025252525252525255,13,120,186
Backfill_FIFO,651,129.31437788018434,456.0,10115.0,0.28333979959630884,0.0025252525252525255,50,120,186
Wind_proxy,651,129.70761904761906,456.0,10115.0,0.28333979959630884,0.00202020202020202,71,120,186
PredSched_LLM,651,129.3589247311828,456.0,10115.0,0.28333979959630884,0.00202020202020202,13,120,186
FIFO,651,146.92419354838708,753.0,9047.0,0.3052544432316421,0.004176904176904177,0,120,187
QSSF_proxy,651,146.73832565284178,753.0,9047.0,0.3052544432316421,0.004176904176904177,6,120,187
RF_SRPT_proxy,651,146.73832565284178,753.0,9047.0,0.3052544432316421,0.004176904176904177,6,120,187
Backfill_FIFO,651,146.73832565284178,753.0,9047.0,0.3052544432316421,0.004176904176904177,17,120,187
Wind_proxy,651,146.74447004608294,753.0,9047.0,0.3052544432316421,0.004176904176904177,17,120,187
PredSched_LLM,651,146.8704147465438,753.0,9047.0,0.30525444323164214,0.0036855036855036856,4,120,187
FIFO,651,137.2973579109063,675.5,9047.0,0.20387583360966802,0.00996168582375479,0,120,188
QSSF_proxy,651,137.29428571428573,675.5,9047.0,0.20387583360966802,0.00996168582375479,0,120,188
RF_SRPT_proxy,651,137.29428571428573,675.5,9047.0,0.20387583360966802,0.00996168582375479,0,120,188
Backfill_FIFO,651,137.2942857142857,675.5,9047.0,0.20387583360966802,0.00996168582375479,2,120,188
Wind_proxy,651,137.2942857142857,675.5,9047.0,0.20387583360966802,0.009450830140485313,2,120,188
PredSched_LLM,651,137.29428571428573,675.5,9047.0,0.20387583360966802,0.004086845466155811,0,120,188
FIFO,651,195.28509984639018,852.0,10115.0,0.3631128079172844,0.00394045534150613,0,120,189
QSSF_proxy,651,172.85806451612905,852.0,10115.0,0.3631128079172845,0.0043782837127845885,10,120,189
RF_SRPT_proxy,651,172.85806451612905,852.0,10115.0,0.3631128079172845,0.0043782837127845885,10,120,189
Backfill_FIFO,651,173.5062980030722,852.0,10115.0,0.3631128079172845,0.0043782837127845885,45,120,189
Wind_proxy,651,178.24824884792628,852.0,10115.0,0.36311280791728445,0.00394045534150613,30,120,189
PredSched_LLM,651,175.90569892473115,852.0,10115.0,0.36311280791728456,0.0043782837127845885,15,120,189
FIFO,651,474.94167434715825,2170.0,10511.0,0.31251249187359287,0.005629045876723895,0,120,190
QSSF_proxy,651,149.95978494623657,672.0,10115.0,0.32474728641456574,0.0030959752321981426,129,120,190
RF_SRPT_proxy,651,149.95978494623657,672.0,10115.0,0.32474728641456574,0.0030959752321981426,128,120,190
Backfill_FIFO,651,149.95978494623657,672.0,10115.0,0.32474728641456574,0.0030959752321981426,185,120,190
Wind_proxy,651,149.98129032258066,672.0,10115.0,0.32474728641456574,0.0025330706445257528,185,120,190
PredSched_LLM,651,149.9521044546851,672.0,10115.0,0.32474728641456574,0.0028145229383619475,128,120,190
FIFO,651,178.42798771121352,650.0,10115.0,0.26028911991267095,0.0036978341257263604,0,120,191
QSSF_proxy,651,150.9278341013825,650.0,10115.0,0.2602891199126709,0.004490227152667723,28,120,191
RF_SRPT_proxy,651,150.9278341013825,650.0,10115.0,0.2602891199126709,0.004490227152667723,27,120,191
Backfill_FIFO,651,158.7989400921659,650.0,10115.0,0.2602891199126709,0.004490227152667723,56,120,191
Wind_proxy,651,158.7989400921659,650.0,10115.0,0.2602891199126709,0.004490227152667723,56,120,191
PredSched_LLM,651,150.90479262672812,650.0,10115.0,0.2602891199126709,0.005018489170628632,27,120,191
FIFO,651,383.51562211981576,1264.505,10115.0,0.32126629078101826,0.003586065573770492,0,120,192
QSSF_proxy,651,183.01038402457758,1049.0,10115.0,0.32126629078101826,0.004610655737704918,105,120,192
RF_SRPT_proxy,651,183.01038402457758,1049.0,10115.0,0.32126629078101826,0.004610655737704918,101,120,192
Backfill_FIFO,651,181.6309677419355,1051.0,10115.0,0.3212662907810183,0.004610655737704918,176,120,192
Wind_proxy,651,181.65247311827957,1051.0,10115.0,0.3212662907810183,0.005122950819672131,176,120,192
PredSched_LLM,651,183.0242089093702,1049.0,10115.0,0.32126629078101826,0.004866803278688525,101,120,192
FIFO,651,86.98413210445469,329.0,5657.0,0.21639807428849214,0.00584958217270195,0,120,193
QSSF_proxy,651,86.76754224270353,329.0,5657.0,0.21639807428849214,0.00584958217270195,9,120,193
RF_SRPT_proxy,651,86.76754224270353,329.0,5657.0,0.21639807428849214,0.00584958217270195,7,120,193
Backfill_FIFO,651,86.76754224270353,329.0,5657.0,0.21639807428849214,0.00584958217270195,23,120,193
Wind_proxy,651,86.76754224270353,329.0,5657.0,0.21639807428849214,0.00584958217270195,23,120,193
PredSched_LLM,651,86.79519201228878,329.0,5657.0,0.2163980742884922,0.003342618384401114,7,120,193
FIFO,651,137.6584331797235,596.0,10115.0,0.2089620674740484,0.005695889053987122,0,120,194
QSSF_proxy,651,134.37732718894011,596.0,10115.0,0.2089620674740484,0.005200594353640416,3,120,194
RF_SRPT_proxy,651,134.3773271889401,596.0,10115.0,0.2089620674740484,0.005200594353640416,3,120,194
Backfill_FIFO,651,134.3773271889401,596.0,10115.0,0.2089620674740484,0.005200594353640416,18,120,194
Wind_proxy,651,134.7705683563748,596.0,10115.0,0.2089620674740484,0.006686478454680535,23,120,194
PredSched_LLM,651,135.15459293394778,596.0,10115.0,0.2089620674740484,0.0032194155522535907,3,120,194
FIFO,651,102.40477726574503,358.5,9047.0,0.2037448244814119,0.004526024641689716,0,120,195
QSSF_proxy,651,101.50460829493088,353.5,9047.0,0.20374482448141196,0.004526024641689716,7,120,195
RF_SRPT_proxy,651,101.50460829493088,353.5,9047.0,0.20374482448141196,0.004526024641689716,7,120,195
Backfill_FIFO,651,101.56144393241169,353.5,9047.0,0.20374482448141196,0.004526024641689716,30,120,195
Wind_proxy,651,101.80414746543781,353.5,9047.0,0.20374482448141196,0.005280362081971335,42,120,195
PredSched_LLM,651,101.79027649769586,353.5,9047.0,0.20374482448141185,0.0037716872014080965,4,120,195
FIFO,651,442.54568356374807,1741.0,10068.0,0.36652347474672226,0.004053409632808774,0,120,196
QSSF_proxy,651,190.00691244239633,1051.0,9047.0,0.4078875145075717,0.0026227944682880307,162,120,196
RF_SRPT_proxy,651,190.00691244239633,1051.0,9047.0,0.4078875145075717,0.0026227944682880307,160,120,196
Backfill_FIFO,651,190.0084485407066,1051.0,9047.0,0.4078875145075717,0.002861230329041488,228,120,196
Wind_proxy,651,190.0837173579109,1051.0,9047.0,0.4078875145075717,0.003099666189794945,233,120,196
PredSched_LLM,651,190.02380952380952,1051.0,9047.0,0.4078875145075717,0.003099666189794945,164,120,196
FIFO,651,491.516712749616,1895.5,10423.0,0.32063624016597914,0.003628666465074085,0,120,197
QSSF_proxy,651,187.32643625192014,951.0,10115.0,0.3303995582056353,0.002721499848805564,141,120,197
RF_SRPT_proxy,651,187.32643625192014,951.0,10115.0,0.3303995582056353,0.002721499848805564,140,120,197
Backfill_FIFO,651,187.32643625192014,951.0,10115.0,0.3303995582056353,0.002721499848805564,174,120,197
Wind_proxy,651,187.32643625192014,951.0,10115.0,0.3303995582056353,0.003326277592984578,174,120,197
PredSched_LLM,651,187.41706605222737,951.0,10115.0,0.3303995582056353,0.002721499848805564,140,120,197
FIFO,651,123.27625192012289,393.5,10115.0,0.3066623743615092,0.0008707009142359599,0,120,198
QSSF_proxy,651,122.50331797235023,393.5,10115.0,0.3066623743615092,0.02633870265563779,8,120,198
RF_SRPT_proxy,651,122.50331797235023,393.5,10115.0,0.3066623743615092,0.02633870265563779,8,120,198
Backfill_FIFO,651,122.58625192012288,393.5,10115.0,0.3066623743615092,0.0008707009142359599,37,120,198
Wind_proxy,651,123.1300307219662,393.5,10115.0,0.3066623743615092,0.00065302568567697,49,120,198
PredSched_LLM,651,122.58009216589862,393.5,10115.0,0.3066623743615092,0.011319111885067479,9,120,198
FIFO,651,100.74445468509984,393.0,9047.0,0.20617195617331718,0.007391511683357177,0,120,199
QSSF_proxy,651,100.73983102918588,393.0,9047.0,0.20617195617331718,0.007391511683357177,0,120,199
RF_SRPT_proxy,651,100.73983102918588,393.0,9047.0,0.20617195617331718,0.007391511683357177,0,120,199
Backfill_FIFO,651,100.73983102918588,393.0,9047.0,0.20617195617331718,0.007391511683357177,2,120,199
Wind_proxy,651,100.73983102918588,393.0,9047.0,0.20617195617331718,0.008106819265617548,2,120,199
PredSched_LLM,651,100.82738863287251,393.0,9047.0,0.20617195617331718,0.008106819265617548,0,120,199
FIFO,651,153.9674961597542,636.0,10115.0,0.2566716067309277,0.0059891446752760626,0,120,200
QSSF_proxy,651,153.9443010752688,636.0,10115.0,0.2566716067309277,0.005614823133071308,1,120,200
RF_SRPT_proxy,651,153.9443010752688,636.0,10115.0,0.2566716067309277,0.005614823133071308,1,120,200
Backfill_FIFO,651,153.95049155145932,636.0,10115.0,0.2566716067309277,0.0059891446752760626,6,120,200
Wind_proxy,651,153.95049155145932,636.0,10115.0,0.2566716067309277,0.0059891446752760626,6,120,200
PredSched_LLM,651,153.86440860215055,636.0,10115.0,0.2566716067309277,0.004679019277559424,0,120,200
FIFO,651,190.43397849462366,700.0,10115.0,0.39416709198385225,0.0027434842249657062,0,120,201
QSSF_proxy,651,175.44780337941629,811.5,10115.0,0.3941670919838523,0.0027434842249657062,13,120,201
RF_SRPT_proxy,651,175.44780337941629,811.5,10115.0,0.3941670919838523,0.0027434842249657062,13,120,201
Backfill_FIFO,651,176.58605222734255,700.0,10115.0,0.3941670919838523,0.0027434842249657062,65,120,201
Wind_proxy,651,176.72276497695853,700.0,10115.0,0.3941670919838523,0.0027434842249657062,65,120,201
PredSched_LLM,651,175.83029185867898,811.5,10115.0,0.3941670919838523,0.004663923182441701,11,120,201
FIFO,651,134.60778801843318,651.0,9047.0,0.24519461216425342,0.00637111760021237,0,120,202
QSSF_proxy,651,131.4342089093702,651.0,9047.0,0.2451946121642534,0.004778338200159278,11,120,202
RF_SRPT_proxy,651,131.4342089093702,651.0,9047.0,0.2451946121642534,0.004778338200159278,9,120,202
Backfill_FIFO,651,131.4895084485407,651.0,9047.0,0.2451946121642534,0.00504380143350146,28,120,202
Wind_proxy,651,131.4895084485407,651.0,9047.0,0.2451946121642534,0.006105654366870188,28,120,202
PredSched_LLM,651,131.4342089093702,651.0,9047.0,0.2451946121642534,0.003981948500132732,9,120,202
FIFO,651,133.91494623655916,555.5,10115.0,0.16219702277970008,0.005332040717401842,0,120,203
QSSF_proxy,651,133.91494623655916,555.5,10115.0,0.16219702277970008,0.005332040717401842,0,120,203
RF_SRPT_proxy,651,133.91494623655916,555.5,10115.0,0.16219702277970008,0.005332040717401842,0,120,203
Backfill_FIFO,651,133.91494623655916,555.5,10115.0,0.16219702277970008,0.005332040717401842,0,120,203
Wind_proxy,651,133.94262672811058,555.5,10115.0,0.16219702277970008,0.005332040717401842,1,120,203
PredSched_LLM,651,133.94256528417822,555.5,10115.0,0.16219702277970008,0.0075133301017935045,0,120,203
FIFO,651,98.50016897081413,395.5,6257.0,0.260318173645517,0.006591088847877669,0,120,204
QSSF_proxy,651,97.49711213517666,395.5,6257.0,0.260318173645517,0.006591088847877669,12,120,204
RF_SRPT_proxy,651,97.49711213517666,395.5,6257.0,0.260318173645517,0.006591088847877669,11,120,204
Backfill_FIFO,651,97.50016897081413,395.5,6257.0,0.260318173645517,0.006591088847877669,41,120,204
Wind_proxy,651,97.75056835637481,395.5,6257.0,0.2603181736455169,0.005800158186132349,55,120,204
PredSched_LLM,651,105.47271889400925,478.0,6257.0,0.26031817364551707,0.006327445293962563,36,120,204
FIFO,651,192.74279569892474,675.5,9047.0,0.33985116498102513,0.0182648401826484,0,120,205
QSSF_proxy,651,161.93944700460833,651.0,9047.0,0.33985116498102497,0.03220379716414323,26,120,205
RF_SRPT_proxy,651,161.93944700460833,651.0,9047.0,0.33985116498102497,0.03220379716414323,26,120,205
Backfill_FIFO,651,167.64755760368666,650.5,9047.0,0.3398511649810249,0.018985820716173996,60,120,205
Wind_proxy,651,167.91176651305685,650.5,9047.0,0.33985116498102497,0.012496995914443643,65,120,205
PredSched_LLM,651,159.1683410138249,651.0,9047.0,0.3398511649810249,0.018745493871665464,28,120,205
FIFO,651,150.61379416282645,675.5,10115.0,0.2967419581067721,0.005595007531740908,0,120,206
QSSF_proxy,651,146.6614132104455,675.5,10115.0,0.2967419581067721,0.01979771895846783,10,120,206
RF_SRPT_proxy,651,146.6614132104455,675.5,10115.0,0.2967419581067721,0.01979771895846783,10,120,206
Backfill_FIFO,651,146.64602150537635,675.5,10115.0,0.2967419581067721,0.019152141166343877,39,120,206
Wind_proxy,651,146.64602150537635,675.5,10115.0,0.2967419581067721,0.016569829997848073,39,120,206
PredSched_LLM,651,146.5999539170507,675.5,10115.0,0.2967419581067721,0.017645792984721326,10,120,206
FIFO,651,98.7426574500768,340.0,9047.0,0.13880299408643754,0.003416613282084134,0,120,207
QSSF_proxy,651,98.21118279569893,340.0,9047.0,0.13880299408643754,0.0036301516122143923,13,120,207
RF_SRPT_proxy,651,98.21118279569893,340.0,9047.0,0.13880299408643754,0.0036301516122143923,13,120,207
Backfill_FIFO,651,98.21884792626729,340.0,9047.0,0.13880299408643754,0.003416613282084134,36,120,207
Wind_proxy,651,98.21116743471582,340.0,9047.0,0.13880299408643754,0.0036301516122143923,36,120,207
PredSched_LLM,651,98.12668202764978,340.0,9047.0,0.13880299408643754,0.003843689942344651,14,120,207
FIFO,651,108.53397849462365,323.5,10115.0,0.2043622837370243,0.007790588968526021,0,120,208
QSSF_proxy,651,104.77360983102918,323.5,10115.0,0.20436228373702425,0.007790588968526021,16,120,208
RF_SRPT_proxy,651,104.77360983102918,323.5,10115.0,0.20436228373702425,0.007790588968526021,15,120,208
Backfill_FIFO,651,105.20832565284178,323.5,10115.0,0.20436228373702425,0.007790588968526021,38,120,208
Wind_proxy,651,105.20832565284178,323.5,10115.0,0.20436228373702425,0.007790588968526021,38,120,208
PredSched_LLM,651,104.7705376344086,323.5,10115.0,0.20436228373702425,0.009037083203490184,14,120,208
FIFO,651,248.71368663594473,1004.0,10115.0,0.2532128192453452,0.006191950464396285,0,120,209
QSSF_proxy,651,179.14686635944702,932.0,10115.0,0.25321281924534517,0.022961816305469555,80,120,209
RF_SRPT_proxy,651,179.14686635944702,932.0,10115.0,0.25321281924534517,0.022961816305469555,79,120,209
Backfill_FIFO,651,179.3972503840246,932.0,10115.0,0.2532128192453452,0.007739938080495356,92,120,209
Wind_proxy,651,227.11927803379416,998.0100000000002,10115.0,0.2532128192453452,0.006449948400412796,100,120,209
PredSched_LLM,651,226.3205222734255,998.0100000000002,10115.0,0.2532128192453453,0.014963880288957688,73,120,209
FIFO,651,117.45969278033793,359.0,5657.0,0.20492732087089752,0.015130674002751032,0,120,210
QSSF_proxy,651,115.83061443932414,359.0,5657.0,0.20492732087089752,0.014901421366345712,18,120,210
RF_SRPT_proxy,651,115.83061443932414,359.0,5657.0,0.20492732087089752,0.014901421366345712,18,120,210
Backfill_FIFO,651,115.95975422427036,359.0,5657.0,0.20492732087089752,0.0018340210912425492,38,120,210
Wind_proxy,651,115.9720430107527,359.0,5657.0,0.20492732087089752,0.0020632737276478678,38,120,210
PredSched_LLM,651,115.8857757296467,359.0,5657.0,0.20492732087089752,0.02246675836772123,13,120,210
FIFO,651,151.17918586789557,700.0,10115.0,0.24839683741143512,0.00578168362627197,0,120,211
QSSF_proxy,651,139.93342549923196,700.0,10115.0,0.2483968374114352,0.03122109158186864,18,120,211
RF_SRPT_proxy,651,139.93342549923196,700.0,10115.0,0.2483968374114352,0.03122109158186864,16,120,211
Backfill_FIFO,651,141.13772657450076,700.0,10115.0,0.24839683741143517,0.01734505087881591,46,120,211
Wind_proxy,651,141.13772657450076,700.0,10115.0,0.24839683741143517,0.018038852913968548,46,120,211
PredSched_LLM,651,139.92880184331798,700.0,10115.0,0.2483968374114352,0.016651248843663275,10,120,211
FIFO,651,155.64491551459292,651.0,9047.0,0.3408887257746583,0.005085176709890669,0,120,212
QSSF_proxy,651,141.1487557603687,650.5,9047.0,0.3408887257746583,0.004576659038901602,42,120,212
RF_SRPT_proxy,651,141.1487557603687,650.5,9047.0,0.3408887257746583,0.004576659038901602,40,120,212
Backfill_FIFO,651,140.54201228878648,650.5,9047.0,0.3408887257746583,0.004322400203407069,72,120,212
Wind_proxy,651,140.5543010752688,650.5,9047.0,0.3408887257746583,0.0038138825324180014,75,120,212
PredSched_LLM,651,141.3578955453149,650.5,9047.0,0.3408887257746583,0.012204424103737605,48,120,212
FIFO,651,111.60910906298002,394.0,5657.0,0.13141706256260682,0.003259604190919674,0,120,213
QSSF_proxy,651,110.85795698924733,394.0,5657.0,0.13141706256260682,0.003259604190919674,17,120,213
RF_SRPT_proxy,651,110.85795698924733,394.0,5657.0,0.13141706256260682,0.003259604190919674,16,120,213
Backfill_FIFO,651,110.85795698924731,394.0,5657.0,0.13141706256260682,0.003259604190919674,43,120,213
Wind_proxy,651,110.85795698924731,394.0,5657.0,0.13141706256260682,0.0034924330616996507,43,120,213
PredSched_LLM,651,110.9025038402458,394.0,5657.0,0.13141706256260682,0.003259604190919674,16,120,213
FIFO,651,184.33430107526883,788.0,9047.0,0.3915984304189234,0.004662004662004662,0,120,214
QSSF_proxy,651,156.8120276497696,753.0,9047.0,0.3915984304189235,0.004403004403004403,17,120,214
RF_SRPT_proxy,651,156.8120276497696,753.0,9047.0,0.3915984304189235,0.004403004403004403,17,120,214
Backfill_FIFO,651,159.3174039938556,753.0,9047.0,0.3915984304189235,0.004662004662004662,66,120,214
Wind_proxy,651,159.3174039938556,753.0,9047.0,0.3915984304189235,0.004403004403004403,66,120,214
PredSched_LLM,651,162.87961597542244,753.0,9047.0,0.39159843041892345,0.004662004662004662,20,120,214
FIFO,651,102.09918586789556,345.5,5583.0,0.22822908457221333,0.0037287345607084597,0,120,215
QSSF_proxy,651,101.99933947772658,345.5,5583.0,0.22822908457221333,0.003961780470752739,1,120,215
RF_SRPT_proxy,651,101.99933947772658,345.5,5583.0,0.22822908457221333,0.003961780470752739,1,120,215
Backfill_FIFO,651,102.05924731182797,345.5,5583.0,0.22822908457221333,0.0037287345607084597,2,120,215
Wind_proxy,651,102.05924731182797,345.5,5583.0,0.22822908457221333,0.003961780470752739,2,120,215
PredSched_LLM,651,101.98397849462367,345.5,5583.0,0.22822908457221333,0.0030295968305756233,1,120,215
FIFO,651,402.7179723502305,1336.0,6257.0,0.4406904700069256,0.030721966205837174,0,120,216
QSSF_proxy,651,173.20238095238096,1240.0,6257.0,0.4406904700069255,0.030063638358569233,137,120,216
RF_SRPT_proxy,651,173.20238095238096,1240.0,6257.0,0.4406904700069255,0.030063638358569233,132,120,216
Backfill_FIFO,651,173.90898617511522,1240.0,6257.0,0.4406904700069256,0.030063638358569233,196,120,216
Wind_proxy,651,175.92434715821813,1240.0,6257.0,0.4406904700069256,0.02304147465437788,199,120,216
PredSched_LLM,651,176.1255913978495,1240.0,6257.0,0.4406904700069256,0.028746982664033357,133,120,216
FIFO,651,128.8027803379416,555.5,9047.0,0.3120106596109206,0.005397448478900883,0,120,217
QSSF_proxy,651,128.82274961597543,555.5,9047.0,0.31201065961092067,0.005152109911678116,7,120,217
RF_SRPT_proxy,651,128.82274961597543,555.5,9047.0,0.31201065961092067,0.005152109911678116,7,120,217
Backfill_FIFO,651,127.65531490015361,555.5,9047.0,0.3120106596109206,0.005642787046123651,35,120,217
Wind_proxy,651,127.9026267281106,555.5,9047.0,0.31201065961092056,0.005397448478900883,35,120,217
PredSched_LLM,651,131.87344086021506,596.0,9047.0,0.3120106596109206,0.004906771344455349,14,120,217
FIFO,651,124.01488479262673,540.0,9047.0,0.2877743335728234,0.007536231884057971,0,120,218
QSSF_proxy,651,100.09322580645161,375.0,9047.0,0.2877743335728234,0.007246376811594203,4,120,218
RF_SRPT_proxy,651,100.09322580645161,375.0,9047.0,0.2877743335728234,0.007246376811594203,4,120,218
Backfill_FIFO,651,101.25758832565285,395.0,9047.0,0.28777433357282334,0.007536231884057971,44,120,218
Wind_proxy,651,116.97829493087559,555.5050000000001,9047.0,0.28777433357282334,0.007536231884057971,82,120,218
PredSched_LLM,651,104.23454685099847,460.0,9047.0,0.2877743335728233,0.00463768115942029,17,120,218
FIFO,651,150.54172043010755,345.5,10115.0,0.42637019690229033,0.0026702269692923898,0,120,219
QSSF_proxy,651,150.26829493087558,345.5,10115.0,0.42637019690229033,0.0026702269692923898,6,120,219
RF_SRPT_proxy,651,150.26829493087558,345.5,10115.0,0.42637019690229033,0.0026702269692923898,6,120,219
Backfill_FIFO,651,150.26829493087558,345.5,10115.0,0.42637019690229033,0.0026702269692923898,10,120,219
Wind_proxy,651,150.29748079877112,345.5,10115.0,0.42637019690229033,0.002403204272363151,12,120,219
PredSched_LLM,651,150.25139784946236,345.5,10115.0,0.42637019690229033,0.0026702269692923898,6,120,219
FIFO,651,129.19447004608296,462.5,10115.0,0.18649730083209765,0.0025833118057349523,0,120,220
QSSF_proxy,651,115.63686635944701,411.0,10115.0,0.18649730083209756,0.0020666494445879618,8,120,220
RF_SRPT_proxy,651,115.63686635944701,411.0,10115.0,0.18649730083209756,0.0020666494445879618,8,120,220
Backfill_FIFO,651,117.95176651305684,443.5,10115.0,0.18649730083209765,0.0020666494445879618,49,120,220
Wind_proxy,651,120.36961597542242,475.5,10115.0,0.18649730083209762,0.0018083182640144665,47,120,220
PredSched_LLM,651,120.44950844854071,609.0,10115.0,0.18649730083209762,0.0054249547920434,16,120,220
FIFO,651,148.66027649769586,675.5,10115.0,0.30396822684956337,0.01564107841119572,0,120,221
QSSF_proxy,651,138.03642089093702,675.5,10115.0,0.3039682268495633,0.004116073266104137,31,120,221
RF_SRPT_proxy,651,138.03642089093702,675.5,10115.0,0.3039682268495633,0.004116073266104137,31,120,221
Backfill_FIFO,651,138.05485407066053,675.5,10115.0,0.3039682268495633,0.015846882074500926,81,120,221
Wind_proxy,651,144.24546850998465,700.0,10115.0,0.30396822684956337,0.014612060094669685,100,120,221
PredSched_LLM,651,145.2593087557604,700.0,10115.0,0.3039682268495634,0.004733484256019757,69,120,221
FIFO,651,93.85490015360983,375.0,10115.0,0.0969975912423793,0.004275534441805225,0,120,222
QSSF_proxy,651,93.82878648233488,375.0,10115.0,0.0969975912423793,0.004275534441805225,1,120,222
RF_SRPT_proxy,651,93.82878648233488,375.0,10115.0,0.0969975912423793,0.004275534441805225,1,120,222
Backfill_FIFO,651,93.82878648233488,375.0,10115.0,0.0969975912423793,0.004275534441805225,5,120,222
Wind_proxy,651,93.82878648233488,375.0,10115.0,0.0969975912423793,0.005225653206650831,5,120,222
PredSched_LLM,651,93.80113671274962,375.0,10115.0,0.0969975912423793,0.00332541567695962,0,120,222
FIFO,651,116.41431643625192,390.5,9047.0,0.1930648672672341,0.023025435073627844,0,120,223
QSSF_proxy,651,116.36052227342552,390.5,9047.0,0.1930648672672341,0.006693440428380187,4,120,223
RF_SRPT_proxy,651,116.36052227342552,390.5,9047.0,0.1930648672672341,0.006693440428380187,4,120,223
Backfill_FIFO,651,116.36052227342552,390.5,9047.0,0.1930648672672341,0.0069611780455153946,6,120,223
Wind_proxy,651,116.36052227342552,390.5,9047.0,0.1930648672672341,0.007764390896921017,6,120,223
PredSched_LLM,651,116.36817204301074,390.5,9047.0,0.1930648672672341,0.0107095046854083,1,120,223
FIFO,651,150.52009216589863,647.0,9047.0,0.2315382930805791,0.006158899609936358,0,120,224
QSSF_proxy,651,150.23285714285714,647.0,9047.0,0.23153829308057916,0.006569492917265448,3,120,224
RF_SRPT_proxy,651,150.23285714285714,647.0,9047.0,0.23153829308057916,0.006569492917265448,3,120,224
Backfill_FIFO,651,150.2466666666667,647.0,9047.0,0.23153829308057916,0.005953602956271813,20,120,224
Wind_proxy,651,150.27431643625195,647.0,9047.0,0.23153829308057916,0.005748306302607267,22,120,224
PredSched_LLM,651,150.19138248847926,647.0,9047.0,0.23153829308057916,0.005337712995278177,4,120,224
FIFO,651,143.24345622119816,549.0,10115.0,0.30339162341407155,0.008293838862559242,0,120,225
QSSF_proxy,651,123.43700460829494,596.0,10115.0,0.3033916234140716,0.008293838862559242,15,120,225
RF_SRPT_proxy,651,123.43700460829494,596.0,10115.0,0.3033916234140716,0.008293838862559242,14,120,225
Backfill_FIFO,651,122.92855606758833,522.5,10115.0,0.3033916234140716,0.008590047393364929,48,120,225
Wind_proxy,651,122.99307219662059,522.5,10115.0,0.3033916234140716,0.00740521327014218,49,120,225
PredSched_LLM,651,123.48462365591399,596.0,10115.0,0.3033916234140716,0.007997630331753554,15,120,225
FIFO,651,156.97170506912443,650.0,10115.0,0.3619843590377326,0.007088474665266474,0,120,226
QSSF_proxy,651,156.97170506912443,650.0,10115.0,0.3619843590377326,0.006825938566552901,0,120,226
RF_SRPT_proxy,651,156.97170506912443,650.0,10115.0,0.3619843590377326,0.006825938566552901,0,120,226
Backfill_FIFO,651,156.97170506912443,650.0,10115.0,0.3619843590377326,0.007088474665266474,0,120,226
Wind_proxy,651,156.95941628264208,650.0,10115.0,0.3619843590377326,0.006038330270412182,0,120,226
PredSched_LLM,651,156.95173579109064,650.0,10115.0,0.3619843590377326,0.005775794171698608,0,120,226
FIFO,651,134.82422427035328,650.5,9047.0,0.2732364572970781,0.0026967393969110076,0,120,227
QSSF_proxy,651,134.55219662058374,650.5,9047.0,0.27323645729707813,0.0026967393969110076,9,120,227
RF_SRPT_proxy,651,134.55219662058374,650.5,9047.0,0.27323645729707813,0.0026967393969110076,9,120,227
Backfill_FIFO,651,134.49230414746543,650.5,9047.0,0.27323645729707813,0.002206423142927188,22,120,227
Wind_proxy,651,135.8272964669739,650.5,9047.0,0.27323645729707813,0.002206423142927188,48,120,227
PredSched_LLM,651,134.73362519201228,650.5,9047.0,0.27323645729707813,0.009806325079676392,12,120,227
FIFO,651,153.99815668202766,650.0,10115.0,0.28963851231669135,0.0038082437275985663,0,120,228
QSSF_proxy,651,152.52350230414746,650.0,10115.0,0.2896385123166913,0.004256272401433692,3,120,228
RF_SRPT_proxy,651,152.52350230414746,650.0,10115.0,0.2896385123166913,0.004256272401433692,3,120,228
Backfill_FIFO,651,152.478955453149,650.0,10115.0,0.28963851231669135,0.004032258064516129,21,120,228
Wind_proxy,651,186.9589093701997,916.0,10115.0,0.28963851231669147,0.004256272401433692,82,120,228
PredSched_LLM,651,158.94752688172045,650.0,10115.0,0.2896385123166914,0.0017921146953405018,22,120,228
FIFO,651,119.56010752688172,394.0,10115.0,0.22919098801285226,0.008338125359401954,0,120,229
QSSF_proxy,651,119.56010752688172,394.0,10115.0,0.22919098801285226,0.008338125359401954,0,120,229
RF_SRPT_proxy,651,119.56010752688172,394.0,10115.0,0.22919098801285226,0.008338125359401954,0,120,229
Backfill_FIFO,651,119.56010752688172,394.0,10115.0,0.22919098801285226,0.008338125359401954,0,120,229
Wind_proxy,651,119.56010752688172,394.0,10115.0,0.22919098801285226,0.008338125359401954,0,120,229
PredSched_LLM,651,119.5462826420891,394.0,10115.0,0.22919098801285226,0.0040253018976423235,0,120,229
FIFO,651,132.58935483870968,803.5,9047.0,0.1922793536531447,0.007026348808030113,0,120,230
QSSF_proxy,651,132.28675883256528,803.5,9047.0,0.1922793536531447,0.007026348808030113,10,120,230
RF_SRPT_proxy,651,132.28675883256528,803.5,9047.0,0.1922793536531447,0.007026348808030113,10,120,230
Backfill_FIFO,651,132.3005683563748,803.5,9047.0,0.1922793536531447,0.006775407779171894,19,120,230
Wind_proxy,651,132.34514592933948,803.5,9047.0,0.1922793536531447,0.006775407779171894,29,120,230
PredSched_LLM,651,132.39273425499235,803.5,9047.0,0.19227935365314466,0.012296110414052697,14,120,230
FIFO,651,107.55062980030723,460.5,10115.0,0.11156499732245836,0.0032520325203252032,0,120,231
QSSF_proxy,651,107.54448540706606,460.5,10115.0,0.11156499732245836,0.002981029810298103,0,120,231
RF_SRPT_proxy,651,107.54448540706606,460.5,10115.0,0.11156499732245836,0.002981029810298103,0,120,231
Backfill_FIFO,651,107.54448540706606,460.5,10115.0,0.11156499732245836,0.0032520325203252032,2,120,231
Wind_proxy,651,107.54448540706606,460.5,10115.0,0.11156499732245836,0.0032520325203252032,2,120,231
PredSched_LLM,651,107.64740399385562,460.5,10115.0,0.11156499732245836,0.002168021680216802,0,120,231
FIFO,651,419.648648233487,1766.0,6257.0,0.48468912318203605,0.003162412468940592,0,120,232
QSSF_proxy,651,121.39605222734255,515.0,6257.0,0.48468912318203616,0.01468262932008132,149,120,232
RF_SRPT_proxy,651,121.39605222734255,515.0,6257.0,0.48468912318203616,0.01468262932008132,149,120,232
Backfill_FIFO,651,121.55735791090632,515.0,6257.0,0.48468912318203605,0.00112943302462164,204,120,232
Wind_proxy,651,121.55735791090632,515.0,6257.0,0.48468912318203605,0.00112943302462164,204,120,232
PredSched_LLM,651,121.52353302611368,515.0,6267.0,0.48391572423009416,0.0040659588886379034,148,120,232
FIFO,651,137.29726574500768,555.5,10115.0,0.28003791398912514,0.005110732538330494,0,120,233
QSSF_proxy,651,136.51539170506913,555.5,10115.0,0.28003791398912514,0.005394662123793299,0,120,233
RF_SRPT_proxy,651,136.51539170506913,555.5,10115.0,0.28003791398912514,0.005394662123793299,0,120,233
Backfill_FIFO,651,136.51539170506913,555.5,10115.0,0.28003791398912514,0.005394662123793299,19,120,233
Wind_proxy,651,136.51539170506913,555.5,10115.0,0.28003791398912514,0.005110732538330494,19,120,233
PredSched_LLM,651,136.51539170506913,555.5,10115.0,0.28003791398912514,0.004826802952867689,0,120,233
FIFO,651,140.6062365591398,726.5,10115.0,0.27394802685780184,0.003924133420536298,0,120,234
QSSF_proxy,651,137.03173579109063,726.5,10115.0,0.2739480268578019,0.003924133420536298,12,120,234
RF_SRPT_proxy,651,137.03173579109063,726.5,10115.0,0.2739480268578019,0.003924133420536298,12,120,234
Backfill_FIFO,651,137.03173579109063,726.5,10115.0,0.2739480268578019,0.004142140832788315,40,120,234
Wind_proxy,651,137.05938556067588,726.5,10115.0,0.2739480268578019,0.004578155657292348,42,120,234
PredSched_LLM,651,137.05172043010754,726.5,10115.0,0.2739480268578019,0.004360148245040331,14,120,234
FIFO,651,139.27748079877114,555.5,10115.0,0.24221198714780023,0.02074688796680498,0,120,235
QSSF_proxy,651,135.0869738863287,555.5,10115.0,0.24221198714780023,0.008068234209313048,17,120,235
RF_SRPT_proxy,651,135.0869738863287,555.5,10115.0,0.24221198714780023,0.008068234209313048,14,120,235
Backfill_FIFO,651,135.40955453149002,555.5,10115.0,0.24221198714780026,0.022130013831258646,51,120,235
Wind_proxy,651,135.78129032258067,555.5,10115.0,0.24221198714780026,0.017289073305670817,64,120,235
PredSched_LLM,651,135.1637788018433,555.5,10115.0,0.24221198714780023,0.009451360073766712,14,120,235
FIFO,651,115.22061443932411,406.0,10115.0,0.2426065702751689,0.003973819541841982,0,120,236
QSSF_proxy,651,112.35884792626729,406.0,10115.0,0.2426065702751689,0.003973819541841982,13,120,236
RF_SRPT_proxy,651,112.35884792626729,406.0,10115.0,0.2426065702751689,0.003973819541841982,13,120,236
Backfill_FIFO,651,112.19296466973886,406.0,10115.0,0.2426065702751689,0.004207573632538569,28,120,236
Wind_proxy,651,112.23751152073731,406.0,10115.0,0.2426065702751689,0.004207573632538569,28,120,236
PredSched_LLM,651,112.98711213517666,406.0,10115.0,0.24260657027516888,0.002571294997662459,9,120,236
FIFO,651,140.23721966205838,623.0,10115.0,0.17997978559070685,0.003951701427003293,0,120,237
QSSF_proxy,651,139.42001536098311,623.0,10115.0,0.17997978559070688,0.0030735455543358945,14,120,237
RF_SRPT_proxy,651,139.42001536098311,623.0,10115.0,0.17997978559070688,0.0030735455543358945,14,120,237
Backfill_FIFO,651,138.31709677419357,623.0,10115.0,0.17997978559070685,0.003512623490669594,29,120,237
Wind_proxy,651,138.34013824884795,623.0,10115.0,0.17997978559070685,0.0030735455543358945,29,120,237
PredSched_LLM,651,139.4199846390169,623.0,10115.0,0.17997978559070693,0.003512623490669594,14,120,237
FIFO,651,114.10268817204302,367.0,10115.0,0.14477268907563023,0.0040032025620496394,0,120,238
QSSF_proxy,651,113.82927803379417,367.0,10115.0,0.14477268907563023,0.0040032025620496394,11,120,238
RF_SRPT_proxy,651,113.82927803379417,367.0,10115.0,0.14477268907563023,0.0040032025620496394,10,120,238
Backfill_FIFO,651,113.76626728110601,367.0,10115.0,0.14477268907563023,0.004270082732852949,35,120,238
Wind_proxy,651,113.85075268817207,367.0,10115.0,0.14477268907563023,0.0037363223912463303,36,120,238
PredSched_LLM,651,113.91227342549924,367.0,10115.0,0.14477268907563023,0.0037363223912463303,6,120,238
FIFO,651,153.8889708141321,776.0,10115.0,0.28335466407151105,0.003290306251581878,0,120,239
QSSF_proxy,651,149.82600614439326,776.0,10115.0,0.28335466407151094,0.018476335105036698,8,120,239
RF_SRPT_proxy,651,149.82600614439326,776.0,10115.0,0.28335466407151094,0.018476335105036698,8,120,239
Backfill_FIFO,651,150.10095238095238,776.0,10115.0,0.28335466407151094,0.004049607694254619,29,120,239
Wind_proxy,651,150.21619047619046,776.0,10115.0,0.28335466407151094,0.004049607694254619,43,120,239
PredSched_LLM,651,150.5356835637481,776.0,10115.0,0.28335466407151105,0.01366742596810934,10,120,239
FIFO,651,140.7692933947773,701.5,10115.0,0.34707949003130656,0.0031995346131471784,0,120,240
QSSF_proxy,651,140.26849462365593,701.5,10115.0,0.34707949003130656,0.01977894124490983,15,120,240
RF_SRPT_proxy,651,140.26849462365593,701.5,10115.0,0.34707949003130656,0.01977894124490983,14,120,240
Backfill_FIFO,651,140.26850998463905,701.5,10115.0,0.34707949003130656,0.0031995346131471784,24,120,240
Wind_proxy,651,140.50199692780342,701.5,10115.0,0.34707949003130656,0.0029086678301337987,38,120,240
PredSched_LLM,651,140.30536098310293,701.5,10115.0,0.34707949003130656,0.008435136707388016,14,120,240
FIFO,651,162.0836251920123,644.0,9047.0,0.3583179069488965,0.0022192632046160675,0,120,241
QSSF_proxy,651,142.3078955453149,596.0,9047.0,0.3583179069488965,0.001775410563692854,12,120,241
RF_SRPT_proxy,651,142.3078955453149,596.0,9047.0,0.3583179069488965,0.001775410563692854,12,120,241
Backfill_FIFO,651,141.99913978494624,596.0,9047.0,0.35831790694889665,0.0022192632046160675,39,120,241
Wind_proxy,651,141.99913978494624,596.0,9047.0,0.35831790694889665,0.0022192632046160675,39,120,241
PredSched_LLM,651,149.41542242703534,665.0,9047.0,0.35831790694889665,0.0019973368841544607,10,120,241
FIFO,651,92.7674039938556,414.0,5153.0,0.2951508304224079,0.00510677808727948,0,120,242
QSSF_proxy,651,92.41411674347158,395.5,5153.0,0.2951508304224079,0.01903435468895079,14,120,242
RF_SRPT_proxy,651,92.41411674347158,395.5,5153.0,0.2951508304224079,0.01903435468895079,14,120,242
Backfill_FIFO,651,92.40027649769586,395.5,5153.0,0.2951508304224079,0.00510677808727948,41,120,242
Wind_proxy,651,92.48476190476191,395.5,5153.0,0.2951508304224079,0.00510677808727948,54,120,242
PredSched_LLM,651,92.48476190476191,395.5,5153.0,0.2951508304224079,0.01532033426183844,12,120,242
FIFO,651,153.57239631336404,633.0,10115.0,0.29980994706706204,0.025825825825825825,0,120,243
QSSF_proxy,651,148.90717357910904,633.0,10115.0,0.29980994706706204,0.026126126126126126,7,120,243
RF_SRPT_proxy,651,148.90717357910904,633.0,10115.0,0.29980994706706204,0.026126126126126126,7,120,243
Backfill_FIFO,651,148.7305222734255,633.0,10115.0,0.29980994706706204,0.026126126126126126,36,120,243
Wind_proxy,651,149.3127342549923,633.0,10115.0,0.29980994706706204,0.017717717717717716,48,120,243
PredSched_LLM,651,148.91024577572963,633.0,10115.0,0.29980994706706204,0.015615615615615615,6,120,243
FIFO,651,144.8704301075269,837.5,10115.0,0.2550287990196078,0.004739336492890996,0,120,244
QSSF_proxy,651,126.1561290322581,802.5,10115.0,0.25502879901960784,0.005238214018458469,11,120,244
RF_SRPT_proxy,651,126.1561290322581,802.5,10115.0,0.25502879901960784,0.005238214018458469,11,120,244
Backfill_FIFO,651,128.02096774193546,837.5,10115.0,0.2550287990196078,0.005238214018458469,31,120,244
Wind_proxy,651,128.02096774193546,837.5,10115.0,0.2550287990196078,0.004739336492890996,31,120,244
PredSched_LLM,651,126.1361597542243,802.5,10115.0,0.25502879901960784,0.008979795460214518,9,120,244
FIFO,651,95.37878648233487,375.0,5583.0,0.2746750925428385,0.010245349150714478,0,120,245
QSSF_proxy,651,95.37725038402458,375.0,5583.0,0.2746750925428385,0.02615260177945538,0,120,245
RF_SRPT_proxy,651,95.37725038402458,375.0,5583.0,0.2746750925428385,0.02615260177945538,0,120,245
Backfill_FIFO,651,95.37725038402458,375.0,5583.0,0.2746750925428385,0.010245349150714478,1,120,245
Wind_proxy,651,95.90105990783411,375.0,5583.0,0.27467509254283845,0.007549204637368563,16,120,245
PredSched_LLM,651,96.6552688172043,375.0,5583.0,0.2746750925428385,0.015368023726071718,9,120,245
FIFO,651,119.62434715821813,568.5,10115.0,0.13986974377986483,0.030061892130857647,0,120,246
QSSF_proxy,651,119.28947772657449,568.5,10115.0,0.13986974377986483,0.029840848806366047,9,120,246
RF_SRPT_proxy,651,119.28947772657449,568.5,10115.0,0.13986974377986483,0.029840848806366047,9,120,246
Backfill_FIFO,651,119.31712749615976,568.5,10115.0,0.13986974377986483,0.029840848806366047,19,120,246
Wind_proxy,651,119.307910906298,568.5,10115.0,0.13986974377986483,0.028514588859416445,19,120,246
PredSched_LLM,651,119.37396313364057,568.5,10115.0,0.13986974377986483,0.01215738284703802,6,120,246
FIFO,651,164.40485407066052,647.0,10115.0,0.31082156038886133,0.006468615237182559,0,120,247
QSSF_proxy,651,163.44480798771121,647.0,10115.0,0.31082156038886133,0.020124580737901295,15,120,247
RF_SRPT_proxy,651,163.44480798771121,647.0,10115.0,0.31082156038886133,0.020124580737901295,15,120,247
Backfill_FIFO,651,163.7719815668203,647.0,10115.0,0.3108215603888614,0.005989458552946814,32,120,247
Wind_proxy,651,163.7719815668203,647.0,10115.0,0.3108215603888614,0.005989458552946814,32,120,247
PredSched_LLM,651,164.00391705069126,647.0,10115.0,0.31082156038886133,0.005031145184475324,18,120,247
FIFO,651,1502.393102918587,4991.0,13635.0,0.42247534531230935,0.007504288164665523,0,120,248
QSSF_proxy,651,340.24827956989253,2129.0,10345.0,0.5568343483164166,0.028945111492281305,165,120,248
RF_SRPT_proxy,651,340.24827956989253,2129.0,10345.0,0.5568343483164166,0.028945111492281305,162,120,248
Backfill_FIFO,651,330.8705376344086,1475.0100000000002,10333.0,0.5574810155166293,0.003001715265866209,214,120,248
Wind_proxy,651,331.0395084485407,1475.0100000000002,10333.0,0.5574810155166293,0.003001715265866209,225,120,248
PredSched_LLM,651,340.5017357910907,2129.0,10345.0,0.5568343483164165,0.01072041166380789,165,120,248
FIFO,651,106.27456221198157,351.0,10115.0,0.1580106102735212,0.021357380161366873,0,120,249
QSSF_proxy,651,106.08715821812596,351.0,10115.0,0.1580106102735212,0.007593735168485999,7,120,249
RF_SRPT_proxy,651,106.08715821812596,351.0,10115.0,0.1580106102735212,0.007593735168485999,7,120,249
Backfill_FIFO,651,106.01956989247313,351.0,10115.0,0.1580106102735212,0.007356430944470811,23,120,249
Wind_proxy,651,106.01956989247313,351.0,10115.0,0.1580106102735212,0.007356430944470811,23,120,249
PredSched_LLM,651,106.03185867895546,351.0,10115.0,0.1580106102735212,0.007119126720455624,5,120,249
FIFO,651,1289.5390168970819,3914.0,12045.01,0.41248173863422855,0.005447117566954153,0,120,250
QSSF_proxy,651,225.30029185867897,1199.0,9047.0,0.5491706274639844,0.014979573309123922,190,120,250
RF_SRPT_proxy,651,225.30029185867897,1199.0,9047.0,0.5491706274639844,0.014979573309123922,188,120,250
Backfill_FIFO,651,225.5045929339478,1199.0,9047.0,0.5491706274639844,0.0024965955515206537,252,120,250
Wind_proxy,651,225.59522273425503,1199.0,9047.0,0.5491706274639844,0.0022696323195642307,264,120,250
PredSched_LLM,651,225.45390168970818,1199.0,9047.0,0.5491706274639844,0.008170676350431231,195,120,250
FIFO,651,141.25125960061445,633.0,10115.0,0.30949517630581647,0.003987240829346092,0,120,251
QSSF_proxy,651,141.1867434715822,633.0,10115.0,0.30949517630581647,0.003987240829346092,5,120,251
RF_SRPT_proxy,651,141.1867434715822,633.0,10115.0,0.30949517630581647,0.003987240829346092,5,120,251
Backfill_FIFO,651,141.1867434715822,633.0,10115.0,0.30949517630581647,0.003987240829346092,10,120,251
Wind_proxy,651,141.25281105990783,633.0,10115.0,0.30949517630581647,0.003721424774056353,23,120,251
PredSched_LLM,651,141.24820276497698,633.0,10115.0,0.30949517630581647,0.002126528442317916,10,120,251
FIFO,651,170.32345622119814,894.0,10115.0,0.2806419045559401,0.004837791690381332,0,120,252
QSSF_proxy,651,151.15294930875575,854.0,10115.0,0.28064190455594007,0.004837791690381332,18,120,252
RF_SRPT_proxy,651,151.15294930875578,854.0,10115.0,0.28064190455594007,0.004837791690381332,18,120,252
Backfill_FIFO,651,150.7704608294931,854.0,10115.0,0.28064190455594007,0.004837791690381332,50,120,252
Wind_proxy,651,150.77199692780337,854.0,10115.0,0.28064190455594007,0.005691519635742743,50,120,252
PredSched_LLM,651,151.15755760368666,854.0,10115.0,0.28064190455594007,0.003130335799658509,18,120,252
FIFO,651,140.13331797235026,382.0,10115.0,0.2462082550667326,0.0063882063882063885,0,120,253
QSSF_proxy,651,139.1793701996928,382.0,10115.0,0.2462082550667326,0.006142506142506142,14,120,253
RF_SRPT_proxy,651,139.1793701996928,382.0,10115.0,0.2462082550667326,0.006142506142506142,14,120,253
Backfill_FIFO,651,139.1793701996928,382.0,10115.0,0.2462082550667326,0.0063882063882063885,56,120,253
Wind_proxy,651,139.17015360983106,382.0,10115.0,0.2462082550667326,0.006142506142506142,56,120,253
PredSched_LLM,651,139.15477726574503,382.0,10115.0,0.2462082550667326,0.0019656019656019656,14,120,253
FIFO,651,99.4125960061444,384.0,10115.0,0.1037965727467457,0.0037654653039268424,0,120,254
QSSF_proxy,651,99.4125960061444,384.0,10115.0,0.1037965727467457,0.0034965034965034965,0,120,254
RF_SRPT_proxy,651,99.4125960061444,384.0,10115.0,0.1037965727467457,0.0034965034965034965,0,120,254
Backfill_FIFO,651,99.4125960061444,384.0,10115.0,0.1037965727467457,0.0037654653039268424,0,120,254
Wind_proxy,651,99.4125960061444,384.0,10115.0,0.1037965727467457,0.0037654653039268424,0,120,254
PredSched_LLM,651,99.42027649769587,384.0,10115.0,0.1037965727467457,0.0029585798816568047,0,120,254
FIFO,651,113.12075268817206,393.0,9047.0,0.18456678549058628,0.002788339670468948,0,120,255
QSSF_proxy,651,113.10231950844856,393.0,9047.0,0.18456678549058628,0.0020278833967046894,0,120,255
RF_SRPT_proxy,651,113.10231950844856,393.0,9047.0,0.18456678549058628,0.0020278833967046894,0,120,255
Backfill_FIFO,651,113.10231950844856,393.0,9047.0,0.18456678549058628,0.002788339670468948,2,120,255
Wind_proxy,651,113.14533026113673,393.0,9047.0,0.18456678549058628,0.0025348542458808617,4,120,255
PredSched_LLM,651,113.11614439324119,393.0,9047.0,0.18456678549058628,0.0017743979721166034,2,120,255
FIFO,651,124.74857142857142,633.0,10115.0,0.2410689137419673,0.002127659574468085,0,120,256
QSSF_proxy,651,124.52122887864822,633.0,10115.0,0.24106891374196734,0.002127659574468085,12,120,256
RF_SRPT_proxy,651,124.52122887864822,633.0,10115.0,0.24106891374196734,0.002127659574468085,12,120,256
Backfill_FIFO,651,124.49050691244238,633.0,10115.0,0.24106891374196734,0.002127659574468085,15,120,256
Wind_proxy,651,124.63029185867894,633.0,10115.0,0.24106891374196734,0.002127659574468085,28,120,256
PredSched_LLM,651,125.58881720430107,633.0,10115.0,0.24106891374196734,0.0026004728132387705,21,120,256
FIFO,651,447.5948847926268,1802.5,10422.0,0.3366085784078551,0.019155077407504592,0,120,257
QSSF_proxy,651,149.8383102918587,555.5,10115.0,0.346824973224584,0.01679349252164786,118,120,257
RF_SRPT_proxy,651,149.8383102918587,555.5,10115.0,0.346824973224584,0.01679349252164786,116,120,257
Backfill_FIFO,651,149.86597542242703,555.5,10115.0,0.346824973224584,0.01679349252164786,156,120,257
Wind_proxy,651,149.8721198156682,555.5,10115.0,0.346824973224584,0.009708737864077669,156,120,257
PredSched_LLM,651,149.93818740399388,555.5,10115.0,0.346824973224584,0.010233534505379166,118,120,257
FIFO,651,89.55397849462365,263.0,10115.0,0.14493042408139722,0.02461033634126333,0,120,258
QSSF_proxy,651,89.53093701996927,263.0,10115.0,0.14493042408139722,0.009023789991796555,3,120,258
RF_SRPT_proxy,651,89.53093701996927,263.0,10115.0,0.14493042408139722,0.009023789991796555,3,120,258
Backfill_FIFO,651,89.55397849462365,263.0,10115.0,0.14493042408139722,0.02461033634126333,0,120,258
Wind_proxy,651,89.88884792626727,263.0,10115.0,0.14493042408139722,0.020508613617719443,14,120,258
PredSched_LLM,651,89.56165898617512,263.5,10115.0,0.14493042408139722,0.0027344818156959257,3,120,258
FIFO,651,173.01139784946236,650.5,10115.0,0.2862197190640962,0.0019574259848299485,0,120,259
QSSF_proxy,651,172.5905069124424,650.5,10115.0,0.2862197190640962,0.0019574259848299485,24,120,259
RF_SRPT_proxy,651,172.5905069124424,650.5,10115.0,0.2862197190640962,0.0019574259848299485,24,120,259
Backfill_FIFO,651,172.5905069124424,650.5,10115.0,0.2862197190640962,0.0019574259848299485,45,120,259
Wind_proxy,651,172.5905069124424,650.5,10115.0,0.2862197190640962,0.0019574259848299485,45,120,259
PredSched_LLM,651,172.6780798771121,650.5,10115.0,0.2862197190640962,0.0034254954734524103,24,120,259
FIFO,651,274.0948847926268,1202.0,9087.0,0.4484529719654451,0.0030967127203430206,0,120,260
QSSF_proxy,651,158.20350230414746,481.5,9047.0,0.45043574182049284,0.0021438780371605525,124,120,260
RF_SRPT_proxy,651,158.20350230414746,481.5,9047.0,0.45043574182049284,0.0021438780371605525,123,120,260
Backfill_FIFO,651,158.20350230414746,481.5,9047.0,0.45043574182049284,0.0019056693663649356,176,120,260
Wind_proxy,651,158.2541935483871,481.5,9047.0,0.45043574182049284,0.0019056693663649356,177,120,260
PredSched_LLM,651,158.22654377880184,481.5,9047.0,0.45043574182049284,0.0021438780371605525,123,120,260
FIFO,651,141.24658986175118,395.5,10115.0,0.25712229980227386,0.005881022393123728,0,120,261
QSSF_proxy,651,140.8210906298003,395.5,10115.0,0.25712229980227386,0.005881022393123728,11,120,261
RF_SRPT_proxy,651,140.8210906298003,395.5,10115.0,0.25712229980227386,0.005881022393123728,11,120,261
Backfill_FIFO,651,140.8210906298003,395.5,10115.0,0.25712229980227386,0.005881022393123728,29,120,261
Wind_proxy,651,140.8210906298003,395.5,10115.0,0.25712229980227386,0.005881022393123728,29,120,261
PredSched_LLM,651,140.88407066052227,395.5,10115.0,0.25712229980227386,0.004523863379325944,11,120,261
FIFO,651,149.96390168970814,854.0,9047.0,0.3238347656681773,0.0053809119229679975,0,120,262
QSSF_proxy,651,145.22964669738866,753.0,9047.0,0.32383476566817737,0.004531294250920419,24,120,262
RF_SRPT_proxy,651,145.22964669738866,753.0,9047.0,0.32383476566817737,0.004531294250920419,24,120,262
Backfill_FIFO,651,145.536866359447,753.0,9047.0,0.32383476566817737,0.004814500141602946,68,120,262
Wind_proxy,651,146.73195084485408,753.0,9047.0,0.32383476566817737,0.004248088360237893,74,120,262
PredSched_LLM,651,148.67050691244242,753.0,9047.0,0.3238347656681775,0.005664117813650524,22,120,262
FIFO,651,146.8763440860215,700.0,10115.0,0.19346225181248977,0.005583756345177665,0,120,263
QSSF_proxy,651,132.76115207373272,700.0,10115.0,0.19346225181248977,0.004568527918781726,4,120,263
RF_SRPT_proxy,651,132.76115207373272,700.0,10115.0,0.19346225181248977,0.004568527918781726,4,120,263
Backfill_FIFO,651,133.84562211981566,700.0,10115.0,0.19346225181248974,0.005583756345177665,40,120,263
Wind_proxy,651,133.8609831029186,700.0,10115.0,0.19346225181248974,0.0040609137055837565,40,120,263
PredSched_LLM,651,134.00537634408602,700.0,10115.0,0.19346225181248972,0.003553299492385787,8,120,263
FIFO,651,119.31897081413211,623.0,10115.0,0.1312696840500906,0.003114456267843239,0,120,264
QSSF_proxy,651,119.29439324116744,623.0,10115.0,0.1312696840500906,0.0028549182455229693,0,120,264
RF_SRPT_proxy,651,119.29439324116744,623.0,10115.0,0.1312696840500906,0.0028549182455229693,0,120,264
Backfill_FIFO,651,119.29439324116744,623.0,10115.0,0.1312696840500906,0.003114456267843239,5,120,264
Wind_proxy,651,119.29439324116744,623.0,10115.0,0.1312696840500906,0.004152608357124318,5,120,264
PredSched_LLM,651,119.27596006144394,623.0,10115.0,0.1312696840500906,0.0018167661562418895,0,120,264
FIFO,651,161.7505529953917,853.0,9047.0,0.24923706638480528,0.00763566948459231,0,120,265
QSSF_proxy,651,156.51552995391705,853.0,9047.0,0.24923706638480528,0.007090264521407145,18,120,265
RF_SRPT_proxy,651,156.51552995391705,853.0,9047.0,0.24923706638480528,0.007090264521407145,17,120,265
Backfill_FIFO,651,156.81660522273427,853.0,9047.0,0.24923706638480522,0.007090264521407145,53,120,265
Wind_proxy,651,156.8672964669739,853.0,9047.0,0.24923706638480522,0.007090264521407145,53,120,265
PredSched_LLM,651,156.99172043010753,853.0,9047.0,0.24923706638480528,0.008453776929370058,22,120,265
FIFO,651,118.89953917050693,394.0,9047.0,0.28709695893666415,0.007056748015289621,0,120,266
QSSF_proxy,651,118.73208909370199,394.0,9047.0,0.28709695893666415,0.007056748015289621,3,120,266
RF_SRPT_proxy,651,118.73208909370199,394.0,9047.0,0.28709695893666415,0.007056748015289621,3,120,266
Backfill_FIFO,651,118.73208909370199,394.0,9047.0,0.28709695893666415,0.007056748015289621,20,120,266
Wind_proxy,651,118.76434715821811,394.0,9047.0,0.28709695893666415,0.006762716847985887,20,120,266
PredSched_LLM,651,118.75513056835636,394.0,9047.0,0.28709695893666415,0.007056748015289621,3,120,266
FIFO,651,182.52173579109063,959.5,9047.0,0.3348684082660919,0.0031746031746031746,0,120,267
QSSF_proxy,651,165.39577572964672,959.5,9047.0,0.3348684082660919,0.004497354497354497,2,120,267
RF_SRPT_proxy,651,165.39577572964672,959.5,9047.0,0.3348684082660919,0.004497354497354497,2,120,267
Backfill_FIFO,651,162.93801843317974,959.5,9047.0,0.33486840826609204,0.004232804232804233,43,120,267
Wind_proxy,651,187.77818740399385,991.0050000000001,9047.0,0.3348684082660919,0.006613756613756613,75,120,267
PredSched_LLM,651,183.10855606758835,991.0050000000001,9047.0,0.334868408266092,0.004761904761904762,63,120,267
FIFO,651,146.4261904761905,568.5,10115.0,0.37246988795518216,0.0048187241854061496,0,120,268
QSSF_proxy,651,143.69651305683567,568.5,10115.0,0.37246988795518204,0.017668655346489214,5,120,268
RF_SRPT_proxy,651,143.69651305683567,568.5,10115.0,0.37246988795518204,0.017668655346489214,5,120,268
Backfill_FIFO,651,143.42001536098311,568.5,10115.0,0.37246988795518216,0.0048187241854061496,32,120,268
Wind_proxy,651,143.42001536098311,568.5,10115.0,0.37246988795518216,0.0048187241854061496,32,120,268
PredSched_LLM,651,144.33861751152077,568.5,10115.0,0.37246988795518204,0.00986691142726021,6,120,268
FIFO,651,156.31884792626727,650.0,10115.0,0.26290623558246834,0.005686433793663688,0,120,269
QSSF_proxy,651,155.94557603686636,650.0,10115.0,0.26290623558246834,0.005686433793663688,1,120,269
RF_SRPT_proxy,651,155.94557603686636,650.0,10115.0,0.26290623558246834,0.005686433793663688,1,120,269
Backfill_FIFO,651,155.94557603686636,650.0,10115.0,0.26290623558246834,0.005686433793663688,11,120,269
Wind_proxy,651,155.94557603686636,650.0,10115.0,0.26290623558246834,0.005144868670457623,11,120,269
PredSched_LLM,651,155.94250384024576,650.0,10115.0,0.26290623558246834,0.00487408610885459,1,120,269
FIFO,651,151.15405529953918,702.0,10115.0,0.2695268372054704,0.034710339770227326,0,120,270
QSSF_proxy,651,150.30921658986176,702.0,10115.0,0.2695268372054703,0.005866536299193351,28,120,270
RF_SRPT_proxy,651,150.30921658986176,702.0,10115.0,0.2695268372054703,0.005866536299193351,25,120,270
Backfill_FIFO,651,150.3230414746544,702.0,10115.0,0.2695268372054703,0.02004399902224395,37,120,270
Wind_proxy,651,149.76852534562212,702.0,10115.0,0.2695268372054704,0.031777071620630655,20,120,270
PredSched_LLM,651,153.2062980030722,702.0,10115.0,0.2695268372054704,0.013199706673185041,32,120,270
FIFO,651,104.78938556067588,401.5,9047.0,0.22755319097490884,0.000980872976949485,0,120,271
QSSF_proxy,651,104.77402457757296,401.5,9047.0,0.22755319097490884,0.000980872976949485,0,120,271
RF_SRPT_proxy,651,104.77402457757296,401.5,9047.0,0.22755319097490884,0.000980872976949485,0,120,271
Backfill_FIFO,651,104.77402457757296,401.5,9047.0,0.22755319097490884,0.000980872976949485,2,120,271
Wind_proxy,651,104.77402457757296,401.5,9047.0,0.22755319097490884,0.0007356547327121138,2,120,271
PredSched_LLM,651,104.81700460829495,401.5,9047.0,0.22755319097490873,0.005149583128984796,0,120,271
FIFO,651,133.19640552995395,555.5,10198.0,0.3633002610806041,0.0028694404591104736,0,120,272
QSSF_proxy,651,132.0151612903226,555.5,10115.0,0.36628137048937215,0.0031085604973696795,15,120,272
RF_SRPT_proxy,651,132.0151612903226,555.5,10115.0,0.36628137048937215,0.0031085604973696795,15,120,272
Backfill_FIFO,651,132.03663594470046,555.5,10115.0,0.36628137048937215,0.0028694404591104736,50,120,272
Wind_proxy,651,132.03663594470046,555.5,10115.0,0.36628137048937215,0.0028694404591104736,50,120,272
PredSched_LLM,651,131.9951766513057,555.5,10115.0,0.36628137048937215,0.011238641798182687,16,120,272
FIFO,651,115.72351766513059,393.0,9047.0,0.10858310305441955,0.0035285815102328866,0,120,273
QSSF_proxy,651,115.72342549923196,393.0,9047.0,0.10858310305441955,0.01787814631851329,0,120,273
RF_SRPT_proxy,651,115.72342549923196,393.0,9047.0,0.10858310305441955,0.01787814631851329,0,120,273
Backfill_FIFO,651,115.72342549923196,393.0,9047.0,0.10858310305441955,0.0035285815102328866,4,120,273
Wind_proxy,651,115.70652841781876,393.0,9047.0,0.10858310305441955,0.0037638202775817455,4,120,273
PredSched_LLM,651,115.69883256528418,393.0,9047.0,0.10858310305441955,0.006351446718419196,0,120,273
FIFO,651,1489.2551920122887,4914.5,10504.0,0.40471419419586196,0.0037936267071320183,0,120,274
QSSF_proxy,651,203.34222734254993,1095.5,7278.0,0.5841052343821564,0.0017703591299949419,160,120,274
RF_SRPT_proxy,651,203.34222734254993,1095.5,7278.0,0.5841052343821564,0.0017703591299949419,160,120,274
Backfill_FIFO,651,203.3883102918587,1095.5,7278.0,0.5841052343821564,0.0017703591299949419,230,120,274
Wind_proxy,651,203.37909370199694,1095.5,7278.0,0.5841052343821564,0.0017703591299949419,230,120,274
PredSched_LLM,651,203.33301075268818,1095.5,7278.0,0.5841052343821564,0.0010116337885685382,160,120,274
FIFO,651,123.32817204301078,454.5,10115.0,0.2611644185615422,0.003809097019941743,0,120,275
QSSF_proxy,651,121.61542242703536,454.5,10115.0,0.2611644185615422,0.003585032489356935,26,120,275
RF_SRPT_proxy,651,121.61542242703536,454.5,10115.0,0.2611644185615422,0.003585032489356935,24,120,275
Backfill_FIFO,651,121.58006144393242,454.5,10115.0,0.2611644185615422,0.003809097019941743,74,120,275
Wind_proxy,651,121.58006144393242,454.5,10115.0,0.2611644185615422,0.003809097019941743,74,120,275
PredSched_LLM,651,122.50634408602153,464.5,10115.0,0.26116441856154227,0.009410710284561953,28,120,275
FIFO,651,128.3329339477727,413.0,9047.0,0.26770824467595145,0.008317681781593774,0,120,276
QSSF_proxy,651,116.54184331797236,413.0,9047.0,0.26770824467595145,0.007781057150523209,3,120,276
RF_SRPT_proxy,651,116.54184331797236,413.0,9047.0,0.26770824467595145,0.007781057150523209,3,120,276
Backfill_FIFO,651,117.01803379416286,406.0,9047.0,0.26770824467595145,0.007781057150523209,28,120,276
Wind_proxy,651,117.445069124424,412.0,9047.0,0.26770824467595145,0.007781057150523209,28,120,276
PredSched_LLM,651,122.3052841781874,579.0,9047.0,0.2677082446759514,0.004561309364099812,28,120,276
FIFO,651,103.5326420890937,371.0,10115.0,0.20249274695172198,0.004935834155972359,0,120,277
QSSF_proxy,651,98.4588786482335,345.5,10115.0,0.20249274695172198,0.004935834155972359,17,120,277
RF_SRPT_proxy,651,98.4588786482335,345.5,10115.0,0.20249274695172198,0.004935834155972359,17,120,277
Backfill_FIFO,651,98.48192012288787,359.0,10115.0,0.20249274695172198,0.004935834155972359,65,120,277
Wind_proxy,651,98.48192012288787,359.0,10115.0,0.20249274695172198,0.004935834155972359,65,120,277
PredSched_LLM,651,98.46348694316437,345.5,10115.0,0.20249274695172198,0.0034550839091806516,17,120,277
FIFO,651,119.92271889400922,367.0,10115.0,0.18955640859284884,0.0024154589371980675,0,120,278
QSSF_proxy,651,119.35890937019971,367.0,10115.0,0.18955640859284884,0.0021958717610891525,23,120,278
RF_SRPT_proxy,651,119.35890937019971,367.0,10115.0,0.18955640859284884,0.0021958717610891525,23,120,278
Backfill_FIFO,651,119.35890937019971,367.0,10115.0,0.18955640859284884,0.0024154589371980675,43,120,278
Wind_proxy,651,119.40038402457759,367.0,10115.0,0.18955640859284886,0.0024154589371980675,45,120,278
PredSched_LLM,651,119.33586789554533,367.0,10115.0,0.18955640859284886,0.0021958717610891525,22,120,278
FIFO,651,169.1284792626728,644.0,10115.0,0.2838830594002307,0.004409375725226271,0,120,279
QSSF_proxy,651,166.49407066052228,644.0,10115.0,0.28388305940023073,0.004177303318635414,10,120,279
RF_SRPT_proxy,651,166.49407066052228,644.0,10115.0,0.28388305940023073,0.004177303318635414,9,120,279
Backfill_FIFO,651,166.60006144393242,644.0,10115.0,0.28388305940023073,0.004641448131817127,32,120,279
Wind_proxy,651,166.6584331797235,644.0,10115.0,0.28388305940023073,0.004873520538407983,33,120,279
PredSched_LLM,651,167.03018433179724,644.0,10115.0,0.2838830594002308,0.004177303318635414,15,120,279
FIFO,651,158.02391705069127,650.5,6257.0,0.4268924038410315,0.006377889981397821,0,120,280
QSSF_proxy,651,124.6583256528418,633.0,6257.0,0.4268924038410314,0.0077066170608557005,13,120,280
RF_SRPT_proxy,651,124.6583256528418,633.0,6257.0,0.4268924038410314,0.0077066170608557005,13,120,280
Backfill_FIFO,651,129.89795698924732,633.0,6257.0,0.4268924038410314,0.0077066170608557005,49,120,280
Wind_proxy,651,129.89795698924732,633.0,6257.0,0.4268924038410314,0.0077066170608557005,49,120,280
PredSched_LLM,651,128.46631336405528,633.0,6257.0,0.4268924038410313,0.007175126229072549,18,120,280
FIFO,651,838.9790322580645,2808.0,8332.0,0.3808679663746199,0.008295424137008296,0,120,281
QSSF_proxy,651,143.17632872503842,620.0,6267.0,0.5063653894739643,0.0029435375970029436,138,120,281
RF_SRPT_proxy,651,143.17632872503842,620.0,6267.0,0.5063653894739643,0.0029435375970029436,134,120,281
Backfill_FIFO,651,143.17632872503842,620.0,6267.0,0.5063653894739643,0.0029435375970029436,191,120,281
Wind_proxy,651,143.23777265745008,620.0,6267.0,0.5063653894739643,0.002408348943002408,191,120,281
PredSched_LLM,651,143.2700307219662,620.0,6267.0,0.5063653894739641,0.002675943270002676,136,120,281
FIFO,651,182.2914132104455,700.0,10115.0,0.3273351077195586,0.004374856090260189,0,120,282
QSSF_proxy,651,161.28987711213517,700.0,10115.0,0.3273351077195584,0.00345383375546857,15,120,282
RF_SRPT_proxy,651,161.28987711213517,700.0,10115.0,0.3273351077195584,0.00345383375546857,15,120,282
Backfill_FIFO,651,158.93503840245776,700.0,10115.0,0.32733510771955837,0.00345383375546857,61,120,282
Wind_proxy,651,158.94271889400923,700.0,10115.0,0.32733510771955837,0.0036840893391664746,61,120,282
PredSched_LLM,651,164.46960061443932,702.5,10115.0,0.3273351077195584,0.00345383375546857,11,120,282
FIFO,651,128.57867895545314,400.0,9047.0,0.2841488948914926,0.004220346512661039,0,120,283
QSSF_proxy,651,125.35133640552995,400.0,9047.0,0.28414889489149264,0.00444247001332741,3,120,283
RF_SRPT_proxy,651,125.35133640552995,400.0,9047.0,0.28414889489149264,0.00444247001332741,3,120,283
Backfill_FIFO,651,126.51109062980031,400.0,9047.0,0.2841488948914926,0.004220346512661039,16,120,283
Wind_proxy,651,126.59867895545314,400.0,9047.0,0.2841488948914926,0.004220346512661039,36,120,283
PredSched_LLM,651,125.2821966205837,400.0,9047.0,0.2841488948914926,0.0019991115059973343,1,120,283
FIFO,651,157.67493087557605,650.5,9047.0,0.26793742746214216,0.006990969997087096,0,120,284
QSSF_proxy,651,150.33391705069124,650.5,9047.0,0.2679374274621422,0.025633556655986017,28,120,284
RF_SRPT_proxy,651,150.33391705069124,650.5,9047.0,0.2679374274621422,0.025633556655986017,28,120,284
Backfill_FIFO,651,150.21870967741935,650.5,9047.0,0.2679374274621422,0.00815613166326828,38,120,284
Wind_proxy,651,150.2494316436252,650.5,9047.0,0.2679374274621422,0.007282260413632392,41,120,284
PredSched_LLM,651,150.34620583717358,650.5,9047.0,0.2679374274621422,0.0200990387416254,28,120,284
FIFO,651,177.52941628264207,825.0,10115.0,0.29877853641456587,0.009721847150958682,0,120,285
QSSF_proxy,651,172.98870967741934,824.0,10115.0,0.2987785364145658,0.009721847150958682,11,120,285
RF_SRPT_proxy,651,172.98870967741934,824.0,10115.0,0.2987785364145658,0.009721847150958682,11,120,285
Backfill_FIFO,651,172.8827188940092,824.0,10115.0,0.29877853641456587,0.009991898460707534,41,120,285
Wind_proxy,651,172.89807987711214,824.0,10115.0,0.29877853641456587,0.009181744531460978,41,120,285
PredSched_LLM,651,172.98870967741934,824.0,10115.0,0.2987785364145658,0.008101539292465569,11,120,285
FIFO,651,93.86422427035329,323.5,6257.0,0.27479482313142606,0.003050471436494731,0,120,286
QSSF_proxy,651,93.26053763440859,323.5,6257.0,0.27479482313142606,0.003050471436494731,4,120,286
RF_SRPT_proxy,651,93.26053763440859,323.5,6257.0,0.27479482313142606,0.003050471436494731,4,120,286
Backfill_FIFO,651,93.28050691244239,323.5,6257.0,0.27479482313142606,0.0027731558513588465,19,120,286
Wind_proxy,651,93.26975422427034,323.5,6257.0,0.27479482313142606,0.003050471436494731,19,120,286
PredSched_LLM,651,93.38187403993855,323.5,6257.0,0.27479482313142606,0.009706045479755962,0,120,286
FIFO,651,126.61379416282642,622.0,10115.0,0.20497495159828627,0.007706139224248652,0,120,287
QSSF_proxy,651,122.2067281105991,622.0,10115.0,0.20497495159828633,0.02388903159517082,29,120,287
RF_SRPT_proxy,651,122.2067281105991,622.0,10115.0,0.20497495159828633,0.02388903159517082,26,120,287
Backfill_FIFO,651,121.83960061443932,622.0,10115.0,0.20497495159828627,0.008476753146673517,59,120,287
Wind_proxy,651,123.5231797235023,622.0,10115.0,0.20497495159828633,0.007192396609298741,66,120,287
PredSched_LLM,651,127.83121351766515,650.0,10115.0,0.20497495159828633,0.010788594913948112,48,120,287
FIFO,651,135.65391705069126,460.5,10115.0,0.23015617688251772,0.0016666666666666668,0,120,288
QSSF_proxy,651,134.97649769585254,460.5,10115.0,0.23015617688251772,0.0014285714285714286,15,120,288
RF_SRPT_proxy,651,134.97649769585254,460.5,10115.0,0.23015617688251772,0.0014285714285714286,15,120,288
Backfill_FIFO,651,135.04562211981568,460.5,10115.0,0.23015617688251772,0.0016666666666666668,39,120,288
Wind_proxy,651,135.04562211981568,460.5,10115.0,0.23015617688251772,0.0014285714285714286,39,120,288
PredSched_LLM,651,135.29294930875577,460.5,10115.0,0.23015617688251772,0.005952380952380952,17,120,288
FIFO,651,116.64930875576039,406.0,9047.0,0.22906054493202152,0.006638343069569836,0,120,289
QSSF_proxy,651,113.03026113671274,398.0,9047.0,0.22906054493202158,0.008497079129049389,10,120,289
RF_SRPT_proxy,651,113.03026113671274,398.0,9047.0,0.22906054493202158,0.008497079129049389,10,120,289
Backfill_FIFO,651,112.80445468509987,406.0,9047.0,0.22906054493202152,0.008762612851832182,27,120,289
Wind_proxy,651,112.80445468509987,406.0,9047.0,0.22906054493202152,0.008762612851832182,27,120,289
PredSched_LLM,651,114.03179723502306,406.0,9047.0,0.22906054493202163,0.007434944237918215,5,120,289
FIFO,651,190.2932104454685,867.5,10115.0,0.2585417490525622,0.0024218405988551297,0,120,290
QSSF_proxy,651,133.59858678955453,700.0,10115.0,0.25854174905256216,0.015852047556142668,15,120,290
RF_SRPT_proxy,651,133.59858678955453,700.0,10115.0,0.25854174905256216,0.015852047556142668,15,120,290
Backfill_FIFO,651,133.80592933947773,672.0,10115.0,0.2585417490525621,0.0035226772346983706,68,120,290
Wind_proxy,651,167.6394316436252,877.0100000000002,10115.0,0.25854174905256216,0.0030823425803610744,64,120,290
PredSched_LLM,651,160.51274961597542,878.0150000000003,10115.0,0.2585417490525623,0.007926023778071334,55,120,290
FIFO,651,119.6878341013825,376.5,9047.0,0.2382037254522677,0.004668741662961316,0,120,291
QSSF_proxy,651,117.65700460829494,372.5,9047.0,0.2382037254522677,0.00377945753668297,11,120,291
RF_SRPT_proxy,651,117.65700460829494,372.5,9047.0,0.2382037254522677,0.00377945753668297,11,120,291
Backfill_FIFO,651,117.66161290322582,372.5,9047.0,0.2382037254522677,0.004446420631391729,54,120,291
Wind_proxy,651,117.66161290322582,372.5,9047.0,0.2382037254522677,0.0035571365051133837,54,120,291
PredSched_LLM,651,118.9304147465438,395.5,9047.0,0.2382037254522677,0.007114273010226767,26,120,291
FIFO,651,113.25583717357914,399.5,5153.0,0.18762721149492215,0.007631923244657654,0,120,292
QSSF_proxy,651,112.4478494623656,399.5,5153.0,0.18762721149492215,0.007631923244657654,16,120,292
RF_SRPT_proxy,651,112.4478494623656,399.5,5153.0,0.18762721149492215,0.007631923244657654,16,120,292
Backfill_FIFO,651,112.44784946236562,399.5,5153.0,0.18762721149492215,0.007631923244657654,43,120,292
Wind_proxy,651,112.44784946236562,399.5,5153.0,0.18762721149492215,0.00719581334496293,43,120,292
PredSched_LLM,651,112.40791090629801,399.5,5153.0,0.18762721149492215,0.002398604448320977,16,120,292
FIFO,651,169.5292626728111,726.5,10115.0,0.2952109913082881,0.003622368123160516,0,120,293
QSSF_proxy,651,169.53694316436255,726.5,10115.0,0.2952109913082881,0.01697985057731492,2,120,293
RF_SRPT_proxy,651,169.53694316436255,726.5,10115.0,0.2952109913082881,0.01697985057731492,2,120,293
Backfill_FIFO,651,169.50161290322583,726.5,10115.0,0.2952109913082881,0.003622368123160516,4,120,293
Wind_proxy,651,169.50161290322583,726.5,10115.0,0.2952109913082881,0.003622368123160516,4,120,293
PredSched_LLM,651,169.4324884792627,726.5,10115.0,0.2952109913082881,0.007471134254018565,1,120,293
FIFO,651,117.92407066052229,406.0,9047.0,0.18766665515272093,0.003416856492027335,0,120,294
QSSF_proxy,651,114.83190476190477,406.0,9047.0,0.18766665515272093,0.003416856492027335,4,120,294
RF_SRPT_proxy,651,114.83190476190477,406.0,9047.0,0.18766665515272093,0.003416856492027335,4,120,294
Backfill_FIFO,651,114.81654377880186,406.0,9047.0,0.18766665515272093,0.003132118451025057,32,120,294
Wind_proxy,651,114.83804915514594,406.0,9047.0,0.18766665515272093,0.004271070615034169,34,120,294
PredSched_LLM,651,115.18213517665131,406.0,9047.0,0.187666655152721,0.003132118451025057,7,120,294
FIFO,651,103.2899078341014,460.5,9047.0,0.14499895913930952,0.009564293304994687,0,120,295
QSSF_proxy,651,103.27608294930874,460.5,9047.0,0.14499895913930952,0.009564293304994687,0,120,295
RF_SRPT_proxy,651,103.27608294930874,460.5,9047.0,0.14499895913930952,0.009564293304994687,0,120,295
Backfill_FIFO,651,103.27608294930877,460.5,9047.0,0.14499895913930952,0.009564293304994687,6,120,295
Wind_proxy,651,103.27608294930877,460.5,9047.0,0.14499895913930952,0.009298618490967057,6,120,295
PredSched_LLM,651,103.27608294930874,460.5,9047.0,0.14499895913930952,0.003188097768331562,0,120,295
FIFO,651,136.36173579109064,555.5,10115.0,0.2890041368017795,0.0021303792074989347,0,120,296
QSSF_proxy,651,135.74884792626727,555.5,10115.0,0.2890041368017795,0.014273540690242864,18,120,296
RF_SRPT_proxy,651,135.74884792626727,555.5,10115.0,0.2890041368017795,0.014273540690242864,16,120,296
Backfill_FIFO,651,135.8241013824885,555.5,10115.0,0.2890041368017795,0.0021303792074989347,33,120,296
Wind_proxy,651,136.1052073732719,555.5,10115.0,0.2890041368017795,0.0021303792074989347,38,120,296
PredSched_LLM,651,135.89175115207374,555.5,10115.0,0.2890041368017795,0.010225820195994887,18,120,296
FIFO,651,109.97932411674348,395.0,6257.0,0.3354936088247829,0.0043064369900271985,0,120,297
QSSF_proxy,651,103.42786482334871,395.0,6257.0,0.3354936088247829,0.005439709882139619,27,120,297
RF_SRPT_proxy,651,103.42786482334871,395.0,6257.0,0.3354936088247829,0.005439709882139619,24,120,297
Backfill_FIFO,651,103.51235023041475,395.0,6257.0,0.3354936088247829,0.005439709882139619,82,120,297
Wind_proxy,651,103.53385560675885,395.0,6257.0,0.3354936088247829,0.005213055303717135,83,120,297
PredSched_LLM,651,103.42786482334871,395.0,6257.0,0.3354936088247829,0.004986400725294651,24,120,297
FIFO,651,135.24534562211983,651.0,10115.0,0.25294542655297414,0.0031574199368516014,0,120,298
QSSF_proxy,651,134.82440860215056,651.0,10115.0,0.25294542655297414,0.015787099684258007,13,120,298
RF_SRPT_proxy,651,134.82440860215056,651.0,10115.0,0.25294542655297414,0.015787099684258007,10,120,298
Backfill_FIFO,651,134.83826420890938,651.0,10115.0,0.25294542655297414,0.0031574199368516014,27,120,298
Wind_proxy,651,134.83826420890938,651.0,10115.0,0.25294542655297414,0.0029318899413622013,27,120,298
PredSched_LLM,651,134.7982642089094,651.0,10115.0,0.25294542655297414,0.008795669824086604,10,120,298
FIFO,651,160.89021505376346,647.0,9047.0,0.4555306800596883,0.002664083313150884,0,120,299
QSSF_proxy,651,159.96548387096777,647.0,9047.0,0.4555306800596883,0.002664083313150884,10,120,299
RF_SRPT_proxy,651,159.96548387096777,647.0,9047.0,0.4555306800596883,0.002664083313150884,10,120,299
Backfill_FIFO,651,159.96701996927806,647.0,9047.0,0.4555306800596883,0.002664083313150884,18,120,299
Wind_proxy,651,160.04843317972353,647.0,9047.0,0.4555306800596883,0.00290627270525551,21,120,299
PredSched_LLM,651,160.05611367127497,647.0,9047.0,0.4555306800596883,0.004359409057883265,8,120,299
FIFO,651,2890.607112135177,5487.030000000001,14000.03,0.3818835692338695,0.003562447611064543,0,64,0
QSSF_proxy,651,945.584485407066,9635.550000000001,10741.04,0.4977526781188092,0.026823134953897737,348,64,0
RF_SRPT_proxy,651,945.584485407066,9635.550000000001,10741.04,0.4977526781188092,0.026823134953897737,345,64,0
Backfill_FIFO,651,940.008003072197,9619.060000000001,10796.04,0.4952168967307691,0.026823134953897737,570,64,0
Wind_proxy,651,940.008003072197,9619.060000000001,10796.04,0.4952168967307691,0.025146689019279127,570,64,0
PredSched_LLM,651,945.584485407066,9635.550000000001,10741.04,0.4977526781188092,0.02388935456831517,345,64,0
FIFO,651,3196.697235023042,5426.015,14054.02,0.38424931087333025,0.02264720684448918,0,64,1
QSSF_proxy,651,682.9324577572966,8077.530000000001,10603.0,0.5093131660850704,0.00377453447408153,323,64,1
RF_SRPT_proxy,651,682.9324577572966,8077.530000000001,10603.0,0.5093131660850704,0.00377453447408153,323,64,1
Backfill_FIFO,651,683.1715821812596,8119.5,10603.0,0.5093131660850704,0.00377453447408153,445,64,1
Wind_proxy,651,683.2760368663595,8119.5,10603.0,0.5093131660850704,0.0035228988424760945,445,64,1
PredSched_LLM,651,682.9324577572966,8077.530000000001,10603.0,0.5093131660850704,0.00377453447408153,323,64,1
FIFO,651,4131.134592933949,7692.01,16147.01,0.20860053724729838,0.0035087719298245615,0,64,2
QSSF_proxy,651,544.5811367127498,4626.01,10144.0,0.3320460332154476,0.001973684210526316,350,64,2
RF_SRPT_proxy,651,544.5811367127498,4626.01,10144.0,0.3320460332154476,0.001973684210526316,344,64,2
Backfill_FIFO,651,544.3548694316437,4627.51,10144.0,0.3320460332154476,0.001973684210526316,586,64,2
Wind_proxy,651,544.3548694316437,4627.51,10144.0,0.3320460332154476,0.001973684210526316,586,64,2
PredSched_LLM,651,544.5811367127498,4626.01,10144.0,0.3320460332154476,0.001973684210526316,344,64,2
FIFO,651,5250.095360983103,11845.53,20404.03,0.31168055403760925,0.01653454133635334,0,64,3
QSSF_proxy,651,920.4242242703532,9517.5,10768.0,0.5905961529531947,0.015855039637599093,314,64,3
RF_SRPT_proxy,651,920.4242242703532,9517.5,10768.0,0.5905961529531947,0.015855039637599093,312,64,3
Backfill_FIFO,651,936.017480798771,9748.005000000001,10818.01,0.5878659175763382,0.04303510758776897,551,64,3
Wind_proxy,651,936.017480798771,9748.005000000001,10818.01,0.5878659175763382,0.03261608154020385,551,64,3
PredSched_LLM,651,920.4242242703532,9517.5,10768.0,0.5905961529531947,0.01766704416761042,312,64,3
FIFO,651,5255.795038402459,10832.03,19135.02,0.3500566508749403,0.002586652871184687,0,64,4
QSSF_proxy,651,854.0196620583719,7221.025000000001,11547.0,0.5800936187429635,0.0023279875840662182,344,64,4
RF_SRPT_proxy,651,854.0196620583719,7221.025000000001,11547.0,0.5800936187429635,0.0023279875840662182,346,64,4
Backfill_FIFO,651,836.0944239631337,6390.025000000001,12934.0,0.51788626995709,0.0023279875840662182,565,64,4
Wind_proxy,651,836.8624731182797,6390.025000000001,13034.0,0.5139129212540281,0.0023279875840662182,565,64,4
PredSched_LLM,651,854.0196620583719,7221.025000000001,11547.0,0.5800936187429635,0.0023279875840662182,346,64,4
FIFO,651,3848.5109523809538,6809.52,15991.02,0.32837204661389646,0.0024576734025122883,0,64,5
QSSF_proxy,651,666.8290783410139,9010.52,10769.01,0.48760322117295374,0.03604587657018023,333,64,5
RF_SRPT_proxy,651,666.8290783410139,9010.52,10769.01,0.48760322117295374,0.03604587657018023,330,64,5
Backfill_FIFO,651,667.3545468509985,9023.02,10824.01,0.4851255648178217,0.0032768978700163844,622,64,5
Wind_proxy,651,667.372980030722,9023.02,10824.01,0.4851255648178217,0.0038230475150191155,622,64,5
PredSched_LLM,651,666.8290783410139,9010.52,10769.01,0.48760322117295374,0.03604587657018023,330,64,5
FIFO,651,3892.6239938556078,8630.04,16422.050000000003,0.2327846732270789,0.0027791814047498737,0,64,6
QSSF_proxy,651,596.3888325652841,8037.015,9114.01,0.4194423248349243,0.0017685699848408287,339,64,6
RF_SRPT_proxy,651,596.3888325652841,8037.015,9114.01,0.4194423248349243,0.0017685699848408287,331,64,6
Backfill_FIFO,651,596.8770660522274,8047.015,9123.0,0.419028997365861,0.0017685699848408287,548,64,6
Wind_proxy,651,596.8770660522274,8047.015,9123.0,0.419028997365861,0.0012632642748863063,548,64,6
PredSched_LLM,651,596.3919047619048,8037.015,9114.01,0.4194423248349243,0.001010611419909045,331,64,6
FIFO,651,5354.786712749616,11586.015,20181.010000000002,0.22305786518179715,0.0018461538461538461,0,64,7
QSSF_proxy,651,576.6188786482335,5359.515,10224.0,0.44029078714911,0.0018461538461538461,361,64,7
RF_SRPT_proxy,651,576.6188786482335,5359.515,10224.0,0.44029078714911,0.0018461538461538461,354,64,7
Backfill_FIFO,651,575.8765284178187,5326.5,10224.0,0.4402907871491099,0.0018461538461538461,644,64,7
Wind_proxy,651,575.8765284178187,5326.5,10224.0,0.4402907871491099,0.0018461538461538461,644,64,7
PredSched_LLM,651,576.6188786482335,5359.515,10224.0,0.44029078714911,0.0018461538461538461,354,64,7
FIFO,651,4176.130814132105,11352.02,20038.02,0.3749365483559503,0.0018152938506920807,0,64,8
QSSF_proxy,651,903.8846697388634,10029.025000000001,12009.0,0.6256129615028314,0.014522350805536646,338,64,8
RF_SRPT_proxy,651,903.8846697388634,10029.025000000001,12009.0,0.6256129615028314,0.014522350805536646,333,64,8
Backfill_FIFO,651,842.2133026113673,9364.01,11416.03,0.6581084715691443,0.0013614703880190605,330,64,8
Wind_proxy,651,842.2133026113673,9364.01,11416.03,0.6581084715691443,0.004311322895393692,330,64,8
PredSched_LLM,651,903.887741935484,10029.025000000001,12009.0,0.6256129615028314,0.014522350805536646,333,64,8
FIFO,651,5204.952903225806,9403.01,18016.010000000002,0.21630902441078795,0.020105094813799407,0,64,9
QSSF_proxy,651,540.516098310292,4662.015,10148.0,0.38401907241574695,0.0038839387708476127,370,64,9
RF_SRPT_proxy,651,540.516098310292,4662.015,10148.0,0.38401907241574695,0.0038839387708476127,370,64,9
Backfill_FIFO,651,526.3025652841783,4621.525000000001,10146.0,0.38409477103045536,0.0038839387708476127,605,64,9
Wind_proxy,651,526.3025652841783,4621.525000000001,10146.0,0.38409477103045536,0.003427004797806717,605,64,9
PredSched_LLM,651,540.5283870967744,4662.015,10148.0,0.38401907241574695,0.003427004797806717,370,64,9
FIFO,651,4486.156267281107,10410.03,18774.03,0.24563296658169562,0.0032134966860815424,0,64,10
QSSF_proxy,651,931.6473579109064,9248.0,10758.02,0.4286588687875421,0.001004217714400482,328,64,10
RF_SRPT_proxy,651,931.6473579109064,9248.0,10758.02,0.4286588687875421,0.001004217714400482,321,64,10
Backfill_FIFO,651,927.9805376344087,9324.025000000001,10813.03,0.42647811793676244,0.001004217714400482,557,64,10
Wind_proxy,651,927.8315360983104,9324.025000000001,10813.03,0.42647811793676244,0.005623619200642699,557,64,10
PredSched_LLM,651,931.6473579109064,9248.0,10758.02,0.4286588687875421,0.004418557943362121,321,64,10
FIFO,651,4762.881904761906,11783.04,15740.03,0.22191301414292086,0.009156930849384275,0,64,11
QSSF_proxy,651,353.33937019969284,3737.0,6879.01,0.5077645620518068,0.022102936532996525,339,64,11
RF_SRPT_proxy,651,353.33937019969284,3737.0,6879.01,0.5077645620518068,0.022102936532996525,331,64,11
Backfill_FIFO,651,352.2966205837175,3737.0,6898.040000000001,0.5063637641996855,0.0031575623618566467,574,64,11
Wind_proxy,651,352.2966205837175,3737.0,6898.040000000001,0.5063637641996855,0.0050520997789706345,574,64,11
PredSched_LLM,651,353.33937019969284,3737.0,6879.01,0.5077645620518068,0.020208399115882538,331,64,11
FIFO,651,3814.089969278035,9982.060000000001,18467.050000000003,0.2394148061175174,0.021093941623742948,0,64,12
QSSF_proxy,651,674.9598924731183,8097.035000000001,10135.0,0.43623928912802173,0.0019622271277900416,291,64,12
RF_SRPT_proxy,651,674.9598924731183,8097.035000000001,10135.0,0.43623928912802173,0.0019622271277900416,284,64,12
Backfill_FIFO,651,675.279247311828,8098.02,10160.0,0.43516586568036436,0.016678930586215356,454,64,12
Wind_proxy,651,675.2823195084486,8098.02,10160.0,0.43516586568036436,0.016678930586215356,454,64,12
PredSched_LLM,651,674.9598924731183,8097.035000000001,10135.0,0.43623928912802173,0.0019622271277900416,284,64,12
FIFO,651,2569.082181259601,7111.550000000001,15562.03,0.3195955330658981,0.008849557522123894,0,64,13
QSSF_proxy,651,546.4200000000001,7095.005,10136.0,0.4906822487606058,0.0022123893805309734,358,64,13
RF_SRPT_proxy,651,546.4200000000001,7095.005,10136.0,0.4906822487606058,0.0022123893805309734,348,64,13
Backfill_FIFO,651,546.3904608294932,7105.040000000001,10136.0,0.4906822487606059,0.0022123893805309734,563,64,13
Wind_proxy,651,546.3904608294932,7105.040000000001,10136.0,0.4906822487606059,0.0022123893805309734,563,64,13
PredSched_LLM,651,546.4200000000001,7095.005,10136.0,0.4906822487606058,0.0022123893805309734,348,64,13
FIFO,651,4297.0945622119825,9449.04,14624.04,0.2549347229587379,0.018794048551292093,0,64,14
QSSF_proxy,651,432.9785867895545,5282.51,6921.0,0.5386758540583008,0.0028713129731140694,314,64,14
RF_SRPT_proxy,651,432.9785867895545,5282.51,6921.0,0.5386758540583008,0.0028713129731140694,309,64,14
Backfill_FIFO,651,430.69425499231954,5322.51,6949.01,0.5365045648139086,0.0028713129731140694,550,64,14
Wind_proxy,651,430.6235944700461,5322.51,6949.01,0.5365045648139086,0.004698512137823023,550,64,14
PredSched_LLM,651,432.9847311827957,5282.51,6921.0,0.5386758540583008,0.004959540589924301,309,64,14
FIFO,651,4918.240015360984,11678.52,20260.02,0.2796688851753972,0.003000750187546887,0,64,15
QSSF_proxy,651,697.2383717357911,9147.005000000001,11161.0,0.5076693134155766,0.047261815453863466,337,64,15
RF_SRPT_proxy,651,697.2383717357911,9147.005000000001,11161.0,0.5076693134155766,0.047261815453863466,326,64,15
Backfill_FIFO,651,681.844915514593,9147.51,11227.0,0.504684885279349,0.002250562640660165,557,64,15
Wind_proxy,651,681.7635023041476,9147.51,11227.0,0.504684885279349,0.005001250312578144,557,64,15
PredSched_LLM,651,697.2383717357911,9147.005000000001,11161.0,0.5076693134155766,0.04051012753188297,326,64,15
FIFO,651,5179.434531490016,10951.02,19554.03,0.34282454938636686,0.004371303677037799,0,64,16
QSSF_proxy,651,881.3815053763442,6963.02,10876.02,0.6163653177759418,0.00282849061455387,384,64,16
RF_SRPT_proxy,651,881.3815053763442,6963.02,10876.02,0.6163653177759418,0.00282849061455387,377,64,16
Backfill_FIFO,651,878.1331643625191,6157.51,11790.02,0.5685827100749192,0.0030856261249678583,601,64,16
Wind_proxy,651,878.1331643625191,6157.51,11790.02,0.5685827100749192,0.0030856261249678583,601,64,16
PredSched_LLM,651,881.3815053763442,6963.02,10876.02,0.6163653177759418,0.00282849061455387,377,64,16
FIFO,651,5118.460645161291,12080.535,20086.03,0.3598489243052261,0.004752851711026616,0,64,17
QSSF_proxy,651,800.6930414746545,9359.535,11358.0,0.6363740349588397,0.002376425855513308,338,64,17
RF_SRPT_proxy,651,800.6930414746545,9359.535,11358.0,0.6363740349588397,0.002376425855513308,334,64,17
Backfill_FIFO,651,802.9786789554531,9485.515,11514.02,0.6277508888348728,0.0021387832699619773,552,64,17
Wind_proxy,651,802.9786789554531,9485.515,11514.02,0.6277508888348728,0.0076045627376425855,552,64,17
PredSched_LLM,651,800.6930414746545,9359.535,11358.0,0.6363740349588397,0.005703422053231939,334,64,17
FIFO,651,5494.761459293395,12497.050000000001,16399.050000000003,0.255013227471637,0.009143155694879833,0,64,18
QSSF_proxy,651,447.7690015360984,5269.525000000001,7288.0,0.5738165021911016,0.0054858934169279,321,64,18
RF_SRPT_proxy,651,447.7690015360984,5269.525000000001,7288.0,0.5738165021911016,0.0054858934169279,316,64,18
Backfill_FIFO,651,442.3783717357911,5281.02,7306.0,0.5724027741539489,0.003134796238244514,423,64,18
Wind_proxy,651,442.38758832565287,5281.02,7306.0,0.5724027741539489,0.003134796238244514,423,64,18
PredSched_LLM,651,445.0362826420892,5269.525000000001,7288.0,0.5738165021911016,0.00522466039707419,316,64,18
FIFO,651,4447.9330107526885,11399.560000000001,19786.07,0.31156793741916666,0.005183905208590471,0,64,19
QSSF_proxy,651,772.9896927803379,9149.03,11167.01,0.5520461627177956,0.0017279684028634905,358,64,19
RF_SRPT_proxy,651,772.9896927803379,9149.03,11167.01,0.5520461627177956,0.0017279684028634905,354,64,19
Backfill_FIFO,651,772.6438556067587,9136.01,11191.04,0.5508607796532987,0.0017279684028634905,639,64,19
Wind_proxy,651,772.645391705069,9136.01,11191.04,0.5508607796532987,0.002221673660824488,639,64,19
PredSched_LLM,651,772.9912288786483,9149.03,11167.01,0.5520461627177956,0.002221673660824488,354,64,19
FIFO,651,2930.455560675884,8370.050000000001,16435.04,0.303505339953158,0.020697954271961493,0,64,20
QSSF_proxy,651,686.8865591397849,8068.015,10093.0,0.49421603114472956,0.019494584837545126,362,64,20
RF_SRPT_proxy,651,686.8865591397849,8068.015,10093.0,0.49421603114472956,0.019494584837545126,353,64,20
Backfill_FIFO,651,684.4953917050691,8099.540000000001,10151.0,0.4913922177464049,0.01756919374247894,574,64,20
Wind_proxy,651,681.6935483870968,8100.540000000001,10152.0,0.4913438142576592,0.017087845968712396,574,64,20
PredSched_LLM,651,686.8865591397849,8068.015,10093.0,0.49421603114472956,0.01901323706377858,353,64,20
FIFO,651,3293.9344546851007,9033.02,17464.02,0.37629455222437325,0.016335540838852098,0,64,21
QSSF_proxy,651,968.1508448540706,10246.505000000001,11675.02,0.5628783150639145,0.0011037527593818985,332,64,21
RF_SRPT_proxy,651,968.1508448540706,10246.505000000001,11675.02,0.5628783150639145,0.0011037527593818985,323,64,21
Backfill_FIFO,651,918.8323195084487,10281.035,11723.02,0.5605736052602063,0.01456953642384106,581,64,21
Wind_proxy,651,919.5035944700462,10289.035,11731.02,0.5601913206129989,0.015231788079470199,581,64,21
PredSched_LLM,651,968.1569892473118,10246.505000000001,11675.02,0.5628783150639145,0.011479028697571744,323,64,21
FIFO,651,5233.065299539171,11874.03,19874.03,0.20490891666316544,0.0069164265129683,0,64,22
QSSF_proxy,651,566.7369124423963,7690.525000000001,10080.01,0.4040041584315144,0.002881844380403458,356,64,22
RF_SRPT_proxy,651,566.7369124423963,7690.525000000001,10080.01,0.4040041584315144,0.002881844380403458,353,64,22
Backfill_FIFO,651,562.5408294930875,7710.035000000001,10098.050000000001,0.4032824116568297,0.002881844380403458,567,64,22
Wind_proxy,651,562.5607987711213,7710.035000000001,10098.050000000001,0.4032824116568297,0.006340057636887608,567,64,22
PredSched_LLM,651,566.7369124423963,7690.525000000001,10080.01,0.4040041584315144,0.004610951008645533,353,64,22
FIFO,651,4959.586743471583,10657.035,19063.03,0.41534346233586694,0.004104297440849831,0,64,23
QSSF_proxy,651,1074.656697388633,11612.02,13622.01,0.5812435083231111,0.00386286817962337,384,64,23
RF_SRPT_proxy,651,1074.656697388633,11612.02,13622.01,0.5812435083231111,0.00386286817962337,375,64,23
Backfill_FIFO,651,1026.8172350230416,11565.52,13619.01,0.581371544834206,0.00386286817962337,603,64,23
Wind_proxy,651,1030.5132104454688,11565.52,13619.01,0.581371544834206,0.0079671656204732,603,64,23
PredSched_LLM,651,1077.5983256528418,11553.02,13563.01,0.583771956432422,0.01110574601641719,375,64,23
FIFO,651,5226.871735791091,11556.045000000002,19909.04,0.3340903216892928,0.003296250515039143,0,64,24
QSSF_proxy,651,958.4586635944702,9548.5,11489.0,0.5789379039189662,0.0016481252575195715,338,64,24
RF_SRPT_proxy,651,958.4586635944702,9548.5,11489.0,0.5789379039189662,0.0016481252575195715,331,64,24
Backfill_FIFO,651,948.9250844854072,9457.51,11456.0,0.5806055846826992,0.0016481252575195715,561,64,24
Wind_proxy,651,949.0233947772659,9457.51,11456.0,0.5806055846826992,0.0016481252575195715,561,64,24
PredSched_LLM,651,958.4586635944702,9548.5,11489.0,0.5789379039189662,0.003296250515039143,331,64,24
FIFO,651,2851.9290168970815,8107.01,16089.01,0.30671154758745256,0.003288700963119568,0,64,25
QSSF_proxy,651,492.66803379416285,3870.0,10121.0,0.48756893155320624,0.002583979328165375,334,64,25
RF_SRPT_proxy,651,492.66803379416285,3870.0,10121.0,0.48756893155320624,0.002583979328165375,326,64,25
Backfill_FIFO,651,482.60039938556065,3870.0,10183.0,0.4846003295934401,0.002583979328165375,618,64,25
Wind_proxy,651,482.62036866359443,3870.0,10183.0,0.4846003295934401,0.002583979328165375,618,64,25
PredSched_LLM,651,492.66803379416285,3870.0,10121.0,0.48756893155320624,0.002583979328165375,326,64,25
FIFO,651,6721.453824884795,15709.510000000002,24340.010000000002,0.2436351614327603,0.007462686567164179,0,64,26
QSSF_proxy,651,780.1614746543779,9221.02,11267.0,0.5263230909403569,0.0036109773712084737,358,64,26
RF_SRPT_proxy,651,780.1614746543779,9221.02,11267.0,0.5263230909403569,0.0036109773712084737,350,64,26
Backfill_FIFO,651,761.8262826420893,9377.01,11468.01,0.5170977585147728,0.0045739046701974,568,64,26
Wind_proxy,651,761.5805069124425,9373.01,11464.01,0.5172781832556845,0.002888781896966779,568,64,26
PredSched_LLM,651,780.1614746543779,9221.02,11267.0,0.5263230909403569,0.0036109773712084737,350,64,26
FIFO,651,5261.2202457757285,11498.51,19494.010000000002,0.2412191105835202,0.004170141784820684,0,64,27
QSSF_proxy,651,788.9050998463903,8070.525000000001,10088.01,0.4661303620740121,0.0014595496246872393,365,64,27
RF_SRPT_proxy,651,788.9050998463903,8070.525000000001,10088.01,0.4661303620740121,0.0014595496246872393,366,64,27
Backfill_FIFO,651,786.6263133640556,8095.045000000001,10150.03,0.4632821532454836,0.02648040033361134,582,64,27
Wind_proxy,651,786.6263133640556,8095.045000000001,10150.03,0.4632821532454836,0.021267723102585488,582,64,27
PredSched_LLM,651,788.9066359447006,8070.525000000001,10088.01,0.4661303620740121,0.008548790658882402,366,64,27
FIFO,651,4478.065499231951,10853.02,19369.02,0.4269211784463024,0.0060882800608828,0,64,28
QSSF_proxy,651,978.2101228878648,11053.01,12864.01,0.6428046032108186,0.00380517503805175,367,64,28
RF_SRPT_proxy,651,978.2101228878648,11053.01,12864.01,0.6428046032108186,0.00380517503805175,359,64,28
Backfill_FIFO,651,1045.8354070660523,11343.5,13179.04,0.6274390884123577,0.0027904616945712835,607,64,28
Wind_proxy,651,1045.4298771121353,11343.5,13179.04,0.6274390884123577,0.0030441400304414,607,64,28
PredSched_LLM,651,978.2101228878648,11053.01,12864.01,0.6428046032108186,0.00380517503805175,359,64,28
FIFO,651,1033.6952380952382,2665.0200000000004,11158.03,0.22479264232799165,0.00499265785609398,0,64,29
QSSF_proxy,651,225.17182795698926,1785.0,10122.0,0.24780113089063424,0.0038179148311306903,340,64,29
RF_SRPT_proxy,651,225.17182795698926,1785.0,10122.0,0.24780113089063424,0.0038179148311306903,333,64,29
Backfill_FIFO,651,225.44354838709683,1787.0100000000002,10122.0,0.24780113089063424,0.0038179148311306903,643,64,29
Wind_proxy,651,225.44354838709683,1787.0100000000002,10122.0,0.24780113089063424,0.003524229074889868,643,64,29
PredSched_LLM,651,225.17182795698926,1785.0,10122.0,0.24780113089063424,0.0038179148311306903,333,64,29
FIFO,651,4717.691228878649,8933.050000000001,17424.06,0.2893712135242159,0.005429864253393665,0,64,30
QSSF_proxy,651,782.7335944700462,8357.53,10193.03,0.494653835681711,0.0024886877828054297,337,64,30
RF_SRPT_proxy,651,782.7335944700462,8357.53,10193.03,0.494653835681711,0.0024886877828054297,327,64,30
Backfill_FIFO,651,781.8929493087559,8352.52,10202.03,0.494217463261601,0.01606334841628959,599,64,30
Wind_proxy,651,781.8929493087559,8352.52,10202.03,0.494217463261601,0.016289592760180997,599,64,30
PredSched_LLM,651,782.7335944700462,8357.53,10193.03,0.494653835681711,0.0024886877828054297,327,64,30
FIFO,651,3368.8393548387103,6415.040000000001,14697.04,0.2651435361304045,0.003743448964312453,0,64,31
QSSF_proxy,651,463.90935483870965,4170.0,10166.02,0.3833186592442273,0.0027451959071624656,347,64,31
RF_SRPT_proxy,651,463.90935483870965,4170.0,10166.02,0.3833186592442273,0.0027451959071624656,339,64,31
Backfill_FIFO,651,448.72499231950843,4163.515,10161.02,0.3835072813802157,0.0034938857000249564,612,64,31
Wind_proxy,651,448.72499231950843,4163.515,10161.02,0.3835072813802157,0.004242575492887447,612,64,31
PredSched_LLM,651,463.90935483870965,4170.0,10166.02,0.3833186592442273,0.0027451959071624656,339,64,31
FIFO,651,4475.658556067589,8561.02,17054.02,0.22822126625056738,0.002394890899414582,0,64,32
QSSF_proxy,651,592.0245622119817,7963.030000000001,10131.0,0.3841762944489685,0.0031931878658861094,367,64,32
RF_SRPT_proxy,651,592.0245622119817,7963.030000000001,10131.0,0.3841762944489685,0.0031931878658861094,355,64,32
Backfill_FIFO,651,576.6035023041476,7848.5,10135.0,0.384024670849778,0.0031931878658861094,581,64,32
Wind_proxy,651,576.6035023041476,7848.5,10135.0,0.384024670849778,0.0031931878658861094,581,64,32
PredSched_LLM,651,592.0245622119817,7963.030000000001,10131.0,0.3841762944489685,0.0031931878658861094,355,64,32
FIFO,651,4683.1315053763465,10453.545000000002,19149.050000000003,0.3347178970285079,0.004290762241292277,0,64,33
QSSF_proxy,651,759.1041167434718,9506.51,11514.02,0.5566717572223907,0.002271580010095911,372,64,33
RF_SRPT_proxy,651,759.1041167434718,9506.51,11514.02,0.5566717572223907,0.002271580010095911,363,64,33
Backfill_FIFO,651,759.0017511520739,9496.53,11553.070000000002,0.5547901766451472,0.002271580010095911,600,64,33
Wind_proxy,651,758.9525960061445,9496.53,11553.070000000002,0.5547901766451472,0.002523977788995457,600,64,33
PredSched_LLM,651,759.1102611367129,9506.51,11514.02,0.5566717572223907,0.002271580010095911,363,64,33
FIFO,651,1805.8881413210447,4307.035000000001,12357.03,0.22394551484559796,0.0035741639009446006,0,64,34
QSSF_proxy,651,596.7908141321045,7960.530000000001,9693.0,0.2854948359963376,0.0020423793719683433,326,64,34
RF_SRPT_proxy,651,596.7908141321045,7960.530000000001,9693.0,0.2854948359963376,0.0020423793719683433,322,64,34
Backfill_FIFO,651,593.9642549923196,7971.005,9722.0,0.28464322622017074,0.017360224661730917,539,64,34
Wind_proxy,651,593.9642549923196,7971.005,9722.0,0.28464322622017074,0.011998978810314016,539,64,34
PredSched_LLM,651,596.7908141321045,7960.530000000001,9693.0,0.2854948359963376,0.005871840694408987,322,64,34
FIFO,651,4683.178632872506,10682.050000000001,19040.050000000003,0.2375124870421165,0.004802195289275097,0,64,35
QSSF_proxy,651,541.9314439324118,5294.040000000001,10219.02,0.44253261358782453,0.015321289732449119,367,64,35
RF_SRPT_proxy,651,541.9314439324118,5294.040000000001,10219.02,0.44253261358782453,0.015321289732449119,361,64,35
Backfill_FIFO,651,511.6631182795699,5308.005,10209.02,0.4429660857659453,0.001600731763091699,636,64,35
Wind_proxy,651,511.6631182795699,5308.005,10209.02,0.4429660857659453,0.001372055796935742,636,64,35
PredSched_LLM,651,541.9314439324118,5294.040000000001,10219.02,0.44253261358782453,0.014863937800137205,361,64,35
FIFO,651,2492.791812596006,8091.07,16642.08,0.33818899093067084,0.0017925162446784674,0,64,36
QSSF_proxy,651,597.0940092165898,5505.105000000002,10147.01,0.5546627274623266,0.0017925162446784674,342,64,36
RF_SRPT_proxy,651,597.0940092165898,5505.105000000002,10147.01,0.5546627274623266,0.0017925162446784674,335,64,36
Backfill_FIFO,651,572.2680645161289,5325.01,10218.01,0.5508086449501911,0.001568451714093659,599,64,36
Wind_proxy,651,572.2189093701996,5325.01,10218.01,0.5508086449501911,0.001568451714093659,599,64,36
PredSched_LLM,651,597.0448540706606,5505.105000000002,10147.01,0.5546627274623266,0.002016580775263276,335,64,36
FIFO,651,3144.3692319508455,6722.040000000001,15178.050000000001,0.1987591494687229,0.0034391534391534392,0,64,37
QSSF_proxy,651,695.9589861751153,9150.02,11152.02,0.27051388973421403,0.034656084656084656,352,64,37
RF_SRPT_proxy,651,695.9589861751153,9150.02,11152.02,0.27051388973421403,0.034656084656084656,341,64,37
Backfill_FIFO,651,674.3132718894011,9136.055,11192.050000000001,0.26954635733344207,0.034656084656084656,593,64,37
Wind_proxy,651,674.3132718894011,9136.055,11192.050000000001,0.26954635733344207,0.030952380952380953,593,64,37
PredSched_LLM,651,695.9589861751153,9150.02,11152.02,0.27051388973421403,0.030952380952380953,341,64,37
FIFO,651,3810.3271428571434,9385.03,14519.03,0.24528719404163019,0.004908835904628331,0,64,38
QSSF_proxy,651,514.6253149001536,5270.5700000000015,6881.02,0.5175587527584934,0.0023375409069658717,347,64,38
RF_SRPT_proxy,651,514.6253149001536,5270.5700000000015,6881.02,0.5175587527584934,0.0023375409069658717,338,64,38
Backfill_FIFO,651,511.9461904761905,5265.530000000001,6933.030000000001,0.5136761457697787,0.0023375409069658717,567,64,38
Wind_proxy,651,511.9461904761905,5265.530000000001,6933.030000000001,0.5136761457697787,0.006077606358111267,567,64,38
PredSched_LLM,651,514.6253149001536,5270.5700000000015,6881.02,0.5175587527584934,0.006077606358111267,338,64,38
FIFO,651,1150.7087403993858,3397.5200000000004,11400.02,0.23539756707937795,0.0195578231292517,0,64,39
QSSF_proxy,651,751.8955760368665,8142.025000000001,9695.01,0.2767956889839463,0.003401360544217687,357,64,39
RF_SRPT_proxy,651,751.8955760368665,8142.025000000001,9695.01,0.2767956889839463,0.003401360544217687,346,64,39
Backfill_FIFO,651,748.9622887864823,8204.555,9760.070000000002,0.27495058669212913,0.003401360544217687,591,64,39
Wind_proxy,651,748.9622887864823,8204.555,9760.070000000002,0.27495058669212913,0.007865646258503401,591,64,39
PredSched_LLM,651,751.8955760368665,8142.025000000001,9695.01,0.2767956889839463,0.008928571428571428,346,64,39
FIFO,651,3431.2042089093707,5819.540000000001,13791.04,0.22033104238331552,0.007234908433190143,0,64,40
QSSF_proxy,651,729.6987711213519,8180.0,10085.01,0.30129808683878334,0.029391815509834954,356,64,40
RF_SRPT_proxy,651,729.7125960061445,8180.0,10085.01,0.30129808683878334,0.029391815509834954,353,64,40
Backfill_FIFO,651,724.5559600614439,8262.045000000002,10156.04,0.2991908478846084,0.0022609088853719197,610,64,40
Wind_proxy,651,724.5559600614439,8262.045000000002,10156.04,0.2991908478846084,0.012887180646619941,610,64,40
PredSched_LLM,651,729.7125960061445,8180.0,10085.01,0.30129808683878334,0.027130906624463033,353,64,40
FIFO,651,3098.6044086021507,8254.0,16213.0,0.2706615905253501,0.007223618090452261,0,64,41
QSSF_proxy,651,482.5510138248848,3750.0,10098.01,0.43456447034489964,0.003454773869346734,329,64,41
RF_SRPT_proxy,651,482.5510138248848,3750.0,10098.01,0.43456447034489964,0.003454773869346734,325,64,41
Backfill_FIFO,651,474.08894009216596,3750.0,10110.01,0.4340486673294586,0.003454773869346734,619,64,41
Wind_proxy,651,474.08894009216596,3750.0,10110.01,0.4340486673294586,0.00157035175879397,619,64,41
PredSched_LLM,651,482.5510138248848,3750.0,10098.01,0.43456447034489964,0.00157035175879397,325,64,41
FIFO,651,5905.176943164362,12833.03,21361.03,0.2894679815664905,0.006251502765087761,0,64,42
QSSF_proxy,651,869.7803533026114,9464.005000000001,11488.0,0.5382428828587439,0.004087521038711229,341,64,42
RF_SRPT_proxy,651,869.7803533026114,9464.005000000001,11488.0,0.5382428828587439,0.004087521038711229,333,64,42
Backfill_FIFO,651,866.719247311828,9704.015,11767.04,0.5254791551895167,0.003366193796585718,616,64,42
Wind_proxy,651,866.8068049155146,9704.015,11767.04,0.5254791551895167,0.002885308968502044,616,64,42
PredSched_LLM,651,869.7803533026114,9464.005000000001,11488.0,0.5382428828587439,0.0036066362106275548,333,64,42
FIFO,651,4847.8218125960075,11428.04,19403.04,0.27883515812792736,0.02436849925705795,0,64,43
QSSF_proxy,651,544.6330261136713,4723.0,10264.02,0.5271082603660653,0.001188707280832095,331,64,43
RF_SRPT_proxy,651,544.6330261136713,4723.0,10264.02,0.5271082603660653,0.001188707280832095,319,64,43
Backfill_FIFO,651,528.5320430107527,4723.0,10105.04,0.5354011192991318,0.001188707280832095,581,64,43
Wind_proxy,651,529.3523195084485,4723.0,10105.04,0.5354011192991318,0.010698365527488856,581,64,43
PredSched_LLM,651,544.6330261136713,4723.0,10264.02,0.5271082603660653,0.003566121842496285,319,64,43
FIFO,651,4133.910353302612,11141.52,21574.02,0.4373459735946291,0.008804695837780149,0,64,44
QSSF_proxy,651,875.6662058371735,11343.505000000001,13568.0,0.6954091082878835,0.006937033084311633,344,64,44
RF_SRPT_proxy,651,875.6662058371735,11343.505000000001,13568.0,0.6954091082878835,0.006937033084311633,334,64,44
Backfill_FIFO,651,882.308494623656,11366.0,13636.03,0.6919397200834846,0.0032017075773745998,563,64,44
Wind_proxy,651,882.308494623656,11366.0,13636.03,0.6919397200834846,0.0080042689434365,563,64,44
PredSched_LLM,651,875.6662058371735,11343.505000000001,13568.0,0.6954091082878835,0.010138740661686232,334,64,44
FIFO,651,5694.458095238097,11955.04,20693.04,0.40289239178517283,0.006744941294029478,0,64,45
QSSF_proxy,651,1044.0894777265748,11546.015,13577.01,0.6140577622691781,0.0019985011241568824,362,64,45
RF_SRPT_proxy,651,1044.0894777265748,11546.015,13577.01,0.6140577622691781,0.0019985011241568824,360,64,45
Backfill_FIFO,651,996.8471735791094,11339.54,13366.04,0.6237500694974915,0.0017486884836372721,580,64,45
Wind_proxy,651,996.8456374807992,11339.54,13366.04,0.6237500694974915,0.0017486884836372721,580,64,45
PredSched_LLM,651,1044.0879416282646,11546.015,13577.01,0.6140577622691781,0.0019985011241568824,360,64,45
FIFO,651,1011.0233333333334,2724.04,11301.04,0.2979381592037105,0.003424657534246575,0,64,46
QSSF_proxy,651,270.43608294930874,813.0,10771.01,0.312599380623312,0.01598173515981735,331,64,46
RF_SRPT_proxy,651,270.43608294930874,813.0,10771.01,0.312599380623312,0.01598173515981735,326,64,46
Backfill_FIFO,651,265.78923195084485,813.0,10771.01,0.312599380623312,0.02968036529680365,580,64,46
Wind_proxy,651,265.78923195084485,813.0,10771.01,0.312599380623312,0.02945205479452055,580,64,46
PredSched_LLM,651,270.43608294930874,813.0,10771.01,0.312599380623312,0.01598173515981735,326,64,46
FIFO,651,5807.1865898617525,12494.050000000001,20519.050000000003,0.32072963618716516,0.003835740072202166,0,64,47
QSSF_proxy,651,768.2783563748083,8096.02,10089.02,0.652299969809382,0.00315884476534296,359,64,47
RF_SRPT_proxy,651,768.2783563748083,8096.02,10089.02,0.652299969809382,0.00315884476534296,349,64,47
Backfill_FIFO,651,880.856820276498,9425.53,11472.02,0.5736624797905036,0.016922382671480145,548,64,47
Wind_proxy,651,880.856820276498,9425.53,11472.02,0.5736624797905036,0.0157942238267148,548,64,47
PredSched_LLM,651,768.2783563748083,8096.02,10089.02,0.652299969809382,0.00947653429602888,349,64,47
FIFO,651,5181.2861443932425,11872.02,20229.03,0.21530640792743158,0.002127659574468085,0,64,48
QSSF_proxy,651,568.1750844854072,6452.0,10115.0,0.4305921685769896,0.0013297872340425532,260,64,48
RF_SRPT_proxy,651,568.1750844854072,6452.0,10115.0,0.4305921685769896,0.0013297872340425532,252,64,48
Backfill_FIFO,651,567.79400921659,6452.0,10115.0,0.4305921685769897,0.0013297872340425532,427,64,48
Wind_proxy,651,567.79400921659,6452.0,10115.0,0.4305921685769897,0.0013297872340425532,427,64,48
PredSched_LLM,651,568.1750844854072,6452.0,10115.0,0.4305921685769896,0.0013297872340425532,252,64,48
FIFO,651,4084.9156067588333,7985.0,16432.0,0.24923221101547297,0.015338827838827838,0,64,49
QSSF_proxy,651,840.031643625192,9265.555,11146.01,0.3674304698637673,0.0016025641025641025,345,64,49
RF_SRPT_proxy,651,840.031643625192,9265.555,11146.01,0.3674304698637673,0.0016025641025641025,343,64,49
Backfill_FIFO,651,834.0865898617513,9169.52,11217.02,0.36510442982238145,0.0016025641025641025,544,64,49
Wind_proxy,651,834.0865898617513,9169.52,11217.02,0.36510442982238145,0.006868131868131868,544,64,49
PredSched_LLM,651,840.031643625192,9265.555,11146.01,0.3674304698637673,0.008928571428571428,343,64,49
FIFO,651,4200.604731182795,10993.015,19479.010000000002,0.2868806793103833,0.002450313095562211,0,64,50
QSSF_proxy,651,581.0092780337943,7561.01,10198.02,0.5479643716225062,0.01905799074326164,355,64,50
RF_SRPT_proxy,651,581.0092780337943,7561.01,10198.02,0.5479643716225062,0.01905799074326164,347,64,50
Backfill_FIFO,651,582.9689708141323,7599.035000000001,10198.02,0.5479643716225062,0.002722570106180234,584,64,50
Wind_proxy,651,582.9689708141323,7599.035000000001,10198.02,0.5479643716225062,0.002722570106180234,584,64,50
PredSched_LLM,651,581.0261751152075,7561.01,10198.02,0.5479643716225062,0.01905799074326164,347,64,50
FIFO,651,532.4652380952382,1617.02,10115.0,0.21150628514273356,0.00672988681553992,0,64,51
QSSF_proxy,651,210.1318125960062,972.0,10126.01,0.21127631458182938,0.02844906699296421,305,64,51
RF_SRPT_proxy,651,210.1318125960062,972.0,10126.01,0.21127631458182938,0.02844906699296421,298,64,51
Backfill_FIFO,651,208.28536098310295,972.0,10126.01,0.21127631458182936,0.010400734169470786,592,64,51
Wind_proxy,651,208.36067588325656,972.0,10126.01,0.21127631458182936,0.00948302233098807,592,64,51
PredSched_LLM,651,210.20861751152077,972.0,10126.01,0.21127631458182938,0.02508412358519425,299,64,51
FIFO,651,3909.0053917050695,10520.080000000002,18544.07,0.21885898552239344,0.003042155584528466,0,64,52
QSSF_proxy,651,776.555207373272,8114.505,10113.0,0.40131873308180055,0.001303780964797914,350,64,52
RF_SRPT_proxy,651,776.5552073732719,8114.505,10113.0,0.40131873308180055,0.001303780964797914,348,64,52
Backfill_FIFO,651,769.5683410138249,8131.01,10153.02,0.39973686131380115,0.001303780964797914,597,64,52
Wind_proxy,651,769.5683410138249,8131.01,10153.02,0.39973686131380115,0.0047805302042590175,597,64,52
PredSched_LLM,651,776.5552073732719,8114.505,10113.0,0.40131873308180055,0.0047805302042590175,348,64,52
FIFO,651,1728.7539477726575,4078.0,12006.02,0.47904336318103335,0.005638134290107637,0,64,53
QSSF_proxy,651,253.2084946236559,1082.5,10080.0,0.5705758134145584,0.018195797027165558,385,64,53
RF_SRPT_proxy,651,253.2084946236559,1082.5,10080.0,0.5705758134145584,0.018195797027165558,381,64,53
Backfill_FIFO,651,241.48983102918586,1004.005,10078.0,0.5706890453680045,0.033828805740645826,484,64,53
Wind_proxy,651,241.47600614439324,1004.005,10078.0,0.5706890453680045,0.03331624807790876,484,64,53
PredSched_LLM,651,253.2054224270353,1082.5,10080.0,0.5705758134145584,0.018195797027165558,381,64,53
FIFO,651,2738.010184331798,5864.060000000001,14482.050000000001,0.41203276345760786,0.004462293618920125,0,64,54
QSSF_proxy,651,737.6500768049157,8080.0,10259.02,0.581642211637296,0.0035698348951361,369,64,54
RF_SRPT_proxy,651,737.6500768049157,8080.0,10259.02,0.581642211637296,0.0035698348951361,366,64,54
Backfill_FIFO,651,744.3673732718895,8073.025000000001,10667.02,0.5593951339766169,0.03034359660865685,599,64,54
Wind_proxy,651,742.3873425499233,8073.025000000001,10667.02,0.5593951339766169,0.028781793842034806,599,64,54
PredSched_LLM,651,737.6500768049157,8080.0,10259.02,0.581642211637296,0.0033467202141900937,366,64,54
FIFO,651,3902.810076804916,7380.02,15849.03,0.21968135012639584,0.007343631299063054,0,64,55
QSSF_proxy,651,465.5994623655915,4197.52,10138.01,0.34343389961084575,0.004304887313243859,369,64,55
RF_SRPT_proxy,651,465.5994623655915,4197.52,10138.01,0.34343389961084575,0.004304887313243859,362,64,55
Backfill_FIFO,651,465.26431643625205,4177.5,10138.01,0.34343389961084575,0.004304887313243859,634,64,55
Wind_proxy,651,465.26431643625205,4177.5,10138.01,0.34343389961084575,0.0037984299822739933,634,64,55
PredSched_LLM,651,465.60560675883266,4197.52,10138.01,0.34343389961084575,0.0037984299822739933,362,64,55
FIFO,651,4308.318786482336,11274.52,19292.03,0.3584777868762386,0.006717044500419815,0,64,56
QSSF_proxy,651,823.3521351766515,9362.51,11762.01,0.5879746929946499,0.005317660229499021,376,64,56
RF_SRPT_proxy,651,823.3521351766515,9362.51,11762.01,0.5879746929946499,0.005317660229499021,371,64,56
Backfill_FIFO,651,770.372365591398,5199.0,11723.03,0.5899297552552539,0.0019591379792891126,590,64,56
Wind_proxy,651,777.9114439324118,5199.0,11724.03,0.5898794372540841,0.007556675062972292,590,64,56
PredSched_LLM,651,823.3521351766515,9362.51,11762.01,0.5879746929946499,0.00783655191715645,371,64,56
FIFO,651,6068.882457757299,13772.04,22312.04,0.2570564479984797,0.0034005894355021537,0,64,57
QSSF_proxy,651,822.046113671275,9506.02,11508.0,0.49838840371915194,0.0024937655860349127,320,64,57
RF_SRPT_proxy,651,822.046113671275,9506.02,11508.0,0.49838840371915194,0.0024937655860349127,311,64,57
Backfill_FIFO,651,822.4856221198157,9512.005000000001,11555.050000000001,0.4963590594588514,0.01632282929041034,524,64,57
Wind_proxy,651,822.7037480798772,9512.005000000001,11555.050000000001,0.4963590594588514,0.01586941736567672,524,64,57
PredSched_LLM,651,822.0522580645162,9506.02,11508.0,0.49838840371915194,0.0022670596236681025,311,64,57
FIFO,651,3849.586574500769,9529.52,18521.02,0.40918384346205017,0.006956912028725314,0,64,58
QSSF_proxy,651,893.1780645161291,9813.525000000001,11842.0,0.6399680922510979,0.0015709156193895871,344,64,58
RF_SRPT_proxy,651,893.1780645161291,9813.525000000001,11842.0,0.6399680922510979,0.0015709156193895871,339,64,58
Backfill_FIFO,651,878.7587403993855,9605.0,11687.01,0.6484551778801848,0.0017953321364452424,608,64,58
Wind_proxy,651,878.7587403993855,9605.0,11687.01,0.6484551778801848,0.0017953321364452424,608,64,58
PredSched_LLM,651,893.1780645161291,9813.525000000001,11842.0,0.6399680922510979,0.0033662477558348293,339,64,58
FIFO,651,4190.666021505377,8085.050000000001,16059.060000000001,0.29423511435094896,0.0036281179138321997,0,64,59
QSSF_proxy,651,735.1607066052228,8072.52,10093.02,0.4681591194180486,0.0027210884353741495,357,64,59
RF_SRPT_proxy,651,735.1607066052228,8072.52,10093.02,0.4681591194180486,0.0027210884353741495,349,64,59
Backfill_FIFO,651,714.5225960061443,8091.545000000001,10141.03,0.46594274501394345,0.0031746031746031746,578,64,59
Wind_proxy,651,714.273748079877,8091.545000000001,10141.03,0.46594274501394345,0.004988662131519274,578,64,59
PredSched_LLM,651,735.1514900153611,8072.52,10093.02,0.4681591194180486,0.0058956916099773245,349,64,59
FIFO,651,5637.943901689709,13563.0,22561.0,0.3892311123177164,0.00744297719087635,0,64,60
QSSF_proxy,651,1178.2397695852535,12212.51,14231.0,0.6170643753074274,0.018967587034813927,362,64,60
RF_SRPT_proxy,651,1178.2397695852535,12212.51,14231.0,0.6170643753074274,0.018967587034813927,360,64,60
Backfill_FIFO,651,1066.5739631336405,10775.01,12824.0,0.6847663073144108,0.004801920768307323,580,64,60
Wind_proxy,651,1066.5739631336405,10775.01,12824.0,0.6847663073144108,0.0067226890756302525,580,64,60
PredSched_LLM,651,1178.2015207373272,12212.51,14231.0,0.6170643753074274,0.015126050420168067,360,64,60
FIFO,651,4972.609324116745,11308.03,19863.03,0.3121135231350654,0.005842259006815969,0,64,61
QSSF_proxy,651,695.2231029185868,5913.535000000001,10696.02,0.5796100113348236,0.005598831548198637,372,64,61
RF_SRPT_proxy,651,695.2231029185868,5913.535000000001,10696.02,0.5796100113348236,0.005598831548198637,366,64,61
Backfill_FIFO,651,617.8160522273428,5268.530000000001,11284.02,0.5494070617951318,0.0021908471275559884,637,64,61
Wind_proxy,651,617.7883102918588,5268.530000000001,11284.02,0.5494070617951318,0.0021908471275559884,637,64,61
PredSched_LLM,651,695.2231029185868,5913.535000000001,10696.02,0.5796100113348236,0.005598831548198637,366,64,61
FIFO,651,5561.533809523811,11336.03,20159.02,0.3231277400498016,0.0036194415718717684,0,64,62
QSSF_proxy,651,718.3948694316437,9360.035,11424.01,0.5701972052036676,0.01938986556359876,346,64,62
RF_SRPT_proxy,651,718.3948694316437,9360.035,11424.01,0.5701972052036676,0.01938986556359876,343,64,62
Backfill_FIFO,651,739.9738095238097,9723.025000000001,11869.01,0.5488190315973067,0.0025853154084798345,585,64,62
Wind_proxy,651,739.9891705069125,9723.025000000001,11869.01,0.5488190315973067,0.003360910031023785,585,64,62
PredSched_LLM,651,718.0431029185869,9360.035,11424.01,0.5701972052036676,0.018872802481902793,343,64,62
FIFO,651,4964.624224270354,9168.03,14796.03,0.20289337378421782,0.005955334987593052,0,64,63
QSSF_proxy,651,388.0643778801844,3990.01,6199.0,0.4842743096164704,0.002729528535980149,383,64,63
RF_SRPT_proxy,651,388.0643778801844,3990.01,6199.0,0.4842743096164704,0.002729528535980149,375,64,63
Backfill_FIFO,651,381.74617511520745,3981.0,6249.01,0.4803987264082631,0.01761786600496278,493,64,63
Wind_proxy,651,381.74617511520745,3981.0,6249.01,0.4803987264082631,0.01315136476426799,493,64,63
PredSched_LLM,651,388.0643778801844,3990.01,6199.0,0.4842743096164704,0.005210918114143921,375,64,63
FIFO,651,4297.209185867896,8016.060000000001,16765.06,0.2685479013906004,0.0051764705882352945,0,64,64
QSSF_proxy,651,720.964761904762,8066.0,10127.0,0.4445760521069913,0.016705882352941178,356,64,64
RF_SRPT_proxy,651,720.964761904762,8066.0,10127.0,0.4445760521069913,0.016705882352941178,349,64,64
Backfill_FIFO,651,720.801920122888,8053.015,10133.02,0.4443119306670173,0.0025882352941176473,586,64,64
Wind_proxy,651,720.801920122888,8053.015,10133.02,0.4443119306670173,0.002352941176470588,586,64,64
PredSched_LLM,651,720.964761904762,8066.0,10127.0,0.4445760521069913,0.016705882352941178,349,64,64
FIFO,651,1078.342181259601,3262.01,11706.01,0.23638698565683353,0.0030120481927710845,0,64,65
QSSF_proxy,651,539.714024577573,3870.0,11138.01,0.24844190461031634,0.0009036144578313253,308,64,65
RF_SRPT_proxy,651,539.714024577573,3870.0,11138.01,0.24844190461031634,0.0009036144578313253,310,64,65
Backfill_FIFO,651,536.3975883256529,3870.0,11180.01,0.24750858165321413,0.0009036144578313253,564,64,65
Wind_proxy,651,536.3975883256529,3870.0,11180.01,0.24750858165321413,0.008132530120481927,564,64,65
PredSched_LLM,651,539.714024577573,3870.0,11138.01,0.24844190461031634,0.00572289156626506,310,64,65
FIFO,651,1590.4657450076804,4303.03,12920.029999999999,0.27217699051879135,0.007971412864211104,0,64,66
QSSF_proxy,651,337.4515360983103,1963.005,10656.01,0.3300048407248586,0.004947773501924134,341,64,66
RF_SRPT_proxy,651,337.4515360983103,1963.005,10656.01,0.3300048407248586,0.004947773501924134,336,64,66
Backfill_FIFO,651,334.43932411674353,1912.505,10665.01,0.32972635588832083,0.005497526113249038,634,64,66
Wind_proxy,651,328.4627803379416,1797.0100000000002,10565.02,0.33284696884743237,0.005222649807586586,634,64,66
PredSched_LLM,651,337.4515360983103,1963.005,10656.01,0.3300048407248586,0.004947773501924134,336,64,66
FIFO,651,511.61290322580646,1682.04,10189.04,0.24286816206126877,0.003109729009329187,0,64,67
QSSF_proxy,651,224.72218125960063,963.505,10138.0,0.24409088754870292,0.0053309640159928924,351,64,67
RF_SRPT_proxy,651,224.72218125960063,963.505,10138.0,0.24409088754870292,0.0053309640159928924,348,64,67
Backfill_FIFO,651,193.6715053763441,944.5,10128.0,0.24433189355931567,0.03198578409595735,626,64,67
Wind_proxy,651,221.68542242703535,968.0,10128.0,0.24433189355931578,0.028876055086628164,626,64,67
PredSched_LLM,651,252.5564976958525,974.5050000000001,10138.0,0.24409088754870292,0.005553087516659262,334,64,67
FIFO,651,5455.73341013825,11779.04,20441.04,0.3005815292421522,0.004165645675079637,0,64,68
QSSF_proxy,651,687.5893548387097,5558.01,10718.0,0.5732598490856503,0.0026954177897574125,373,64,68
RF_SRPT_proxy,651,687.5893548387097,5558.01,10718.0,0.5732598490856503,0.0026954177897574125,364,64,68
Backfill_FIFO,651,677.5157450076807,5542.015,11138.0,0.5516429397108997,0.017397696642979663,562,64,68
Wind_proxy,651,677.5003840245778,5542.015,11138.0,0.5516429397108997,0.017397696642979663,562,64,68
PredSched_LLM,651,687.5893548387097,5558.01,10718.0,0.5732598490856503,0.0026954177897574125,364,64,68
FIFO,651,5248.081105990785,12187.050000000001,20888.050000000003,0.2877684203333365,0.006381798002219756,0,64,69
QSSF_proxy,651,649.5884792626729,6866.0,10926.0,0.5501483756492542,0.01997780244173141,327,64,69
RF_SRPT_proxy,651,649.5884792626729,6866.0,10926.0,0.5501483756492542,0.01997780244173141,323,64,69
Backfill_FIFO,651,680.378341013825,6912.51,11023.01,0.545306695026472,0.002774694783573807,467,64,69
Wind_proxy,651,680.378341013825,6912.51,11023.01,0.545306695026472,0.0030521642619311877,467,64,69
PredSched_LLM,651,633.7806758832565,6523.5,10278.0,0.5848337373364225,0.019700332963374027,323,64,69
FIFO,651,4806.3399846390175,10878.04,18812.03,0.3608869241932556,0.001873536299765808,0,64,70
QSSF_proxy,651,919.2179877112136,10888.01,11921.01,0.5695000377091582,0.002576112412177986,336,64,70
RF_SRPT_proxy,651,919.2179877112136,10888.01,11921.01,0.5695000377091582,0.002576112412177986,330,64,70
Backfill_FIFO,651,884.0167741935485,10270.015,11302.0,0.6006915275642586,0.000936768149882904,557,64,70
Wind_proxy,651,878.0782181259601,10307.015,11339.0,0.5987314264512964,0.000936768149882904,557,64,70
PredSched_LLM,651,919.2179877112136,10888.01,11921.01,0.5695000377091582,0.00234192037470726,330,64,70
FIFO,651,2901.9208141321055,8463.04,17008.04,0.35960148296041167,0.0030349013657056147,0,64,71
QSSF_proxy,651,695.6469892473119,9131.005000000001,11186.01,0.5467647897909981,0.016944865958523014,357,64,71
RF_SRPT_proxy,651,695.6469892473119,9131.005000000001,11186.01,0.5467647897909981,0.016944865958523014,351,64,71
Backfill_FIFO,651,655.5233333333335,9065.555,11197.090000000002,0.5462237426197344,0.0017703591299949419,589,64,71
Wind_proxy,651,655.5479109062982,9065.555,11197.090000000002,0.5462237426197344,0.0048052604957005566,589,64,71
PredSched_LLM,651,695.6469892473119,9131.005000000001,11186.01,0.5467647897909981,0.016439049064238747,351,64,71
FIFO,651,4003.7472043010757,9650.01,18207.010000000002,0.26931705858931526,0.001844532279314888,0,64,72
QSSF_proxy,651,628.440737327189,9017.51,11169.0,0.43902393937740647,0.03267457180500659,352,64,72
RF_SRPT_proxy,651,628.440737327189,9017.51,11169.0,0.43902393937740647,0.03267457180500659,349,64,72
Backfill_FIFO,651,623.256098310292,9037.5,11240.0,0.4362507454542927,0.03267457180500659,600,64,72
Wind_proxy,651,623.256098310292,9037.5,11240.0,0.4362507454542927,0.025559947299077734,600,64,72
PredSched_LLM,651,628.440737327189,9017.51,11169.0,0.43902393937740647,0.02740447957839262,349,64,72
FIFO,651,2722.111059907834,5671.53,14104.029999999999,0.21093575792255834,0.0038326413286489938,0,64,73
QSSF_proxy,651,488.426559139785,3763.0,10130.01,0.29368621134752093,0.00415202810603641,335,64,73
RF_SRPT_proxy,651,488.426559139785,3763.0,10130.01,0.29368621134752093,0.00415202810603641,332,64,73
Backfill_FIFO,651,488.3252073732719,3763.0,10130.01,0.29368621134752093,0.00415202810603641,600,64,73
Wind_proxy,651,488.3252073732719,3763.0,10130.01,0.29368621134752093,0.0035132545512615776,600,64,73
PredSched_LLM,651,488.426559139785,3763.0,10130.01,0.29368621134752093,0.0038326413286489938,332,64,73
FIFO,651,1706.846420890937,4365.05,12976.029999999999,0.3185322568685299,0.005140066820868671,0,64,74
QSSF_proxy,651,677.2070967741937,9051.0,11186.02,0.3695044458255707,0.01799023387304035,371,64,74
RF_SRPT_proxy,651,677.2070967741937,9051.0,11186.02,0.3695044458255707,0.01799023387304035,359,64,74
Backfill_FIFO,651,626.4299231950847,7808.5,11224.03,0.3682531248663582,0.0025700334104343356,619,64,74
Wind_proxy,651,626.4314592933949,7808.5,11224.03,0.3682531248663582,0.0020560267283474686,619,64,74
PredSched_LLM,651,677.2101689708143,9051.0,11186.02,0.3695044458255707,0.01799023387304035,359,64,74
FIFO,651,5368.502104454686,10121.02,18123.03,0.24699283694558802,0.032490974729241874,0,64,75
QSSF_proxy,651,713.948371735791,8075.540000000001,10093.0,0.44350129731001703,0.01660649819494585,362,64,75
RF_SRPT_proxy,651,713.948371735791,8075.540000000001,10093.0,0.44350129731001703,0.01660649819494585,357,64,75
Backfill_FIFO,651,696.8972811059908,8089.525000000001,10146.01,0.4411841298944119,0.01660649819494585,466,64,75
Wind_proxy,651,696.898817204301,8089.525000000001,10146.01,0.4411841298944119,0.020216606498194945,466,64,75
PredSched_LLM,651,713.9560522273425,8075.540000000001,10093.0,0.44350129731001703,0.021419975932611312,357,64,75
FIFO,651,4809.666666666667,11703.580000000002,20164.08,0.20207213961968512,0.005783530707793996,0,64,76
QSSF_proxy,651,463.2996466973887,5254.065000000001,10150.01,0.4014379088358041,0.003855687138529331,359,64,76
RF_SRPT_proxy,651,463.2996466973887,5254.065000000001,10150.01,0.4014379088358041,0.003855687138529331,350,64,76
Backfill_FIFO,651,462.09367127496165,5245.025000000001,10150.01,0.40143790883580416,0.003855687138529331,605,64,76
Wind_proxy,651,462.09367127496165,5245.025000000001,10150.01,0.40143790883580416,0.003855687138529331,605,64,76
PredSched_LLM,651,463.2996466973887,5254.065000000001,10150.01,0.4014379088358041,0.003855687138529331,350,64,76
FIFO,651,4423.051705069125,10309.56,18650.05,0.1759925901254286,0.020774976657329598,0,64,77
QSSF_proxy,651,532.3567895545315,5263.0700000000015,10166.03,0.32286650791594657,0.031746031746031744,347,64,77
RF_SRPT_proxy,651,532.3567895545315,5263.0700000000015,10166.03,0.32286650791594657,0.031746031746031744,343,64,77
Backfill_FIFO,651,532.3394777265746,5262.515,10166.03,0.3228665079159466,0.003734827264239029,590,64,77
Wind_proxy,651,532.3394777265746,5262.515,10166.03,0.3228665079159466,0.003034547152194211,590,64,77
PredSched_LLM,651,532.3567895545315,5263.0700000000015,10166.03,0.32286650791594657,0.031512605042016806,343,64,77
FIFO,651,5168.3478187404,10927.535,18910.03,0.39440863505207285,0.008951406649616368,0,64,78
QSSF_proxy,651,783.2565130568358,10539.025000000001,12279.02,0.6074001932641001,0.0038363171355498722,349,64,78
RF_SRPT_proxy,651,783.2565130568358,10539.025000000001,12279.02,0.6074001932641001,0.0038363171355498722,343,64,78
Backfill_FIFO,651,727.6493087557604,9410.550000000001,11179.03,0.6671669296078239,0.01918158567774936,582,64,78
Wind_proxy,651,727.6493087557604,9410.550000000001,11179.03,0.6671669296078239,0.014833759590792838,582,64,78
PredSched_LLM,651,783.2319354838712,10539.025000000001,12279.02,0.6074001932641001,0.0058823529411764705,343,64,78
FIFO,651,563.3930721966204,1475.0299999999997,10115.0,0.24967455318524465,0.002119205298013245,0,64,79
QSSF_proxy,651,244.54024577572966,642.5,11169.0,0.22611317982529772,0.0026490066225165563,300,64,79
RF_SRPT_proxy,651,244.54024577572966,642.5,11169.0,0.22611317982529772,0.0026490066225165563,299,64,79
Backfill_FIFO,651,238.48033794162828,642.5,11169.0,0.22611317982529772,0.0026490066225165563,561,64,79
Wind_proxy,651,238.48033794162828,642.5,11169.0,0.22611317982529772,0.0026490066225165563,561,64,79
PredSched_LLM,651,244.54024577572966,642.5,11169.0,0.22611317982529772,0.002119205298013245,299,64,79
FIFO,651,4152.938525345624,11481.52,19482.02,0.38217367880262154,0.005136106831022085,0,64,80
QSSF_proxy,651,1128.4194623655915,11558.005000000001,13578.0,0.5483513959276959,0.0025680534155110425,349,64,80
RF_SRPT_proxy,651,1128.4194623655915,11558.005000000001,13578.0,0.5483513959276959,0.0025680534155110425,343,64,80
Backfill_FIFO,651,1011.050568356375,11199.02,13608.02,0.5471417042234102,0.0035952747817154596,370,64,80
Wind_proxy,651,1020.1891705069127,11200.02,13609.02,0.5471014998806858,0.01078582434514638,370,64,80
PredSched_LLM,651,1128.4194623655915,11558.005000000001,13578.0,0.5483513959276959,0.011299435028248588,343,64,80
FIFO,651,5614.6677112135185,11221.03,20141.03,0.29505614693147514,0.0042387848816672555,0,64,81
QSSF_proxy,651,524.4375268817205,3456.5,10498.0,0.5660825592523576,0.0045920169551395265,317,64,81
RF_SRPT_proxy,651,524.4375268817205,3456.5,10498.0,0.5660825592523576,0.0045920169551395265,313,64,81
Backfill_FIFO,651,536.8583102918587,3388.5,10833.0,0.54857700609538,0.00565171317555634,547,64,81
Wind_proxy,651,536.8644546851,3388.5,10833.0,0.54857700609538,0.005298481102084069,547,64,81
PredSched_LLM,651,524.4713210445469,3456.5,10498.0,0.5660825592523576,0.0045920169551395265,313,64,81
FIFO,651,3253.2893548387096,5252.525000000001,13733.02,0.3820074461726189,0.003249390739236393,0,64,82
QSSF_proxy,651,837.8358678955453,8182.545000000001,10710.0,0.48983341722105506,0.0022339561332250205,360,64,82
RF_SRPT_proxy,651,837.8358678955453,8182.545000000001,10710.0,0.48983341722105506,0.0022339561332250205,354,64,82
Backfill_FIFO,651,834.3239784946237,8180.51,10598.0,0.4950099923039724,0.0022339561332250205,594,64,82
Wind_proxy,651,834.3331950844855,8180.51,10598.0,0.4950099923039724,0.0022339561332250205,594,64,82
PredSched_LLM,651,837.8420122887865,8182.545000000001,10710.0,0.48983341722105506,0.0022339561332250205,354,64,82
FIFO,651,3459.6399078341024,6711.025000000001,14843.02,0.20763841012265355,0.00906344410876133,0,64,83
QSSF_proxy,651,449.9922119815669,3150.0,10080.01,0.30575178737111863,0.0018126888217522659,321,64,83
RF_SRPT_proxy,651,449.9922119815669,3150.0,10080.01,0.30575178737111863,0.0018126888217522659,317,64,83
Backfill_FIFO,651,445.9080030721966,3150.0,10130.02,0.3042423484078758,0.019939577039274924,570,64,83
Wind_proxy,651,445.9080030721966,3150.0,10130.02,0.3042423484078758,0.016918429003021148,570,64,83
PredSched_LLM,651,449.9922119815669,3150.0,10080.01,0.30575178737111863,0.0072507552870090634,317,64,83
FIFO,651,3414.11850998464,6518.035000000001,15236.03,0.23050343469353565,0.007478081485301702,0,64,84
QSSF_proxy,651,400.7449001536099,4482.02,10125.01,0.3468596323454249,0.005415162454873646,357,64,84
RF_SRPT_proxy,651,400.74490015360993,4482.02,10125.01,0.3468596323454249,0.005415162454873646,352,64,84
Backfill_FIFO,651,405.6681720430108,4477.02,10125.01,0.3468596323454249,0.005673027333677153,592,64,84
Wind_proxy,651,405.6727803379417,4477.02,10125.01,0.3468596323454249,0.0038679731820526046,592,64,84
PredSched_LLM,651,400.7479723502305,4482.02,10125.01,0.3468596323454249,0.0033522434244455906,352,64,84
FIFO,651,7330.7701382488485,14669.01,23359.010000000002,0.351943290230943,0.03133274492497794,0,64,85
QSSF_proxy,651,1143.5653917050693,10862.04,12313.0,0.6676721218173884,0.0028684907325684027,364,64,85
RF_SRPT_proxy,651,1143.5653917050693,10862.04,12313.0,0.6676721218173884,0.0028684907325684027,354,64,85
Backfill_FIFO,651,1173.3882795698928,11440.085000000003,12988.110000000002,0.6329671396329029,0.03000882612533098,570,64,85
Wind_proxy,651,1173.3882795698928,11440.085000000003,12988.110000000002,0.6329671396329029,0.023609885260370698,570,64,85
PredSched_LLM,651,1143.5653917050693,10862.04,12313.0,0.6676721218173884,0.014783759929390997,354,64,85
FIFO,651,4123.8657142857155,8818.01,17018.010000000002,0.2803425537305772,0.00482111139304745,0,64,86
QSSF_proxy,651,703.8367741935484,9083.01,11203.01,0.42585629958488863,0.0030449124587668104,314,64,86
RF_SRPT_proxy,651,703.8367741935484,9083.01,11203.01,0.42585629958488863,0.0030449124587668104,306,64,86
Backfill_FIFO,651,701.4500921658987,9084.515,11224.02,0.425059148398925,0.018269474752600864,551,64,86
Wind_proxy,651,701.4562365591399,9084.515,11224.02,0.425059148398925,0.015478304998731287,551,64,86
PredSched_LLM,651,703.8367741935484,9083.01,11203.01,0.42585629958488863,0.007104795737122558,306,64,86
FIFO,651,2352.8200768049155,4514.54,12273.05,0.2674873933002595,0.0020768431983385254,0,64,87
QSSF_proxy,651,581.6313978494625,7852.01,9130.02,0.35957053241326414,0.0018172377985462098,347,64,87
RF_SRPT_proxy,651,581.6313978494625,7852.01,9130.02,0.35957053241326414,0.0018172377985462098,336,64,87
Backfill_FIFO,651,568.6983870967742,7868.025000000001,9124.04,0.3598061990460092,0.0018172377985462098,555,64,87
Wind_proxy,651,568.6983870967742,7868.025000000001,9124.04,0.3598061990460092,0.0018172377985462098,555,64,87
PredSched_LLM,651,581.6313978494625,7852.01,9130.02,0.35957053241326414,0.001557632398753894,336,64,87
FIFO,651,2446.234162826421,6557.02,14747.04,0.3922639305921729,0.003843545105132263,0,64,88
QSSF_proxy,651,635.401321044547,6355.5,10171.0,0.5687476034804838,0.0015826362197603437,257,64,88
RF_SRPT_proxy,651,635.401321044547,6355.5,10171.0,0.5687476034804838,0.0015826362197603437,256,64,88
Backfill_FIFO,651,556.5285867895544,5503.505,10865.0,0.5324189484583527,0.0013565453312231518,392,64,88
Wind_proxy,651,556.553164362519,5503.505,10865.0,0.5324189484583527,0.0013565453312231518,392,64,88
PredSched_LLM,651,635.3583102918587,6355.5,10167.0,0.5689713656929283,0.0015826362197603437,256,64,88
FIFO,651,2023.075176651306,4989.030000000001,13526.04,0.16559817500632118,0.0029563932002956393,0,64,89
QSSF_proxy,651,435.3921812596006,4651.540000000001,10125.01,0.2212232421560572,0.01798472530179847,342,64,89
RF_SRPT_proxy,651,435.3921812596006,4651.540000000001,10125.01,0.2212232421560572,0.01798472530179847,339,64,89
Backfill_FIFO,651,434.7896313364056,4631.515,10125.01,0.2212232421560572,0.003202759300320276,594,64,89
Wind_proxy,651,434.7896313364056,4631.515,10125.01,0.2212232421560572,0.003202759300320276,594,64,89
PredSched_LLM,651,435.3921812596006,4651.540000000001,10125.01,0.2212232421560572,0.017738359201773836,339,64,89
FIFO,651,5436.333732718895,11647.070000000002,20437.07,0.4300740276278596,0.005645889792231256,0,64,90
QSSF_proxy,651,1025.4115360983105,10613.015,12617.0,0.6966357301904178,0.0031616982836495033,352,64,90
RF_SRPT_proxy,651,1025.4115360983105,10613.015,12617.0,0.6966357301904178,0.0031616982836495033,346,64,90
Backfill_FIFO,651,969.3306144393242,9960.53,11995.01,0.7327591229863499,0.0033875338753387536,550,64,90
Wind_proxy,651,969.3306144393242,9960.53,11995.01,0.7327591229863499,0.005645889792231256,550,64,90
PredSched_LLM,651,1025.4130721966208,10613.015,12617.0,0.6966357301904178,0.0024841915085817524,346,64,90
FIFO,651,4811.212427035331,10409.03,18787.03,0.28739705060984894,0.006607369758576874,0,64,91
QSSF_proxy,651,755.730122887865,9708.02,11319.02,0.47701453056172277,0.0027954256670902162,344,64,91
RF_SRPT_proxy,651,755.730122887865,9708.02,11319.02,0.47701453056172277,0.0027954256670902162,334,64,91
Backfill_FIFO,651,766.3810445468511,9711.0,11366.03,0.475041594269833,0.0027954256670902162,600,64,91
Wind_proxy,651,766.3810445468511,9711.0,11366.03,0.475041594269833,0.0030495552731893264,600,64,91
PredSched_LLM,651,755.730122887865,9708.02,11319.02,0.47701453056172277,0.0030495552731893264,334,64,91
FIFO,651,3800.6305376344094,6485.530000000001,14862.03,0.2392149422681492,0.0026578073089701,0,64,92
QSSF_proxy,651,540.1382795698925,5196.02,10148.0,0.3503369775756307,0.0031007751937984496,340,64,92
RF_SRPT_proxy,651,540.1382795698925,5196.02,10148.0,0.3503369775756307,0.0031007751937984496,337,64,92
Backfill_FIFO,651,540.469846390169,5187.515,10148.0,0.35033697757563065,0.0031007751937984496,572,64,92
Wind_proxy,651,540.469846390169,5187.515,10148.0,0.35033697757563065,0.0035437430786267998,572,64,92
PredSched_LLM,651,540.1382795698925,5196.02,10148.0,0.3503369775756307,0.0031007751937984496,337,64,92
FIFO,651,5304.1834715821815,11564.050000000001,20025.050000000003,0.25639746568984845,0.007011605415860735,0,64,93
QSSF_proxy,651,721.7745314900155,8344.015,10166.02,0.5050523282771922,0.0014506769825918763,339,64,93
RF_SRPT_proxy,651,721.7745314900155,8344.015,10166.02,0.5050523282771922,0.0014506769825918763,335,64,93
Backfill_FIFO,651,721.49490015361,8351.525000000001,10166.02,0.5050523282771923,0.0014506769825918763,638,64,93
Wind_proxy,651,721.49490015361,8351.525000000001,10166.02,0.5050523282771923,0.0014506769825918763,638,64,93
PredSched_LLM,651,721.7745314900155,8344.015,10166.02,0.5050523282771922,0.0014506769825918763,335,64,93
FIFO,651,3974.5125345622123,7955.02,15950.02,0.23760156580132816,0.017879010531471957,0,64,94
QSSF_proxy,651,630.0112903225807,8084.02,10089.0,0.3756318491983843,0.03159441587068332,350,64,94
RF_SRPT_proxy,651,630.0112903225807,8084.02,10089.0,0.3756318491983843,0.03159441587068332,343,64,94
Backfill_FIFO,651,627.0238556067588,8088.035000000001,10145.01,0.37355800798249567,0.01689933872152829,551,64,94
Wind_proxy,651,627.0238556067588,8088.035000000001,10145.01,0.37355800798249567,0.01763409257898604,551,64,94
PredSched_LLM,651,630.0112903225807,8084.02,10089.0,0.3756318491983843,0.02449179524859172,343,64,94
FIFO,651,5343.482995391706,11395.04,19366.04,0.5430489534208465,0.0034398034398034397,0,64,95
QSSF_proxy,651,1043.5346850998465,10468.01,11580.02,0.9081769939867329,0.0019656019656019656,355,64,95
RF_SRPT_proxy,651,1043.5346850998465,10468.01,11580.02,0.9081769939867329,0.0019656019656019656,351,64,95
Backfill_FIFO,651,1170.7140706605223,11828.52,12867.02,0.8173382612218091,0.0022113022113022115,601,64,95
Wind_proxy,651,1169.348479262673,12709.52,13748.02,0.764961627485721,0.002457002457002457,601,64,95
PredSched_LLM,651,1043.5346850998465,10468.01,11580.02,0.9081769939867329,0.0019656019656019656,351,64,95
FIFO,651,3356.8128417818743,6151.070000000001,14510.07,0.21556190157938587,0.005577005577005577,0,64,96
QSSF_proxy,651,759.220291858679,8100.040000000001,10181.03,0.3072202204737635,0.001287001287001287,378,64,96
RF_SRPT_proxy,651,759.220291858679,8100.040000000001,10181.03,0.3072202204737635,0.001287001287001287,371,64,96
Backfill_FIFO,651,758.7362672811062,8082.505,10181.03,0.3072202204737635,0.001287001287001287,633,64,96
Wind_proxy,651,758.7362672811062,8082.505,10181.03,0.3072202204737635,0.0010725010725010724,633,64,96
PredSched_LLM,651,759.220291858679,8100.040000000001,10181.03,0.3072202204737635,0.001287001287001287,371,64,96
FIFO,651,4050.3254838709695,10743.055,18800.050000000003,0.33900794250713434,0.0032941176470588237,0,64,97
QSSF_proxy,651,762.0602611367128,9714.515,11690.02,0.5451972083479117,0.003058823529411765,337,64,97
RF_SRPT_proxy,651,762.0602611367128,9714.515,11690.02,0.5451972083479117,0.003058823529411765,333,64,97
Backfill_FIFO,651,727.9703533026114,9267.52,11310.02,0.5635150308780401,0.016941176470588234,556,64,97
Wind_proxy,651,727.973425499232,9267.52,11310.02,0.5635150308780401,0.013176470588235295,556,64,97
PredSched_LLM,651,762.0571889400923,9714.515,11690.02,0.5451972083479117,0.004705882352941176,333,64,97
FIFO,651,5258.729692780338,10903.01,19398.010000000002,0.30198516195250175,0.0026519337016574587,0,64,98
QSSF_proxy,651,731.3841628264211,8095.52,10850.0,0.5398996489775346,0.0011049723756906078,355,64,98
RF_SRPT_proxy,651,731.3841628264211,8095.52,10850.0,0.5398996489775346,0.0011049723756906078,349,64,98
Backfill_FIFO,651,743.4900614439324,8114.015,10709.0,0.5470082352606452,0.027624309392265192,540,64,98
Wind_proxy,651,743.4931336405531,8114.015,10709.0,0.5470082352606452,0.027624309392265192,540,64,98
PredSched_LLM,651,731.3841628264211,8095.52,10850.0,0.5398996489775346,0.0011049723756906078,349,64,98
FIFO,651,3359.2333486943176,9227.02,17593.02,0.3950368959802666,0.004123144584936778,0,64,99
QSSF_proxy,651,937.0850076804917,10539.0,13570.01,0.5121508393670123,0.0010995052226498076,379,64,99
RF_SRPT_proxy,651,937.0850076804917,10539.0,13570.01,0.5121508393670123,0.0010995052226498076,372,64,99
Backfill_FIFO,651,962.7316743471583,10542.51,13596.01,0.5111714401297699,0.0010995052226498076,603,64,99
Wind_proxy,651,962.7316743471583,10542.51,13596.01,0.5111714401297699,0.0010995052226498076,603,64,99
PredSched_LLM,651,931.6948387096776,10539.0,13570.01,0.5121508393670123,0.0010995052226498076,372,64,99
FIFO,651,650.2931797235025,1502.5100000000002,10038.01,0.540312936543822,0.03639899972214504,0,64,100
QSSF_proxy,651,548.4870814132106,7281.505,9307.03,0.5827494549986679,0.005279244234509586,321,64,100
RF_SRPT_proxy,651,548.4870814132106,7281.505,9307.03,0.5827494549986679,0.005279244234509586,312,64,100
Backfill_FIFO,651,541.309861751152,7168.02,9180.04,0.5908107873338518,0.004167824395665463,572,64,100
Wind_proxy,651,541.1639324116742,7166.02,9178.04,0.590939531768902,0.014170602945262572,572,64,100
PredSched_LLM,651,548.4870814132106,7281.505,9307.03,0.5827494549986679,0.012781328146707419,312,64,100
FIFO,651,2892.668064516129,8290.05,16329.06,0.4301259892447882,0.007211538461538462,0,64,101
QSSF_proxy,651,735.31400921659,10194.590000000002,12220.01,0.5747583746607,0.002403846153846154,320,64,101
RF_SRPT_proxy,651,735.31400921659,10194.590000000002,12220.01,0.5747583746607,0.002403846153846154,319,64,101
Backfill_FIFO,651,688.9101075268818,9401.515,11458.01,0.6129819301901029,0.002403846153846154,569,64,101
Wind_proxy,651,688.9101075268818,9401.515,11458.01,0.6129819301901029,0.002403846153846154,569,64,101
PredSched_LLM,651,735.31400921659,10194.590000000002,12220.01,0.5747583746607,0.002403846153846154,319,64,101
FIFO,651,2175.7804301075275,7761.52,15764.02,0.40155117302923043,0.006496751624187906,0,64,102
QSSF_proxy,651,875.1062058371735,10887.0,12884.01,0.49131137919454054,0.001999000499750125,340,64,102
RF_SRPT_proxy,651,875.1062058371735,10887.0,12884.01,0.49131137919454054,0.001999000499750125,334,64,102
Backfill_FIFO,651,860.9309370199693,10712.03,12735.090000000002,0.49705661464946466,0.001999000499750125,584,64,102
Wind_proxy,651,860.9309370199693,10712.03,12735.090000000002,0.49705661464946466,0.004497751124437781,584,64,102
PredSched_LLM,651,875.1062058371735,10887.0,12884.01,0.49131137919454054,0.005497251374312844,334,64,102
FIFO,651,2521.1870506912446,6200.540000000001,14799.04,0.18845009725926476,0.005039052658100277,0,64,103
QSSF_proxy,651,449.1166205837174,4619.030000000001,10135.0,0.2751732143407746,0.00327538422776518,342,64,103
RF_SRPT_proxy,651,449.1166205837174,4619.030000000001,10135.0,0.2751732143407746,0.00327538422776518,333,64,103
Backfill_FIFO,651,417.97966205837173,4582.51,10125.0,0.27544499035493825,0.00327538422776518,484,64,103
Wind_proxy,651,417.97966205837173,4582.51,10125.0,0.27544499035493825,0.00327538422776518,484,64,103
PredSched_LLM,651,449.1166205837174,4619.030000000001,10135.0,0.2751732143407746,0.002771478961955152,333,64,103
FIFO,651,3100.9337634408603,8465.05,17119.059999999998,0.34125318846909536,0.0036780614452617912,0,64,104
QSSF_proxy,651,895.4075729646698,9241.025000000001,10833.02,0.5392710258629407,0.0021635655560363477,342,64,104
RF_SRPT_proxy,651,895.4075729646698,9241.025000000001,10833.02,0.5392710258629407,0.0021635655560363477,336,64,104
Backfill_FIFO,651,895.797173579109,9243.505000000001,10884.04,0.5367431402855698,0.0021635655560363477,621,64,104
Wind_proxy,651,895.797173579109,9243.505000000001,10884.04,0.5367431402855698,0.0021635655560363477,621,64,104
PredSched_LLM,651,895.4075729646698,9241.025000000001,10833.02,0.5392710258629407,0.004110774556469061,336,64,104
FIFO,651,3368.261551459294,6717.540000000001,15083.04,0.26232062634588255,0.019461476939482806,0,64,105
QSSF_proxy,651,599.173425499232,8072.515,10125.02,0.3907737960023783,0.0021327645961077045,355,64,105
RF_SRPT_proxy,651,599.173425499232,8072.515,10125.02,0.3907737960023783,0.0021327645961077045,344,64,105
Backfill_FIFO,651,598.6771735791092,8056.52,10125.02,0.3907737960023783,0.0021327645961077045,603,64,105
Wind_proxy,651,598.6771735791092,8056.52,10125.02,0.3907737960023783,0.0021327645961077045,603,64,105
PredSched_LLM,651,599.173425499232,8072.515,10125.02,0.3907737960023783,0.0021327645961077045,344,64,105
FIFO,651,2648.9380645161295,8215.04,13847.04,0.4018611403705234,0.002485089463220676,0,64,106
QSSF_proxy,651,536.6855760368665,5335.525000000001,7280.0,0.7643663853236612,0.0027335984095427437,336,64,106
RF_SRPT_proxy,651,536.6855760368663,5335.525000000001,7280.0,0.7643663853236612,0.0027335984095427437,332,64,106
Backfill_FIFO,651,576.628940092166,5288.51,7329.02,0.7592539364275513,0.01665009940357853,578,64,106
Wind_proxy,651,576.5906912442397,5288.51,7329.02,0.7592539364275513,0.012176938369781311,578,64,106
PredSched_LLM,651,536.6855760368663,5335.525000000001,7280.0,0.7643663853236612,0.006709741550695825,332,64,106
FIFO,651,2692.014562211982,6426.02,14418.02,0.2035755592220708,0.0029617662897145933,0,64,107
QSSF_proxy,651,553.8393855606759,7069.0,10078.0,0.2912439456613415,0.002154011847065159,315,64,107
RF_SRPT_proxy,651,553.8393855606759,7069.0,10078.0,0.2912439456613415,0.002154011847065159,310,64,107
Backfill_FIFO,651,552.0725345622119,7052.5,10104.0,0.2904945055794734,0.002154011847065159,493,64,107
Wind_proxy,651,552.0725345622119,7052.5,10104.0,0.2904945055794734,0.006462035541195477,493,64,107
PredSched_LLM,651,553.8393855606759,7069.0,10078.0,0.2912439456613415,0.004308023694130318,310,64,107
FIFO,651,3231.436897081413,9034.51,13793.02,0.22313072005804374,0.0025,0,64,108
QSSF_proxy,651,499.0441935483871,5296.5,7308.0,0.42113389222427466,0.0015,382,64,108
RF_SRPT_proxy,651,499.0441935483871,5296.5,7308.0,0.42113389222427466,0.0015,377,64,108
Backfill_FIFO,651,482.4928725038403,5302.525000000001,7328.01,0.4199839362084658,0.0015,577,64,108
Wind_proxy,651,482.4928725038403,5302.525000000001,7328.01,0.4199839362084658,0.0055,577,64,108
PredSched_LLM,651,499.0441935483871,5296.5,7308.0,0.42113389222427466,0.003,377,64,108
FIFO,651,4343.451413210445,11308.03,19695.03,0.19571692765732016,0.0034525277435265103,0,64,109
QSSF_proxy,651,577.5592473118281,5279.015,10154.03,0.3796178228465694,0.002466091245376079,341,64,109
RF_SRPT_proxy,651,577.5592473118281,5279.015,10154.03,0.3796178228465694,0.002466091245376079,336,64,109
Backfill_FIFO,651,561.9326881720432,5282.5,10149.03,0.37980484457320063,0.002466091245376079,631,64,109
Wind_proxy,651,561.9326881720432,5282.5,10149.03,0.37980484457320063,0.002466091245376079,631,64,109
PredSched_LLM,651,577.5592473118281,5279.015,10154.03,0.3796178228465694,0.002466091245376079,336,64,109
FIFO,651,4107.853348694317,9889.02,18550.02,0.36789615194821895,0.004911591355599214,0,64,110
QSSF_proxy,651,813.9844854070661,9421.52,11449.01,0.5960760778934162,0.0019646365422396855,351,64,110
RF_SRPT_proxy,651,813.9844854070661,9421.52,11449.01,0.5960760778934162,0.0019646365422396855,344,64,110
Backfill_FIFO,651,789.354915514593,9405.515,11454.03,0.5958148334308974,0.01669941060903733,572,64,110
Wind_proxy,651,789.354915514593,9405.515,11454.03,0.5958148334308974,0.019891944990176817,572,64,110
PredSched_LLM,651,814.0443932411674,9421.52,11449.01,0.5960760778934162,0.009332023575638507,344,64,110
FIFO,651,3699.0416129032255,9364.03,17907.03,0.3019527489256314,0.00665131747249936,0,64,111
QSSF_proxy,651,751.9324577572966,9219.51,10855.01,0.49811809787312494,0.0028140189306728063,364,64,111
RF_SRPT_proxy,651,751.9324577572966,9219.51,10855.01,0.49811809787312494,0.0028140189306728063,363,64,111
Backfill_FIFO,651,731.8385714285715,9119.005000000001,10786.01,0.5013046468150643,0.0028140189306728063,608,64,111
Wind_proxy,651,731.8385714285715,9119.005000000001,10786.01,0.5013046468150643,0.0028140189306728063,608,64,111
PredSched_LLM,651,751.9324577572966,9219.51,10855.01,0.49811809787312494,0.0028140189306728063,363,64,111
FIFO,651,4684.93162826421,9941.605000000003,18377.100000000002,0.423832714186406,0.0022396416573348264,0,64,112
QSSF_proxy,651,1215.499662058372,10687.03,12220.02,0.6373816222784419,0.0013437849944008958,375,64,112
RF_SRPT_proxy,651,1215.499662058372,10687.03,12220.02,0.6373816222784419,0.0013437849944008958,371,64,112
Backfill_FIFO,651,1178.0039324116747,9837.02,11422.03,0.681911724262237,0.0022396416573348264,637,64,112
Wind_proxy,651,1178.0039324116747,9837.02,11422.03,0.681911724262237,0.0022396416573348264,637,64,112
PredSched_LLM,651,1220.8022734254994,10681.03,12214.02,0.6376947288341598,0.003135498320268757,371,64,112
FIFO,651,2465.571612903226,6829.01,15044.02,0.386627030883783,0.0031645569620253164,0,64,113
QSSF_proxy,651,599.4931182795699,6670.5,10492.0,0.5543675929428376,0.002589182968929804,302,64,113
RF_SRPT_proxy,651,599.4931182795699,6670.5,10492.0,0.5543675929428376,0.002589182968929804,296,64,113
Backfill_FIFO,651,599.4810291858679,6670.5,10492.0,0.5543675929428376,0.03711162255466053,558,64,113
Wind_proxy,651,599.6269585253456,6670.5,10492.0,0.5543675929428376,0.03653624856156502,558,64,113
PredSched_LLM,651,599.4931182795699,6670.5,10492.0,0.5543675929428376,0.002589182968929804,296,64,113
FIFO,651,4326.646958525346,11051.53,19749.02,0.5454783949010508,0.018579234972677595,0,64,114
QSSF_proxy,651,1375.3460061443932,12865.535,14803.02,0.7277341873799229,0.002622950819672131,388,64,114
RF_SRPT_proxy,651,1375.3460061443932,12865.535,14803.02,0.7277341873799229,0.002622950819672131,385,64,114
Backfill_FIFO,651,1206.166082949309,11850.025000000001,13892.04,0.7754558531697827,0.02994535519125683,577,64,114
Wind_proxy,651,1206.1568663594471,11850.025000000001,13892.04,0.7754558531697827,0.024918032786885248,577,64,114
PredSched_LLM,651,1375.3536866359448,12865.535,14803.02,0.7277341873799229,0.012240437158469945,385,64,114
FIFO,651,6930.734316436254,14573.03,23119.03,0.3292147374100469,0.0036996735582154514,0,64,115
QSSF_proxy,651,1001.9271428571429,9812.02,11729.01,0.6489145623223956,0.0026115342763873774,374,64,115
RF_SRPT_proxy,651,1001.9271428571429,9812.02,11729.01,0.6489145623223956,0.0026115342763873774,362,64,115
Backfill_FIFO,651,1003.4199385560679,9944.03,11943.050000000001,0.6372848971263623,0.01588683351468988,642,64,115
Wind_proxy,651,1003.4199385560679,9944.03,11943.050000000001,0.6372848971263623,0.01588683351468988,642,64,115
PredSched_LLM,651,1001.7888940092167,9810.02,11727.01,0.6490252324015245,0.0026115342763873774,362,64,115
FIFO,651,2986.5086482334877,6839.050000000001,15197.050000000001,0.32206390127936013,0.0050645733096986575,0,64,116
QSSF_proxy,651,653.7609523809525,8629.01,11136.0,0.43951339897068087,0.0025322866548493288,266,64,116
RF_SRPT_proxy,651,653.7609523809525,8629.01,11136.0,0.43951339897068087,0.0025322866548493288,264,64,116
Backfill_FIFO,651,653.428940092166,8662.025000000001,11171.0,0.43813635403612045,0.0025322866548493288,397,64,116
Wind_proxy,651,653.428940092166,8662.025000000001,11171.0,0.43813635403612045,0.004558115978728792,397,64,116
PredSched_LLM,651,653.7609523809525,8629.01,11136.0,0.43951339897068087,0.004811344644213725,264,64,116
FIFO,651,947.5346697388636,2805.01,11393.01,0.22836493295834462,0.002830188679245283,0,64,117
QSSF_proxy,651,661.6289861751154,8079.51,10120.01,0.257091046831352,0.0021226415094339622,365,64,117
RF_SRPT_proxy,651,661.6289861751154,8079.51,10120.01,0.257091046831352,0.0021226415094339622,353,64,117
Backfill_FIFO,651,646.1600307219663,8083.515,10115.01,0.2572181307624758,0.0021226415094339622,609,64,117
Wind_proxy,651,646.1600307219663,8083.515,10115.01,0.2572181307624758,0.0016509433962264152,609,64,117
PredSched_LLM,651,661.6289861751154,8079.51,10120.01,0.257091046831352,0.0016509433962264152,353,64,117
FIFO,651,6265.902242703534,12838.02,20570.02,0.41298751414832124,0.0031455533314269373,0,64,118
QSSF_proxy,651,677.2622273425501,6222.0,11583.0,0.7334163365087841,0.0031455533314269373,358,64,118
RF_SRPT_proxy,651,677.2622273425501,6222.0,11583.0,0.7334163365087841,0.0031455533314269373,351,64,118
Backfill_FIFO,651,678.9182642089096,6219.0,11579.0,0.7336696973643015,0.0031455533314269373,565,64,118
Wind_proxy,651,683.1886175115208,6224.0,11579.0,0.7336696973643015,0.009722619388046897,565,64,118
PredSched_LLM,651,677.2668356374809,6222.0,11583.0,0.7334163365087841,0.010294538175579068,351,64,118
FIFO,651,4412.939262672812,10288.050000000001,18269.050000000003,0.2445439743035352,0.01091362644215778,0,64,119
QSSF_proxy,651,490.3499078341014,3838.5,10109.0,0.4419414475962016,0.002806361085126286,341,64,119
RF_SRPT_proxy,651,490.3499078341014,3838.5,10109.0,0.4419414475962016,0.002806361085126286,335,64,119
Backfill_FIFO,651,485.5710445468509,3838.5,10145.0,0.44037319800394303,0.021515434985968196,550,64,119
Wind_proxy,651,485.5695084485406,3838.5,10145.0,0.44037319800394303,0.017461802307452447,550,64,119
PredSched_LLM,651,490.3499078341014,3838.5,10109.0,0.4419414475962016,0.00841908325537886,335,64,119
FIFO,651,4758.143778801844,10395.035,18412.03,0.414942754139549,0.004649360712901976,0,64,120
QSSF_proxy,651,1061.0220122887865,10351.005000000001,12276.02,0.6223465290460589,0.01336691204959318,354,64,120
RF_SRPT_proxy,651,1061.0220122887865,10351.005000000001,12276.02,0.6223465290460589,0.01336691204959318,348,64,120
Backfill_FIFO,651,1056.3043471582182,10114.025000000001,12072.03,0.6328627776355759,0.001743510267338241,589,64,120
Wind_proxy,651,1056.3120276497698,10114.025000000001,12072.03,0.6328627776355759,0.003487020534676482,589,64,120
PredSched_LLM,651,1061.0266205837174,10351.005000000001,12276.02,0.6223465290460589,0.016079039132119333,348,64,120
FIFO,651,3485.195944700461,9479.01,17422.02,0.23981729663272397,0.0071499013806706115,0,64,121
QSSF_proxy,651,673.2170199692781,8061.025000000001,9717.02,0.42997768228132177,0.0039447731755424065,323,64,121
RF_SRPT_proxy,651,673.2170199692781,8061.025000000001,9717.02,0.42997768228132177,0.0039447731755424065,316,64,121
Backfill_FIFO,651,665.1855913978495,8109.040000000001,9732.03,0.4293145148834571,0.0039447731755424065,550,64,121
Wind_proxy,651,665.1855913978495,8109.040000000001,9732.03,0.4293145148834571,0.0039447731755424065,550,64,121
PredSched_LLM,651,673.2170199692781,8061.025000000001,9717.02,0.42997768228132177,0.0039447731755424065,316,64,121
FIFO,651,6366.512764976959,13037.555,20954.07,0.3952616066950239,0.006951340615690168,0,64,122
QSSF_proxy,651,935.1485867895547,10472.0,12101.02,0.6844331614194507,0.003227408142999007,357,64,122
RF_SRPT_proxy,651,935.1485867895547,10472.0,12101.02,0.6844331614194507,0.003227408142999007,352,64,122
Backfill_FIFO,651,918.476113671275,10503.54,12160.02,0.6811123151935606,0.003475670307845084,548,64,122
Wind_proxy,651,918.4822580645163,10503.54,12160.02,0.6811123151935606,0.009930486593843098,548,64,122
PredSched_LLM,651,935.1485714285716,10472.0,12101.02,0.6844331614194507,0.006206554121151936,352,64,122
FIFO,651,1150.9746697388632,2965.05,6836.04,0.2749464230890618,0.002552322613578356,0,64,123
QSSF_proxy,651,171.4132258064516,940.0,4800.0,0.39157182210286456,0.002552322613578356,343,64,123
RF_SRPT_proxy,651,171.4132258064516,940.0,4800.0,0.39157182210286456,0.002552322613578356,339,64,123
Backfill_FIFO,651,164.1474807987711,935.005,4795.0,0.3919801347432221,0.002552322613578356,598,64,123
Wind_proxy,651,164.24427035330262,935.005,4795.0,0.391980134743222,0.0030627871362940277,598,64,123
PredSched_LLM,651,171.4915668202765,940.0,4800.0,0.3915718221028645,0.005359877488514548,339,64,123
FIFO,651,4486.672642089095,9770.025000000001,18462.02,0.22454400430925217,0.0061300639658848615,0,64,124
QSSF_proxy,651,609.5812288786483,8796.505000000001,11173.0,0.3710315849313076,0.0031982942430703624,339,64,124
RF_SRPT_proxy,651,609.5812288786483,8796.505000000001,11173.0,0.3710315849313076,0.0031982942430703624,334,64,124
Backfill_FIFO,651,588.8588018433181,7657.505,11213.03,0.36970701928359234,0.0031982942430703624,537,64,124
Wind_proxy,651,588.8588018433181,7657.505,11213.03,0.36970701928359234,0.007196162046908316,537,64,124
PredSched_LLM,651,609.5812288786483,8796.505000000001,11173.0,0.3710315849313076,0.005063965884861407,334,64,124
FIFO,651,2677.5325345622127,8386.025000000001,16882.02,0.2929068116459849,0.005756776205325018,0,64,125
QSSF_proxy,651,787.9260061443935,9139.5,11157.01,0.4432064372393457,0.0021587910769968817,370,64,125
RF_SRPT_proxy,651,787.9260061443935,9139.5,11157.01,0.4432064372393457,0.0021587910769968817,367,64,125
Backfill_FIFO,651,732.3072811059909,9135.52,11186.03,0.4420566235155597,0.0021587910769968817,588,64,125
Wind_proxy,651,732.3072811059909,9135.52,11186.03,0.4420566235155597,0.004077716478771888,588,64,125
PredSched_LLM,651,787.9260061443935,9139.5,11157.01,0.4432064372393457,0.005516910530103142,367,64,125
FIFO,651,5566.84247311828,11366.050000000001,19789.04,0.22851381587832217,0.003607317701623293,0,64,126
QSSF_proxy,651,619.8637941628265,5744.045000000001,10170.01,0.4446474529492843,0.003091986601391394,381,64,126
RF_SRPT_proxy,651,619.8637941628265,5744.045000000001,10170.01,0.4446474529492843,0.003091986601391394,378,64,126
Backfill_FIFO,651,640.7224884792627,5259.525000000001,10170.01,0.4446474529492844,0.018294254058232415,638,64,126
Wind_proxy,651,629.4708448540707,5259.525000000001,10170.01,0.4446474529492842,0.01984024735892811,638,64,126
PredSched_LLM,651,624.9961904761905,5886.045000000001,10170.01,0.4446474529492843,0.004380314351971141,378,64,126
FIFO,651,1832.36534562212,3941.5300000000007,12375.03,0.16074298626700298,0.0029585798816568047,0,64,127
QSSF_proxy,651,431.54814132104457,4470.015,10140.01,0.196173305287051,0.002151694459386767,345,64,127
RF_SRPT_proxy,651,431.54814132104457,4470.015,10140.01,0.196173305287051,0.002151694459386767,342,64,127
Backfill_FIFO,651,431.534162826421,4472.5,10140.01,0.196173305287051,0.01828940290478752,595,64,127
Wind_proxy,651,431.534162826421,4472.5,10140.01,0.196173305287051,0.01828940290478752,595,64,127
PredSched_LLM,651,431.54814132104457,4470.015,10140.01,0.196173305287051,0.002151694459386767,342,64,127
FIFO,651,2408.8568663594474,5904.52,14332.03,0.2915355201121195,0.00798333911836168,0,64,128
QSSF_proxy,651,460.3467588325653,2639.5,11140.02,0.375070764712496,0.0020826102047900035,344,64,128
RF_SRPT_proxy,651,460.3467588325653,2639.5,11140.02,0.375070764712496,0.0020826102047900035,339,64,128
Backfill_FIFO,651,454.18443932411674,2639.5,11148.03,0.37480127164283733,0.0020826102047900035,583,64,128
Wind_proxy,651,454.18443932411674,2639.5,11148.03,0.37480127164283733,0.0017355085039916696,583,64,128
PredSched_LLM,651,460.3467588325653,2639.5,11140.02,0.375070764712496,0.0020826102047900035,339,64,128
FIFO,651,990.34089093702,2679.0299999999997,11072.029999999999,0.3046134642032672,0.006522245515956208,0,64,129
QSSF_proxy,651,250.11666666666667,930.0,10106.01,0.3337310584555626,0.0034940600978336828,349,64,129
RF_SRPT_proxy,651,250.11666666666667,930.0,10106.01,0.3337310584555626,0.0034940600978336828,341,64,129
Backfill_FIFO,651,250.48689708141322,937.5,10106.01,0.3337310584555626,0.0034940600978336828,641,64,129
Wind_proxy,651,251.72345622119815,937.5,10106.01,0.3337310584555626,0.005124621476822734,641,64,129
PredSched_LLM,651,251.52987711213518,930.0,10106.01,0.3337310584555626,0.0034940600978336828,342,64,129
FIFO,651,2680.751766513057,7973.049999999999,16443.05,0.4094499117313242,0.004122211445198836,0,64,130
QSSF_proxy,651,503.9472811059908,2529.0,11160.03,0.6032784294570669,0.002667313288069835,379,64,130
RF_SRPT_proxy,651,503.9472811059908,2529.0,11160.03,0.6032784294570669,0.002667313288069835,376,64,130
Backfill_FIFO,651,485.7606451612903,2138.0,12106.02,0.5561369773958534,0.002909796314258002,602,64,130
Wind_proxy,651,485.785222734255,2138.0,12106.02,0.5561369773958534,0.0033947623666343357,602,64,130
PredSched_LLM,651,503.9472811059908,2529.0,11160.03,0.6032784294570669,0.002667313288069835,376,64,130
FIFO,651,859.443440860215,1947.5500000000002,10374.05,0.2521988835724717,0.004828696252011957,0,64,131
QSSF_proxy,651,202.58132104454685,975.0,10139.0,0.2580455496720584,0.0025293170843872156,285,64,131
RF_SRPT_proxy,651,202.58132104454685,975.0,10139.0,0.2580455496720584,0.0025293170843872156,278,64,131
Backfill_FIFO,651,202.4121044546851,969.505,10139.0,0.2580455496720584,0.015865716256610714,586,64,131
Wind_proxy,651,202.44282642089092,969.505,10139.0,0.2580455496720584,0.01563577833984824,586,64,131
PredSched_LLM,651,202.61666666666667,975.0,10139.0,0.2580455496720584,0.0034490687514371118,279,64,131
FIFO,651,2115.8358832565286,4991.540000000001,12945.04,0.17907571886606766,0.00398505603985056,0,64,132
QSSF_proxy,651,657.674147465438,8069.535000000001,9695.01,0.2391067511792148,0.0032378580323785804,313,64,132
RF_SRPT_proxy,651,657.674147465438,8069.535000000001,9695.01,0.2391067511792148,0.0032378580323785804,307,64,132
Backfill_FIFO,651,654.5011367127498,8102.025000000001,9765.01,0.2373927260443153,0.0032378580323785804,573,64,132
Wind_proxy,651,654.5011367127498,8102.025000000001,9765.01,0.2373927260443153,0.010958904109589041,573,64,132
PredSched_LLM,651,657.674147465438,8069.535000000001,9695.01,0.2391067511792148,0.011955168119551681,307,64,132
FIFO,651,3016.804377880185,5170.0700000000015,13564.070000000002,0.2729205941114098,0.005563282336578581,0,64,133
QSSF_proxy,651,794.0145161290324,9144.525000000001,10214.070000000002,0.3624328052352049,0.003245248029670839,362,64,133
RF_SRPT_proxy,651,794.0145161290324,9144.525000000001,10214.070000000002,0.3624328052352049,0.003245248029670839,359,64,133
Backfill_FIFO,651,779.5468509984639,9173.005000000001,10211.0,0.36254177288891876,0.003245248029670839,549,64,133
Wind_proxy,651,779.5468509984639,9173.005000000001,10211.0,0.36254177288891876,0.011590171534538712,549,64,133
PredSched_LLM,651,794.0145161290324,9144.525000000001,10214.070000000002,0.3624328052352049,0.005795085767269356,359,64,133
FIFO,651,3612.156912442397,9604.025000000001,18089.02,0.21718293771062488,0.0027603513174404015,0,64,134
QSSF_proxy,651,526.3772043010754,5299.51,10137.01,0.3875527896200409,0.0017565872020075283,347,64,134
RF_SRPT_proxy,651,526.3772043010754,5299.51,10137.01,0.3875527896200409,0.0017565872020075283,339,64,134
Backfill_FIFO,651,525.9485714285715,5286.5,10137.01,0.3875527896200409,0.002258469259723965,587,64,134
Wind_proxy,651,525.9501075268819,5286.5,10137.01,0.3875527896200409,0.0020075282308657464,587,64,134
PredSched_LLM,651,526.3772043010754,5299.51,10137.01,0.3875527896200409,0.0017565872020075283,339,64,134
FIFO,651,3466.317665130568,10118.03,14692.02,0.34510882783859886,0.019146183699870634,0,64,135
QSSF_proxy,651,502.4209831029187,5135.0,6338.01,0.7999901863173541,0.002069857697283312,344,64,135
RF_SRPT_proxy,651,502.4209831029187,5135.0,6338.01,0.7999901863173541,0.002069857697283312,337,64,135
Backfill_FIFO,651,522.3626267281105,5146.005,6338.01,0.7999901863173536,0.002069857697283312,613,64,135
Wind_proxy,651,522.3626420890936,5146.005,6338.01,0.7999901863173536,0.0059508408796895215,613,64,135
PredSched_LLM,651,502.4086943164363,5135.0,6338.01,0.7999901863173541,0.006209573091849935,337,64,135
FIFO,651,5111.89619047619,12071.03,17702.03,0.31587956142070994,0.019899177500663306,0,64,136
QSSF_proxy,651,562.3455760368663,5389.505,7739.0,0.7225364352831439,0.00344919076678164,385,64,136
RF_SRPT_proxy,651,562.3455760368663,5389.505,7739.0,0.7225364352831439,0.00344919076678164,382,64,136
Backfill_FIFO,651,502.08149001536094,4942.515,7322.0,0.7636860793029571,0.019368532767312284,413,64,136
Wind_proxy,651,502.08149001536094,4942.515,7322.0,0.7636860793029571,0.01883788803396126,413,64,136
PredSched_LLM,651,562.3517511520737,5389.505,7739.0,0.7225364352831439,0.008755638100291854,382,64,136
FIFO,651,4247.069231950845,10737.55,19245.05,0.21971804316239762,0.005275652862041678,0,64,137
QSSF_proxy,651,457.27018433179734,5282.52,10141.01,0.4169687956685281,0.0029016090741229225,351,64,137
RF_SRPT_proxy,651,457.27018433179734,5282.52,10141.01,0.4169687956685281,0.0029016090741229225,346,64,137
Backfill_FIFO,651,457.03666666666675,5277.515,10141.01,0.4169687956685281,0.0029016090741229225,643,64,137
Wind_proxy,651,457.03666666666675,5277.515,10141.01,0.4169687956685281,0.002637826431020839,643,64,137
PredSched_LLM,651,457.27018433179734,5282.52,10141.01,0.4169687956685281,0.0031653917172250064,346,64,137
FIFO,651,3685.166774193549,10029.53,18605.03,0.34884490284683767,0.018973485769885674,0,64,138
QSSF_proxy,651,820.8687096774194,9165.03,11151.01,0.5820342626194848,0.03162247628314279,367,64,138
RF_SRPT_proxy,651,820.8687096774194,9165.03,11151.01,0.5820342626194848,0.03162247628314279,362,64,138
Backfill_FIFO,651,890.4694930875577,10411.01,12458.02,0.5209712203714957,0.0034054974458769156,629,64,138
Wind_proxy,651,890.4525960061444,10411.01,12458.02,0.5209712203714957,0.015567988324008757,629,64,138
PredSched_LLM,651,820.7611827956989,9165.03,11151.01,0.5820342626194848,0.03381172464120652,362,64,138
FIFO,651,3766.630215053764,6653.040000000001,14984.050000000001,0.1731661685154381,0.006842372022301064,0,64,139
QSSF_proxy,651,460.9780337941629,4684.5,10152.01,0.25558786164944186,0.003801317790167258,364,64,139
RF_SRPT_proxy,651,460.9780337941629,4684.5,10152.01,0.25558786164944186,0.003801317790167258,359,64,139
Backfill_FIFO,651,460.9126267281107,4673.01,10152.01,0.25558786164944186,0.01900658895083629,639,64,139
Wind_proxy,651,460.9126267281107,4673.01,10152.01,0.25558786164944186,0.01875316776482514,639,64,139
PredSched_LLM,651,460.988786482335,4684.5,10152.01,0.25558786164944186,0.002280790674100355,359,64,139
FIFO,651,2857.1224116743474,8049.09,16556.1,0.45009291208187624,0.0029239766081871343,0,64,140
QSSF_proxy,651,1318.951889400922,11563.52,12671.03,0.5880960949282539,0.00253411306042885,360,64,140
RF_SRPT_proxy,651,1318.951889400922,11563.52,12671.03,0.5880960949282539,0.00253411306042885,359,64,140
Backfill_FIFO,651,1285.2490476190476,11619.01,12652.03,0.5889792595906549,0.001949317738791423,530,64,140
Wind_proxy,651,1285.2521198156683,11619.01,12652.03,0.5889792595906549,0.006627680311890838,530,64,140
PredSched_LLM,651,1318.936528417819,11563.52,12671.03,0.5880960949282539,0.004093567251461989,359,64,140
FIFO,651,3777.652749615976,9278.02,17766.02,0.3309421328345488,0.022340425531914895,0,64,141
QSSF_proxy,651,541.4264976958525,4723.0,10217.0,0.5754648674543652,0.003457446808510638,377,64,141
RF_SRPT_proxy,651,541.4264976958525,4723.0,10217.0,0.5754648674543652,0.003457446808510638,369,64,141
Backfill_FIFO,651,506.6983717357911,3977.0,10511.0,0.5593687138028018,0.019680851063829788,591,64,141
Wind_proxy,651,506.1699539170507,3977.0,10511.0,0.5593687138028018,0.019680851063829788,591,64,141
PredSched_LLM,651,541.666129032258,4723.0,10217.0,0.5754648674543652,0.002925531914893617,369,64,141
FIFO,651,3711.369631336406,8792.04,17160.04,0.27188191240740117,0.0026803118908382065,0,64,142
QSSF_proxy,651,720.3903840245777,9127.5,10185.03,0.4580746931710071,0.0043859649122807015,369,64,142
RF_SRPT_proxy,651,720.3903840245777,9127.5,10185.03,0.4580746931710071,0.0043859649122807015,363,64,142
Backfill_FIFO,651,705.3572196620586,9132.535,10183.02,0.45816511135080773,0.0043859649122807015,582,64,142
Wind_proxy,651,705.3572196620586,9132.535,10183.02,0.45816511135080773,0.003654970760233918,582,64,142
PredSched_LLM,651,720.3903840245777,9127.5,10185.03,0.4580746931710071,0.003654970760233918,363,64,142
FIFO,651,3852.136159754225,7887.050000000001,16314.050000000001,0.3174085434123498,0.0036809815950920245,0,64,143
QSSF_proxy,651,695.5442549923195,8081.0,10123.01,0.5115295596523418,0.00245398773006135,346,64,143
RF_SRPT_proxy,651,695.5442549923195,8081.0,10123.01,0.5115295596523418,0.00245398773006135,341,64,143
Backfill_FIFO,651,695.9063133640553,8067.5,10123.01,0.5115295596523417,0.00245398773006135,586,64,143
Wind_proxy,651,695.9062211981567,8067.5,10123.01,0.5115295596523416,0.0022085889570552146,586,64,143
PredSched_LLM,651,695.5473271889401,8081.0,10123.01,0.5115295596523418,0.00245398773006135,341,64,143
FIFO,651,6302.910337941629,13061.04,21667.04,0.2427651162491508,0.004668534080298786,0,64,144
QSSF_proxy,651,705.3508755760369,8091.01,10264.0,0.5124709162485387,0.0016339869281045752,359,64,144
RF_SRPT_proxy,651,705.3508755760369,8091.01,10264.0,0.5124709162485387,0.0016339869281045752,352,64,144
Backfill_FIFO,651,704.4931490015362,8075.51,10264.0,0.5124709162485386,0.0016339869281045752,577,64,144
Wind_proxy,651,704.6083563748081,8075.51,10264.0,0.5124709162485386,0.0021008403361344537,577,64,144
PredSched_LLM,651,705.346267281106,8091.01,10264.0,0.5124709162485387,0.0018674136321195146,352,64,144
FIFO,651,3362.0216129032256,8203.03,16694.03,0.4567228769899329,0.005367561260210035,0,64,145
QSSF_proxy,651,997.7813671274962,11568.01,13593.0,0.5609170462853124,0.002333722287047841,361,64,145
RF_SRPT_proxy,651,997.7813671274962,11568.01,13593.0,0.5609170462853124,0.002333722287047841,350,64,145
Backfill_FIFO,651,1002.9641935483872,11598.0,13624.0,0.5596407376802885,0.0014002333722287048,551,64,145
Wind_proxy,651,1006.0486789554533,11598.0,13624.0,0.5596407376802885,0.0014002333722287048,551,64,145
PredSched_LLM,651,997.7675422427036,11568.01,13593.0,0.5609170462853124,0.006067677946324387,350,64,145
FIFO,651,2706.9888325652855,8409.54,16813.050000000003,0.25824718141190905,0.004157549234135667,0,64,146
QSSF_proxy,651,268.98494623655915,859.015,10140.0,0.42819751217332347,0.0015317286652078775,329,64,146
RF_SRPT_proxy,651,268.98494623655915,859.015,10140.0,0.42819751217332347,0.0015317286652078775,317,64,146
Backfill_FIFO,651,221.1878033794163,721.515,10140.0,0.42819751217332347,0.0015317286652078775,600,64,146
Wind_proxy,651,221.1878033794163,721.515,10140.0,0.42819751217332347,0.0015317286652078775,600,64,146
PredSched_LLM,651,268.98494623655915,859.015,10140.0,0.42819751217332347,0.0015317286652078775,317,64,146
FIFO,651,3576.923594470047,7001.52,15347.02,0.2881468168372426,0.0031048483401003107,0,64,147
QSSF_proxy,651,750.7138095238096,9159.015,10754.01,0.41121358088168986,0.0016718414139001673,365,64,147
RF_SRPT_proxy,651,750.7138095238096,9159.015,10754.01,0.41121358088168986,0.0016718414139001673,356,64,147
Backfill_FIFO,651,746.7541321044548,9193.03,10827.01,0.40844101565783186,0.0016718414139001673,587,64,147
Wind_proxy,651,746.7541321044548,9193.03,10827.01,0.40844101565783186,0.0059708621925005975,587,64,147
PredSched_LLM,651,750.7138095238096,9159.015,10754.01,0.41121358088168986,0.009553379508000955,356,64,147
FIFO,651,4912.25405529954,9435.025000000001,14522.060000000001,0.23442501415734066,0.00362406378352259,0,64,148
QSSF_proxy,651,418.99635944700464,4217.505,6196.0,0.5494406263869837,0.01763711041314327,346,64,148
RF_SRPT_proxy,651,418.99635944700464,4217.505,6196.0,0.5494406263869837,0.01763711041314327,337,64,148
Backfill_FIFO,651,418.2412135176652,4181.015,6248.01,0.5448669450102913,0.01763711041314327,592,64,148
Wind_proxy,651,418.13368663594474,4181.015,6248.01,0.5448669450102913,0.016187484899734237,592,64,148
PredSched_LLM,651,418.99635944700464,4217.505,6196.0,0.5494406263869837,0.016670693404203914,337,64,148
FIFO,651,5101.509692780338,11973.03,20623.03,0.2837352307484037,0.005516154452324665,0,64,149
QSSF_proxy,651,767.907757296467,9408.005000000001,11454.01,0.510867388432632,0.0031520882584712374,323,64,149
RF_SRPT_proxy,651,767.907757296467,9408.005000000001,11454.01,0.510867388432632,0.0031520882584712374,322,64,149
Backfill_FIFO,651,807.0215514592936,9858.01,11951.02,0.48962182104801516,0.0338849487785658,593,64,149
Wind_proxy,651,808.2627188940095,9876.01,11969.02,0.48888548734827497,0.036249014972419225,593,64,149
PredSched_LLM,651,772.2533794162828,9408.005000000001,11454.01,0.510867388432632,0.003940110323089046,322,64,149
FIFO,651,2831.3769585253467,8277.54,16926.050000000003,0.3395066632683053,0.003416078342063311,0,64,150
QSSF_proxy,651,774.2843471582183,8082.540000000001,10209.01,0.5628857996820946,0.030289227966294692,348,64,150
RF_SRPT_proxy,651,774.2843471582183,8082.540000000001,10209.01,0.5628857996820946,0.030289227966294692,347,64,150
Backfill_FIFO,651,758.1976190476191,8075.535000000001,10209.0,0.5628863510444215,0.030289227966294692,564,64,150
Wind_proxy,651,758.1991551459294,8075.535000000001,10209.0,0.5628863510444215,0.030289227966294692,564,64,150
PredSched_LLM,651,774.2858832565286,8082.540000000001,10209.01,0.5628857996820946,0.030289227966294692,347,64,150
FIFO,651,4389.775483870968,8324.03,16669.03,0.21970696859872768,0.005583992554676594,0,64,151
QSSF_proxy,651,810.7868356374807,9176.52,11177.01,0.32766384308336927,0.002791996277338297,349,64,151
RF_SRPT_proxy,651,810.7868356374807,9176.52,11177.01,0.32766384308336927,0.002791996277338297,345,64,151
Backfill_FIFO,651,804.1604454685101,9188.535,11234.01,0.3260013166074491,0.01675197766402978,554,64,151
Wind_proxy,651,804.1604454685101,9188.535,11234.01,0.3260013166074491,0.013029315960912053,554,64,151
PredSched_LLM,651,810.7868356374807,9176.52,11177.01,0.32766384308336927,0.005583992554676594,345,64,151
FIFO,651,3988.569815668203,9326.04,17709.03,0.24198431865515793,0.003788775751835188,0,64,152
QSSF_proxy,651,682.2138095238097,8074.030000000001,10130.01,0.42303093072896775,0.0011839924224484964,332,64,152
RF_SRPT_proxy,651,682.2138095238097,8074.030000000001,10130.01,0.42303093072896775,0.0011839924224484964,318,64,152
Backfill_FIFO,651,681.7480645161293,8058.505,10132.02,0.4229470094407384,0.0011839924224484964,605,64,152
Wind_proxy,651,681.7480645161293,8058.505,10132.02,0.4229470094407384,0.0011839924224484964,605,64,152
PredSched_LLM,651,682.2138095238097,8074.030000000001,10130.01,0.42303093072896775,0.0011839924224484964,318,64,152
FIFO,651,4755.307496159754,9274.53,17638.03,0.22657264763978746,0.0046130189646335215,0,64,153
QSSF_proxy,651,638.8552688172043,8048.52,10132.0,0.39442313030497433,0.0025627883136852894,331,64,153
RF_SRPT_proxy,651,638.8552688172043,8048.52,10132.0,0.39442313030497433,0.0025627883136852894,329,64,153
Backfill_FIFO,651,623.3653917050692,8043.065000000001,10127.0,0.39461786869260396,0.0025627883136852894,571,64,153
Wind_proxy,651,623.3653917050692,8043.065000000001,10127.0,0.39461786869260396,0.0025627883136852894,571,64,153
PredSched_LLM,651,638.8568049155147,8048.52,10132.0,0.39442313030497433,0.0025627883136852894,329,64,153
FIFO,651,3859.4511827956994,9585.04,18083.04,0.2802372092337627,0.007240948813982522,0,64,154
QSSF_proxy,651,686.782089093702,8065.0,10222.0,0.49574845079852287,0.03245942571785269,344,64,154
RF_SRPT_proxy,651,686.782089093702,8065.0,10222.0,0.49574845079852287,0.03245942571785269,341,64,154
Backfill_FIFO,651,686.9062211981567,8076.51,10222.0,0.49574845079852287,0.0022471910112359553,592,64,154
Wind_proxy,651,686.9062211981567,8076.51,10222.0,0.49574845079852287,0.0022471910112359553,592,64,154
PredSched_LLM,651,686.7882334869432,8065.0,10222.0,0.49574845079852287,0.03245942571785269,341,64,154
FIFO,651,1500.4123655913982,4217.02,12611.02,0.19599265445271277,0.008137169427492008,0,64,155
QSSF_proxy,651,376.07503840245784,4403.01,10131.0,0.24397071218598856,0.004359197907585004,355,64,155
RF_SRPT_proxy,651,376.07503840245784,4403.01,10131.0,0.24397071218598856,0.004359197907585004,353,64,155
Backfill_FIFO,651,360.16245775729647,4165.005,10126.0,0.24409117965200972,0.004359197907585004,568,64,155
Wind_proxy,651,360.16245775729647,4165.005,10126.0,0.24409117965200972,0.004649811101424005,568,64,155
PredSched_LLM,651,376.07503840245784,4403.01,10131.0,0.24397071218598856,0.004359197907585004,353,64,155
FIFO,651,2812.1703840245777,7220.535000000001,15620.03,0.2538361201931111,0.005571030640668524,0,64,156
QSSF_proxy,651,627.058356374808,8133.02,10115.0,0.39198495427582797,0.0184856925804001,235,64,156
RF_SRPT_proxy,651,627.058356374808,8133.02,10115.0,0.39198495427582797,0.0184856925804001,230,64,156
Backfill_FIFO,651,625.8619815668203,8077.030000000001,10144.050000000001,0.3908624082590287,0.0184856925804001,353,64,156
Wind_proxy,651,625.8619815668203,8077.030000000001,10144.050000000001,0.3908624082590287,0.017979235249430237,353,64,156
PredSched_LLM,651,627.058356374808,8133.02,10115.0,0.39198495427582797,0.0184856925804001,230,64,156
FIFO,651,2579.213840245776,8036.529999999999,16517.03,0.25040236761504653,0.004680955900468096,0,64,157
QSSF_proxy,651,637.8825806451614,8065.005,10126.0,0.408443948051427,0.0017245627001724563,342,64,157
RF_SRPT_proxy,651,637.8825806451614,8065.005,10126.0,0.408443948051427,0.0017245627001724563,337,64,157
Backfill_FIFO,651,637.9327342549923,8066.525000000001,10126.0,0.408443948051427,0.0017245627001724563,562,64,157
Wind_proxy,651,637.9327342549923,8066.525000000001,10126.0,0.408443948051427,0.0022172949002217295,562,64,157
PredSched_LLM,651,637.8825806451614,8065.005,10126.0,0.408443948051427,0.0014781966001478197,337,64,157
FIFO,651,2587.9533026113672,7443.030000000001,16922.03,0.41111662555223877,0.0036054596961112542,0,64,158
QSSF_proxy,651,341.77391705069124,1826.5,12414.0,0.5604098494517279,0.0028328611898017,330,64,158
RF_SRPT_proxy,651,341.77391705069124,1826.5,12414.0,0.5604098494517279,0.0028328611898017,324,64,158
Backfill_FIFO,651,320.56050691244235,1371.5,11515.0,0.6041622119925099,0.003090394025238218,581,64,158
Wind_proxy,651,320.5021351766513,1371.5,11515.0,0.6041622119925099,0.0028328611898017,581,64,158
PredSched_LLM,651,341.81385560675886,1827.5,12416.0,0.5603195772465971,0.0028328611898017,324,64,158
FIFO,651,3210.7364055299545,8699.52,16649.02,0.23260687791233356,0.004953560371517028,0,64,159
QSSF_proxy,651,445.2686943164362,2208.5,9679.01,0.4001108132443297,0.0015479876160990713,344,64,159
RF_SRPT_proxy,651,445.2686943164362,2208.5,9679.01,0.4001108132443297,0.0015479876160990713,338,64,159
Backfill_FIFO,651,443.725207373272,2208.5,9691.01,0.3996153716176125,0.0015479876160990713,579,64,159
Wind_proxy,651,443.7190629800308,2208.5,9691.01,0.3996153716176125,0.0015479876160990713,579,64,159
PredSched_LLM,651,445.2564055299539,2208.5,9679.01,0.4001108132443297,0.0015479876160990713,338,64,159
FIFO,651,6820.3596466973895,14563.54,24085.04,0.29374708341386396,0.00598639455782313,0,64,160
QSSF_proxy,651,805.9076804915514,10039.005000000001,12429.02,0.569225108166714,0.004081632653061225,342,64,160
RF_SRPT_proxy,651,805.9076804915514,10039.005000000001,12429.02,0.569225108166714,0.004081632653061225,337,64,160
Backfill_FIFO,651,750.9092473118282,8980.005000000001,11380.03,0.621695219951639,0.004081632653061225,580,64,160
Wind_proxy,651,750.9153917050693,8980.005000000001,11380.03,0.621695219951639,0.004081632653061225,580,64,160
PredSched_LLM,651,805.9076804915514,10039.005000000001,12429.02,0.569225108166714,0.004081632653061225,337,64,160
FIFO,651,2178.950030721967,4693.525000000001,13096.02,0.19598490132880067,0.0037313432835820895,0,64,161
QSSF_proxy,651,537.7609062980031,4716.0,10171.01,0.2523468355158436,0.017257462686567165,348,64,161
RF_SRPT_proxy,651,537.7609062980031,4716.0,10171.01,0.2523468355158436,0.017257462686567165,340,64,161
Backfill_FIFO,651,537.1386021505377,4746.005,10171.01,0.2523468355158436,0.017257462686567165,613,64,161
Wind_proxy,651,537.1386021505377,4746.005,10171.01,0.2523468355158436,0.017257462686567165,613,64,161
PredSched_LLM,651,537.7609062980031,4716.0,10171.01,0.2523468355158436,0.01655783582089552,340,64,161
FIFO,651,2166.3804761904767,7386.52,15796.02,0.37469313621010236,0.005633802816901409,0,64,162
QSSF_proxy,651,738.0937019969278,9546.025000000001,11560.0,0.5119948333423444,0.002560819462227913,310,64,162
RF_SRPT_proxy,651,738.0937019969278,9546.025000000001,11560.0,0.5119948333423444,0.002560819462227913,304,64,162
Backfill_FIFO,651,738.3930721966207,9563.015,11619.0,0.509394980070359,0.002560819462227913,552,64,162
Wind_proxy,651,738.2778648233488,9563.015,11619.0,0.509394980070359,0.002560819462227913,552,64,162
PredSched_LLM,651,738.0937019969278,9546.025000000001,11560.0,0.5119948333423444,0.002560819462227913,304,64,162
FIFO,651,4866.807526881721,10994.060000000001,19833.07,0.2931722522424037,0.002596053997923157,0,64,163
QSSF_proxy,651,625.4933794162828,8060.560000000001,10781.0,0.5393289862518551,0.0020768431983385254,330,64,163
RF_SRPT_proxy,651,625.4933794162828,8060.560000000001,10781.0,0.5393289862518551,0.0020768431983385254,325,64,163
Backfill_FIFO,651,623.9845775729647,8034.530000000001,10755.0,0.540632803419921,0.0020768431983385254,560,64,163
Wind_proxy,651,623.8816589861751,8034.530000000001,10755.0,0.540632803419921,0.0018172377985462098,560,64,163
PredSched_LLM,651,625.494915514593,8060.560000000001,10781.0,0.5393289862518551,0.0018172377985462098,325,64,163
FIFO,651,6571.742657450078,14550.060000000001,22537.06,0.2808414723695659,0.020616168635626594,0,64,164
QSSF_proxy,651,903.0695238095238,9515.015,11546.0,0.5481847491149537,0.0023164234422052353,362,64,164
RF_SRPT_proxy,651,903.0695238095238,9515.015,11546.0,0.5481847491149537,0.0023164234422052353,357,64,164
Backfill_FIFO,651,857.0404301075272,9404.02,11453.03,0.5526346402027458,0.0023164234422052353,550,64,164
Wind_proxy,651,863.5120122887868,9404.02,11453.03,0.5526346402027458,0.006485985638174659,550,64,164
PredSched_LLM,651,903.0649155145929,9515.015,11546.0,0.5481847491149537,0.006022700949733611,357,64,164
FIFO,651,6808.179093701998,14444.560000000001,22952.06,0.30535000095715803,0.007086999022482893,0,64,165
QSSF_proxy,651,893.7634869431644,9921.5,11938.02,0.5870664936872908,0.017595307917888565,342,64,165
RF_SRPT_proxy,651,893.7634869431644,9921.5,11938.02,0.5870664936872908,0.017595307917888565,337,64,165
Backfill_FIFO,651,846.2668970814132,9522.505000000001,11610.02,0.6036519784607391,0.03225806451612903,592,64,165
Wind_proxy,651,846.2668970814132,9522.505000000001,11610.02,0.6036519784607391,0.03225806451612903,592,64,165
PredSched_LLM,651,893.9232411674348,9921.5,11938.02,0.5870664936872908,0.021994134897360705,337,64,165
FIFO,651,3479.4653763440865,6727.51,15229.01,0.23910263028629244,0.004457050243111832,0,64,166
QSSF_proxy,651,821.3480645161292,8180.0,10126.03,0.35959762588657657,0.0012155591572123178,342,64,166
RF_SRPT_proxy,651,821.3480645161292,8180.0,10126.03,0.35959762588657657,0.0012155591572123178,336,64,166
Backfill_FIFO,651,821.6257142857143,8255.0,10154.060000000001,0.35860496664942404,0.025526742301458672,595,64,166
Wind_proxy,651,821.6257142857143,8255.0,10154.060000000001,0.35860496664942404,0.025526742301458672,595,64,166
PredSched_LLM,651,821.3480645161292,8180.0,10126.03,0.35959762588657657,0.0012155591572123178,336,64,166
FIFO,651,4368.164623655915,9236.02,17973.02,0.2447297849950927,0.005623242736644799,0,64,167
QSSF_proxy,651,544.443579109063,3928.5,10739.03,0.4095838562991723,0.004061230865354577,314,64,167
RF_SRPT_proxy,651,544.443579109063,3928.5,10739.03,0.4095838562991723,0.004061230865354577,312,64,167
Backfill_FIFO,651,540.7272196620584,3928.5,10748.050000000001,0.4092401245167729,0.00499843798812871,576,64,167
Wind_proxy,651,540.7241474654378,3928.5,10748.050000000001,0.4092401245167729,0.00499843798812871,576,64,167
PredSched_LLM,651,544.5603225806452,3928.5,10739.03,0.4095838562991723,0.0043736332396126214,312,64,167
FIFO,651,5573.453348694317,11351.54,16940.04,0.32786106356596567,0.00501378791677112,0,64,168
QSSF_proxy,651,668.042841781874,5639.530000000001,7651.0,0.7259155053261013,0.0032589621459012284,380,64,168
RF_SRPT_proxy,651,668.042841781874,5639.530000000001,7651.0,0.7259155053261013,0.0032589621459012284,378,64,168
Backfill_FIFO,651,680.1647158218127,5650.530000000001,7715.0,0.7198936527867791,0.0035096515417397845,573,64,168
Wind_proxy,651,680.1647158218127,5650.530000000001,7715.0,0.7198936527867791,0.0055151667084482325,573,64,168
PredSched_LLM,651,668.0551152073733,5639.530000000001,7651.0,0.7259155053261014,0.004261719729255453,378,64,168
FIFO,651,5052.470076804916,11996.54,20378.04,0.22352346148415156,0.004380908462070556,0,64,169
QSSF_proxy,651,779.5460215053764,9148.5,11151.01,0.40848049092077754,0.00276688955499193,369,64,169
RF_SRPT_proxy,651,779.5460215053764,9148.5,11151.01,0.40848049092077754,0.00276688955499193,365,64,169
Backfill_FIFO,651,743.9278648233487,9149.5,11192.0,0.40698445667105987,0.0034586119437399125,514,64,169
Wind_proxy,651,743.9278648233487,9149.5,11192.0,0.40698445667105987,0.0032280378141572516,514,64,169
PredSched_LLM,651,779.522980030722,9148.5,11151.01,0.40848049092077754,0.00553377910998386,365,64,169
FIFO,651,2283.815622119816,6491.545,14342.04,0.25374367887605254,0.002365930599369085,0,64,170
QSSF_proxy,651,658.9107066052227,8069.5,9120.0,0.3990353061609101,0.002365930599369085,332,64,170
RF_SRPT_proxy,651,658.9107066052227,8069.5,9120.0,0.3990353061609101,0.002365930599369085,328,64,170
Backfill_FIFO,651,617.5313210445469,8066.01,9110.0,0.3994733251577936,0.0026288117770767614,567,64,170
Wind_proxy,651,617.5436098310292,8066.01,9110.0,0.3994733251577936,0.0026288117770767614,567,64,170
PredSched_LLM,651,658.9107066052227,8069.5,9120.0,0.3990353061609101,0.002365930599369085,328,64,170
FIFO,651,1406.6245622119818,2761.5300000000007,10921.03,0.26002601710587286,0.020884858477603737,0,64,171
QSSF_proxy,651,274.5206758832565,1300.51,10202.01,0.2783522005559444,0.0038472107721901623,313,64,171
RF_SRPT_proxy,651,274.5206758832565,1300.51,10202.01,0.2783522005559444,0.0038472107721901623,304,64,171
Backfill_FIFO,651,237.11964669738865,1271.005,10140.01,0.28005415513335297,0.0038472107721901623,591,64,171
Wind_proxy,651,237.11964669738865,1271.005,10140.01,0.28005415513335297,0.0038472107721901623,591,64,171
PredSched_LLM,651,274.5206758832565,1300.51,10202.01,0.2783522005559444,0.003572410002748008,304,64,171
FIFO,651,2786.74024577573,6040.030000000001,14664.03,0.2105661193154269,0.017490671641791043,0,64,172
QSSF_proxy,651,742.9634562211983,9195.54,11158.01,0.27672926360748906,0.0016324626865671641,365,64,172
RF_SRPT_proxy,651,742.9634562211983,9195.54,11158.01,0.27672926360748906,0.0016324626865671641,353,64,172
Backfill_FIFO,651,738.9097695852537,9198.515,11254.02,0.27436843817809103,0.0016324626865671641,563,64,172
Wind_proxy,651,738.9097695852537,9198.515,11254.02,0.27436843817809103,0.009095149253731344,563,64,172
PredSched_LLM,651,742.9634562211983,9195.54,11158.01,0.27672926360748906,0.012360074626865671,353,64,172
FIFO,651,4484.6863748079895,10255.04,18768.050000000003,0.377877770291466,0.003896736483195324,0,64,173
QSSF_proxy,651,922.6378341013825,9831.53,11856.01,0.5981800695781084,0.0012177301509985387,335,64,173
RF_SRPT_proxy,651,922.6378341013825,9831.53,11856.01,0.5981800695781084,0.0012177301509985387,324,64,173
Backfill_FIFO,651,920.2014746543779,10205.025000000001,12264.03,0.5782788273282723,0.0012177301509985387,600,64,173
Wind_proxy,651,920.2014746543779,10205.025000000001,12264.03,0.5782788273282723,0.00219191427179737,600,64,173
PredSched_LLM,651,922.6378341013825,9831.53,11856.01,0.5981800695781084,0.0012177301509985387,324,64,173
FIFO,651,1491.2113978494624,4289.55,13188.05,0.25222536779271765,0.00552364118426867,0,64,174
QSSF_proxy,651,818.0334869431645,9145.5,11168.0,0.29784748940891387,0.0028722934158197082,356,64,174
RF_SRPT_proxy,651,818.0334869431645,9145.5,11168.0,0.29784748940891387,0.0028722934158197082,351,64,174
Backfill_FIFO,651,814.9753149001536,9174.505000000001,11202.0,0.29694347096221646,0.0028722934158197082,545,64,174
Wind_proxy,651,814.9753149001536,9174.505000000001,11202.0,0.29694347096221646,0.004639858594785683,545,64,174
PredSched_LLM,651,818.0334869431645,9145.5,11168.0,0.29784748940891387,0.009058771542200618,351,64,174
FIFO,651,5169.424147465439,11683.03,20153.03,0.27441172152524945,0.003188619082658818,0,64,175
QSSF_proxy,651,778.86866359447,9180.045000000002,11163.0,0.4954069386589629,0.002207505518763797,339,64,175
RF_SRPT_proxy,651,778.86866359447,9180.045000000002,11163.0,0.4954069386589629,0.002207505518763797,334,64,175
Backfill_FIFO,651,758.0664823348694,9192.535,11222.060000000001,0.49279968706725863,0.002207505518763797,575,64,175
Wind_proxy,651,758.0664823348694,9192.535,11222.060000000001,0.49279968706725863,0.010546970811871474,575,64,175
PredSched_LLM,651,778.86866359447,9180.045000000002,11163.0,0.4954069386589629,0.01226391954868776,334,64,175
FIFO,651,4194.778125960061,9753.035,15092.04,0.2576076644231826,0.004383401519579193,0,64,176
QSSF_proxy,651,353.2485867895545,3390.0,6337.02,0.6135100056148236,0.020455873758036237,309,64,176
RF_SRPT_proxy,651,353.2485867895545,3390.0,6337.02,0.6135100056148236,0.020455873758036237,301,64,176
Backfill_FIFO,651,370.7860829493087,3384.0,6332.0,0.6139963954171272,0.0029222676797194622,544,64,176
Wind_proxy,651,370.77072196620577,3384.0,6332.0,0.6139963954171272,0.009643483343074225,544,64,176
PredSched_LLM,651,353.230153609831,3390.0,6337.02,0.6135100056148236,0.018118059614260665,301,64,176
FIFO,651,3051.9304608294938,6471.01,14956.01,0.2885294027492961,0.0068783068783068784,0,64,177
QSSF_proxy,651,625.6218586789555,6629.0,11146.0,0.38715670489973986,0.0034391534391534392,331,64,177
RF_SRPT_proxy,651,625.6218586789555,6629.0,11146.0,0.38715670489973986,0.0034391534391534392,327,64,177
Backfill_FIFO,651,623.961198156682,6629.0,11167.01,0.38642829484459157,0.0034391534391534392,484,64,177
Wind_proxy,651,623.9704147465437,6629.0,11167.01,0.38642829484459157,0.0034391534391534392,484,64,177
PredSched_LLM,651,625.6218586789555,6629.0,11146.0,0.38715670489973986,0.0034391534391534392,327,64,177
FIFO,651,4089.175299539171,7589.030000000001,15883.03,0.2537670647441798,0.00267639902676399,0,64,178
QSSF_proxy,651,647.1660675883256,8072.515,10140.01,0.39749368120384004,0.00291970802919708,349,64,178
RF_SRPT_proxy,651,647.1660675883256,8072.515,10140.01,0.39749368120384004,0.00291970802919708,340,64,178
Backfill_FIFO,651,646.6159293394778,8057.0,10140.01,0.39749368120384004,0.017518248175182483,640,64,178
Wind_proxy,651,646.6159293394778,8057.0,10140.01,0.39749368120384004,0.017518248175182483,640,64,178
PredSched_LLM,651,647.1660675883256,8072.515,10140.01,0.39749368120384004,0.00267639902676399,340,64,178
FIFO,651,1716.1001536098318,3946.050000000001,12364.050000000001,0.18890758072294273,0.00249500998003992,0,64,179
QSSF_proxy,651,276.8571735791091,982.0,10138.01,0.23038671035415234,0.006487025948103792,321,64,179
RF_SRPT_proxy,651,276.8571735791091,982.0,10138.01,0.23038671035415234,0.006487025948103792,315,64,179
Backfill_FIFO,651,278.51634408602155,982.0,10138.01,0.2303867103541524,0.006487025948103792,591,64,179
Wind_proxy,651,278.51634408602155,982.0,10138.01,0.2303867103541524,0.0062375249500998,591,64,179
PredSched_LLM,651,276.8571735791091,982.0,10138.01,0.23038671035415234,0.0042415169660678645,315,64,179
FIFO,651,5526.596605222735,12694.54,21413.04,0.26022869162026974,0.0062266500622665,0,64,180
QSSF_proxy,651,695.7184639016898,5343.545000000001,10230.01,0.5447000914771835,0.004773765047737651,346,64,180
RF_SRPT_proxy,651,695.7184639016898,5343.545000000001,10230.01,0.5447000914771835,0.004773765047737651,341,64,180
Backfill_FIFO,651,690.874316436252,5300.51,10854.01,0.5133851344169116,0.0033208800332088003,605,64,180
Wind_proxy,651,690.8804608294931,5300.51,10854.01,0.5133851344169116,0.0033208800332088003,605,64,180
PredSched_LLM,651,695.6815975422428,5343.545000000001,10230.01,0.5447000914771835,0.00560398505603985,341,64,180
FIFO,651,4955.735652841782,10731.03,19344.03,0.3346721346327523,0.016800584368151936,0,64,181
QSSF_proxy,651,716.5622580645163,9271.525000000001,11239.0,0.5760216934335796,0.01704407109812515,302,64,181
RF_SRPT_proxy,651,716.5622580645163,9271.525000000001,11239.0,0.5760216934335796,0.01704407109812515,292,64,181
Backfill_FIFO,651,715.2118279569894,9220.015,11303.01,0.5727596288510759,0.01704407109812515,443,64,181
Wind_proxy,651,715.2118279569894,9220.015,11303.01,0.5727596288510759,0.016800584368151936,443,64,181
PredSched_LLM,651,716.5622580645163,9271.525000000001,11239.0,0.5760216934335796,0.01704407109812515,292,64,181
FIFO,651,3271.3186175115216,7155.555000000001,16072.050000000001,0.34068753820685604,0.004633529907329402,0,64,182
QSSF_proxy,651,824.9888786482337,8562.01,10257.01,0.533834630992609,0.014321819713563605,371,64,182
RF_SRPT_proxy,651,824.9888786482337,8562.01,10257.01,0.533834630992609,0.014321819713563605,367,64,182
Backfill_FIFO,651,823.3346543778804,8561.02,10257.01,0.5338346309926092,0.014321819713563605,604,64,182
Wind_proxy,651,823.3346543778804,8561.02,10257.01,0.5338346309926092,0.014321819713563605,604,64,182
PredSched_LLM,651,824.9980952380954,8562.01,10257.01,0.533834630992609,0.014321819713563605,367,64,182
FIFO,651,4237.170967741937,8895.550000000001,17259.050000000003,0.27682757153131254,0.0021839359378791555,0,64,183
QSSF_proxy,651,644.0943625192014,8094.550000000001,10120.01,0.47211227048565174,0.0021839359378791555,361,64,183
RF_SRPT_proxy,651,644.0943625192014,8094.550000000001,10120.01,0.47211227048565174,0.0021839359378791555,357,64,183
Backfill_FIFO,651,627.2809216589861,8043.540000000001,10121.02,0.4720651573099848,0.0021839359378791555,622,64,183
Wind_proxy,651,627.2809216589861,8043.540000000001,10121.02,0.4720651573099848,0.0024265954865323952,622,64,183
PredSched_LLM,651,644.0943625192014,8094.550000000001,10120.01,0.47211227048565174,0.0026692550351856345,357,64,183
FIFO,651,4006.1876190476187,10832.01,19323.010000000002,0.3189240232160388,0.0035239902412577935,0,64,184
QSSF_proxy,651,670.615514592934,9248.51,11253.0,0.5476381489241757,0.001626457034426674,239,64,184
RF_SRPT_proxy,651,670.615514592934,9248.51,11253.0,0.5476381489241757,0.001626457034426674,235,64,184
Backfill_FIFO,651,670.2375576036867,9250.005000000001,11306.01,0.5450704616256089,0.001626457034426674,331,64,184
Wind_proxy,651,673.7321812596007,9284.005000000001,11340.01,0.5434362130054339,0.003252914068853348,331,64,184
PredSched_LLM,651,669.689247311828,9248.51,11253.0,0.5476381489241757,0.003252914068853348,235,64,184
FIFO,651,3763.6646390168967,9972.02,18729.010000000002,0.37545776036413564,0.00999687597625742,0,64,185
QSSF_proxy,651,643.7523502304147,4581.5,12179.0,0.5773833769962642,0.0415495157763199,374,64,185
RF_SRPT_proxy,651,643.7523502304147,4581.5,12179.0,0.5773833769962642,0.0415495157763199,371,64,185
Backfill_FIFO,651,626.5663748079878,4571.0,11574.01,0.607564029099465,0.022492970946579195,643,64,185
Wind_proxy,651,626.5663748079878,4571.0,11574.01,0.607564029099465,0.022492970946579195,643,64,185
PredSched_LLM,651,643.7584946236558,4581.5,12179.0,0.5773833769962642,0.03561387066541706,371,64,185
FIFO,651,1040.174147465438,2174.0200000000004,10640.02,0.22323433903613438,0.019816336394393428,0,64,186
QSSF_proxy,651,195.83795698924732,852.0,10127.01,0.23454285440927286,0.00459159014016433,310,64,186
RF_SRPT_proxy,651,195.83795698924732,852.0,10127.01,0.23454285440927286,0.00459159014016433,308,64,186
Backfill_FIFO,651,196.47700460829492,852.0,10127.01,0.23454285440927286,0.004833252779120348,597,64,186
Wind_proxy,651,232.58021505376345,986.5050000000001,10127.01,0.23454285440927286,0.004833252779120348,597,64,186
PredSched_LLM,651,232.56794162826418,986.5050000000001,10127.01,0.23454285440927286,0.0026582890285161915,293,64,186
FIFO,651,3709.281597542244,9770.025000000001,17876.02,0.3953905464642718,0.007233273056057866,0,64,187
QSSF_proxy,651,674.6845161290322,3976.015,11851.02,0.5964051462579806,0.0015069318866787222,322,64,187
RF_SRPT_proxy,651,674.6845161290322,3976.015,11851.02,0.5964051462579806,0.0015069318866787222,318,64,187
Backfill_FIFO,651,711.9336866359446,3972.5299999999997,11698.050000000001,0.6042040610534452,0.0015069318866787222,563,64,187
Wind_proxy,651,691.1271274961597,3972.5299999999997,11632.050000000001,0.6076323018217987,0.006931886678722122,563,64,187
PredSched_LLM,651,674.6875883256529,3976.015,11851.02,0.5964051462579806,0.0039180229053646775,318,64,187
FIFO,651,3100.8590629800315,8254.55,17221.05,0.3554107166901118,0.005243088655862726,0,64,188
QSSF_proxy,651,730.8865898617511,8065.005,10781.04,0.5677138497451313,0.0021448999046711154,350,64,188
RF_SRPT_proxy,651,730.8865898617511,8065.005,10781.04,0.5677138497451313,0.0021448999046711154,337,64,188
Backfill_FIFO,651,825.4166359447005,9301.005000000001,11351.060000000001,0.5392047722993492,0.0019065776930409914,637,64,188
Wind_proxy,651,825.5134101382488,9301.005000000001,11351.060000000001,0.5392047722993492,0.0019065776930409914,637,64,188
PredSched_LLM,651,730.8865898617511,8065.005,10781.04,0.5677138497451313,0.0019065776930409914,337,64,188
FIFO,651,4293.177465437789,11644.53,20077.03,0.23319002778766332,0.003869792852264967,0,64,189
QSSF_proxy,651,784.7351612903226,8365.01,10154.02,0.46107484361797096,0.0022763487366264513,315,64,189
RF_SRPT_proxy,651,784.7351612903226,8365.01,10154.02,0.46107484361797096,0.0022763487366264513,311,64,189
Backfill_FIFO,651,783.8188172043011,8357.005000000001,10164.02,0.4606212092846875,0.0022763487366264513,576,64,189
Wind_proxy,651,783.8188172043011,8357.005000000001,10164.02,0.4606212092846875,0.002048713862963806,576,64,189
PredSched_LLM,651,784.7351612903226,8365.01,10154.02,0.46107484361797096,0.001821078989301161,311,64,189
FIFO,651,1106.4663440860215,2802.05,11278.05,0.20590304736024848,0.0028363047001620746,0,64,190
QSSF_proxy,651,274.91522273425505,1047.0,10150.02,0.22878623522724592,0.0002025931928687196,326,64,190
RF_SRPT_proxy,651,274.91522273425505,1047.0,10150.02,0.22878623522724592,0.0002025931928687196,321,64,190
Backfill_FIFO,651,275.1641013824885,1047.0,10150.02,0.22878623522724592,0.0002025931928687196,595,64,190
Wind_proxy,651,275.1641013824885,1047.0,10150.02,0.22878623522724592,0.0002025931928687196,595,64,190
PredSched_LLM,651,274.91522273425505,1047.0,10150.02,0.22878623522724592,0.0002025931928687196,321,64,190
FIFO,651,4639.604377880185,10034.575,18362.08,0.3303703170559245,0.01893491124260355,0,64,191
QSSF_proxy,651,787.1769738863288,5766.5,10869.02,0.5581263252258485,0.017988165680473372,361,64,191
RF_SRPT_proxy,651,787.1769738863288,5766.5,10869.02,0.5581263252258485,0.017988165680473372,349,64,191
Backfill_FIFO,651,731.6062980030724,5725.5,10938.02,0.5546055128264762,0.0033136094674556214,619,64,191
Wind_proxy,651,731.6062980030724,5725.5,10938.02,0.5546055128264762,0.0033136094674556214,619,64,191
PredSched_LLM,651,787.1785099846392,5766.5,10869.02,0.5581263252258485,0.017988165680473372,349,64,191
FIFO,651,3944.0499539170514,9591.570000000002,18071.07,0.27216375421633865,0.0029641606036108865,0,64,192
QSSF_proxy,651,450.30184331797244,5245.535000000001,10139.0,0.4850863254666389,0.0032336297493936943,329,64,192
RF_SRPT_proxy,651,450.30184331797244,5245.535000000001,10139.0,0.4850863254666389,0.0032336297493936943,323,64,192
Backfill_FIFO,651,452.9127803379417,5237.52,10139.0,0.48508632546663877,0.0032336297493936943,579,64,192
Wind_proxy,651,450.9650076804916,5237.52,10139.0,0.48508632546663877,0.0032336297493936943,579,64,192
PredSched_LLM,651,450.30184331797244,5245.535000000001,10139.0,0.4850863254666389,0.0032336297493936943,323,64,192
FIFO,651,4641.249170506913,11015.54,19125.04,0.3810362149079165,0.003243512974051896,0,64,193
QSSF_proxy,651,967.0747311827957,10646.535,12679.0,0.5747561204797306,0.001746506986027944,318,64,193
RF_SRPT_proxy,651,967.0747311827957,10646.535,12679.0,0.5747561204797306,0.001746506986027944,306,64,193
Backfill_FIFO,651,1054.9171274961598,11429.505000000001,13490.01,0.5402021830645419,0.016716566866267466,407,64,193
Wind_proxy,651,1056.5546082949309,11429.505000000001,13490.01,0.5402021830645419,0.013722554890219561,407,64,193
PredSched_LLM,651,967.0747311827957,10646.535,12679.0,0.5747561204797306,0.004740518962075849,306,64,193
FIFO,651,3010.6928878648237,7657.075,16839.09,0.42629995913711793,0.003716608594657375,0,64,194
QSSF_proxy,651,967.3061443932414,10914.005000000001,12510.02,0.573820295963256,0.0027874564459930314,350,64,194
RF_SRPT_proxy,651,967.3061443932414,10914.005000000001,12510.02,0.573820295963256,0.0027874564459930314,354,64,194
Backfill_FIFO,651,915.3714900153611,10333.04,11909.04,0.6027776696447616,0.0027874564459930314,572,64,194
Wind_proxy,651,915.3714900153611,10333.04,11909.04,0.6027776696447616,0.008362369337979094,572,64,194
PredSched_LLM,651,967.3061443932414,10914.005000000001,12510.02,0.573820295963256,0.008826945412311266,354,64,194
FIFO,651,4444.802135176651,8906.01,12870.01,0.18875203865420462,0.003232758620689655,0,64,195
QSSF_proxy,651,298.87870967741935,3150.0,5657.0,0.42942206558246426,0.0016163793103448276,327,64,195
RF_SRPT_proxy,651,298.87870967741935,3150.0,5657.0,0.42942206558246426,0.0016163793103448276,325,64,195
Backfill_FIFO,651,298.9832104454685,3142.005,5657.0,0.4294220655824642,0.0016163793103448276,573,64,195
Wind_proxy,651,298.9832104454685,3142.005,5657.0,0.4294220655824642,0.0016163793103448276,573,64,195
PredSched_LLM,651,298.87870967741935,3150.0,5657.0,0.42942206558246426,0.0018857758620689656,325,64,195
FIFO,651,4943.76980030722,11177.03,19536.03,0.21908537892070448,0.001838235294117647,0,64,196
QSSF_proxy,651,786.9193394777267,9172.525000000001,11163.0,0.38341472141505417,0.04296875,353,64,196
RF_SRPT_proxy,651,786.9193394777267,9172.525000000001,11163.0,0.38341472141505417,0.04296875,346,64,196
Backfill_FIFO,651,765.3596159754225,9172.02,11285.0,0.3792696973997562,0.015395220588235295,585,64,196
Wind_proxy,651,765.3596159754225,9172.02,11285.0,0.3792696973997562,0.015165441176470588,585,64,196
PredSched_LLM,651,786.9193394777267,9172.525000000001,11163.0,0.38341472141505417,0.03791360294117647,346,64,196
FIFO,651,5241.808356374808,11804.07,20056.07,0.31704604033217876,0.0036135870874488074,0,64,197
QSSF_proxy,651,882.9250384024579,9710.505000000001,10790.03,0.5893123168448098,0.00505902192242833,369,64,197
RF_SRPT_proxy,651,882.9250384024579,9710.505000000001,10790.03,0.5893123168448098,0.00505902192242833,364,64,197
Backfill_FIFO,651,862.2953456221198,9691.0,10751.04,0.5914495321499131,0.002890869669959046,602,64,197
Wind_proxy,651,851.276835637481,9552.0,10700.03,0.5942691355187791,0.004095398699108649,602,64,197
PredSched_LLM,651,882.9250384024579,9710.505000000001,10790.03,0.5893123168448098,0.00915442062153698,364,64,197
FIFO,651,6344.252672811061,12904.54,20919.03,0.24895063773870013,0.006434699714013346,0,64,198
QSSF_proxy,651,728.4396313364057,8793.0,10392.01,0.501135570440656,0.002859866539561487,377,64,198
RF_SRPT_proxy,651,728.4396313364057,8793.0,10392.01,0.501135570440656,0.002859866539561487,369,64,198
Backfill_FIFO,651,726.2801843317974,8805.01,10445.01,0.49859271167524033,0.01763584366062917,583,64,198
Wind_proxy,651,726.2801843317974,8805.01,10445.01,0.49859271167524033,0.01835081029551954,583,64,198
PredSched_LLM,651,728.4396313364057,8793.0,10392.01,0.501135570440656,0.006911344137273594,369,64,198
FIFO,651,4543.952012288788,10823.04,19183.04,0.2222528154264131,0.006624203821656051,0,64,199
QSSF_proxy,651,663.4132872503841,9122.53,11147.0,0.3824782137290304,0.0017834394904458599,351,64,199
RF_SRPT_proxy,651,663.4132872503841,9122.53,11147.0,0.3824782137290304,0.0017834394904458599,340,64,199
Backfill_FIFO,651,654.6318586789555,9120.015,11184.070000000002,0.38121047601074587,0.0017834394904458599,422,64,199
Wind_proxy,651,654.6318586789555,9120.015,11184.070000000002,0.38121047601074587,0.0033121019108280254,422,64,199
PredSched_LLM,651,663.4132872503841,9122.53,11147.0,0.3824782137290304,0.0045859872611464965,340,64,199
FIFO,651,2845.5002304147465,6019.04,14527.04,0.17942575077880632,0.0033277870216306157,0,64,200
QSSF_proxy,651,477.97236559139776,4618.52,10156.02,0.2566482794041121,0.0014261944378416924,358,64,200
RF_SRPT_proxy,651,477.97236559139776,4618.52,10156.02,0.2566482794041121,0.0014261944378416924,352,64,200
Backfill_FIFO,651,477.9166820276497,4623.0,10156.02,0.2566482794041121,0.0014261944378416924,602,64,200
Wind_proxy,651,477.9166820276497,4623.0,10156.02,0.2566482794041121,0.0014261944378416924,602,64,200
PredSched_LLM,651,477.97390168970804,4618.52,10156.02,0.2566482794041121,0.0014261944378416924,352,64,200
FIFO,651,1806.8671428571424,3743.05,11780.05,0.4645713780926227,0.006885471654808354,0,64,201
QSSF_proxy,651,761.7556221198159,8068.505,10141.03,0.5396566288138385,0.017672710580674777,328,64,201
RF_SRPT_proxy,651,761.7556221198159,8068.505,10141.03,0.5396566288138385,0.017672710580674777,321,64,201
Backfill_FIFO,651,761.7831490015362,8074.5,10141.03,0.5396566288138386,0.017672710580674777,600,64,201
Wind_proxy,651,761.7831490015362,8074.5,10141.03,0.5396566288138386,0.017213679137020887,600,64,201
PredSched_LLM,651,761.7556221198159,8068.505,10141.03,0.5396566288138385,0.017443194858847832,321,64,201
FIFO,651,2279.02846390169,7793.01,15748.01,0.27518469000210183,0.00457351932311914,0,64,202
QSSF_proxy,651,294.7068817204301,901.5,10081.04,0.42987739856205315,0.002515435627715527,319,64,202
RF_SRPT_proxy,651,294.7068817204301,901.5,10081.04,0.42987739856205315,0.002515435627715527,315,64,202
Backfill_FIFO,651,229.37811059907838,722.01,10081.0,0.4298791042555302,0.016235993597072947,580,64,202
Wind_proxy,651,229.37811059907838,722.01,10081.0,0.4298791042555302,0.016235993597072947,580,64,202
PredSched_LLM,651,294.7130261136713,901.5,10081.04,0.42987739856205315,0.002515435627715527,315,64,202
FIFO,651,5561.010030721967,12536.535,21195.03,0.26259641742958145,0.018591680223100163,0,64,203
QSSF_proxy,651,700.4621966205838,8089.025000000001,10736.01,0.51841782424872,0.0032535440390425285,345,64,203
RF_SRPT_proxy,651,700.4621966205838,8089.025000000001,10736.01,0.51841782424872,0.0032535440390425285,339,64,203
Backfill_FIFO,651,758.4673271889402,9379.02,11434.02,0.48677009007440114,0.016267720195212644,572,64,203
Wind_proxy,651,758.5164823348695,9379.02,11434.02,0.48677009007440114,0.01371136416453637,572,64,203
PredSched_LLM,651,700.4575883256529,8089.025000000001,10736.01,0.51841782424872,0.0032535440390425285,339,64,203
FIFO,651,1106.2787096774193,3042.0299999999997,11046.04,0.27876969406287233,0.022894521668029435,0,64,204
QSSF_proxy,651,264.852242703533,1019.505,10089.02,0.3052131120174458,0.019078768056691196,360,64,204
RF_SRPT_proxy,651,264.852242703533,1019.505,10089.02,0.3052131120174458,0.019078768056691196,355,64,204
Backfill_FIFO,651,257.1994623655914,1018.005,10089.02,0.3052131120174458,0.019078768056691196,638,64,204
Wind_proxy,651,257.2470814132105,1018.005,10089.02,0.3052131120174458,0.019351321886072498,638,64,204
PredSched_LLM,651,264.852242703533,1019.505,10089.02,0.3052131120174458,0.019078768056691196,355,64,204
FIFO,651,4419.138479262672,10323.03,18889.03,0.34104342738880716,0.02263267429760666,0,64,205
QSSF_proxy,651,756.4486635944701,10014.03,11660.01,0.552484906209343,0.021071800208116546,377,64,205
RF_SRPT_proxy,651,756.4486635944701,10014.03,11660.01,0.552484906209343,0.021071800208116546,369,64,205
Backfill_FIFO,651,755.5120122887865,9402.51,11442.01,0.5630111782151913,0.0036420395421436005,618,64,205
Wind_proxy,651,761.1971274961599,9402.51,11442.01,0.5630111782151913,0.0033818938605619147,618,64,205
PredSched_LLM,651,756.4486635944701,10014.03,11660.01,0.552484906209343,0.02263267429760666,369,64,205
FIFO,651,4877.343210445469,11504.015,19975.02,0.3098192797100454,0.017361111111111112,0,64,206
QSSF_proxy,651,867.2163287250385,9458.5,11445.02,0.5407283087835365,0.016666666666666666,351,64,206
RF_SRPT_proxy,651,867.2163287250385,9458.5,11445.02,0.5407283087835365,0.016666666666666666,341,64,206
Backfill_FIFO,651,849.8686789554532,9404.03,11496.03,0.538328997801306,0.0020833333333333333,562,64,206
Wind_proxy,651,849.8686789554532,9404.03,11496.03,0.538328997801306,0.007407407407407408,562,64,206
PredSched_LLM,651,867.2163287250385,9458.5,11445.02,0.5407283087835365,0.016666666666666666,341,64,206
FIFO,651,2318.334331797235,4930.04,13154.060000000001,0.20781728048697518,0.01972127267946358,0,64,207
QSSF_proxy,651,689.7660061443933,9139.0,10219.02,0.26750519879230106,0.0018406521167499343,325,64,207
RF_SRPT_proxy,651,689.7660061443933,9139.0,10219.02,0.26750519879230106,0.0018406521167499343,319,64,207
Backfill_FIFO,651,689.862396313364,9165.535,10231.02,0.26719144098657804,0.0018406521167499343,559,64,207
Wind_proxy,651,689.862396313364,9165.535,10231.02,0.26719144098657804,0.010255061793321063,559,64,207
PredSched_LLM,651,689.7660061443933,9139.0,10219.02,0.26750519879230106,0.0076255587693925845,319,64,207
FIFO,651,1667.7008294930874,3752.05,12138.05,0.24389099837391512,0.016535044422507403,0,64,208
QSSF_proxy,651,415.86774193548393,1454.0,11183.03,0.26471905492630354,0.01678183613030602,327,64,208
RF_SRPT_proxy,651,415.86774193548393,1454.0,11183.03,0.26471905492630354,0.01678183613030602,323,64,208
Backfill_FIFO,651,402.15076804915515,1454.0,11183.03,0.26471905492630354,0.01678183613030602,577,64,208
Wind_proxy,651,402.2506144393241,1454.0,11183.03,0.26471905492630354,0.015054294175715697,577,64,208
PredSched_LLM,651,415.94302611367135,1454.0,11183.03,0.26471905492630354,0.013820335636722606,323,64,208
FIFO,651,5871.353471582183,14610.545000000002,23059.04,0.20567080792256526,0.005153532316942238,0,64,209
QSSF_proxy,651,567.8769124423964,5301.51,10121.01,0.4685867701660953,0.015245866437620785,328,64,209
RF_SRPT_proxy,651,567.8769124423964,5301.51,10121.01,0.4685867701660953,0.015245866437620785,321,64,209
Backfill_FIFO,651,567.1056374807989,5301.515,10121.01,0.4685867701660951,0.002362035645265192,573,64,209
Wind_proxy,651,575.7554070660524,5301.515,10121.01,0.4685867701660951,0.002362035645265192,573,64,209
PredSched_LLM,651,567.9137788018434,5301.51,10121.01,0.4685867701660953,0.015245866437620785,321,64,209
FIFO,651,2275.1815821812597,7639.049999999999,15748.05,0.42727110459707707,0.003334815473543797,0,64,210
QSSF_proxy,651,846.2111367127497,9345.0,10768.01,0.6248774582072271,0.0011116051578479323,336,64,210
RF_SRPT_proxy,651,846.2111367127497,9345.0,10768.01,0.6248774582072271,0.0011116051578479323,327,64,210
Backfill_FIFO,651,821.162534562212,9400.02,10816.02,0.6221037607872398,0.014450867052023121,576,64,210
Wind_proxy,651,821.1717511520739,9400.02,10816.02,0.6221037607872398,0.016674077367718986,576,64,210
PredSched_LLM,651,846.2111367127497,9345.0,10768.01,0.6248774582072271,0.007114273010226767,327,64,210
FIFO,651,4840.547864823349,9755.04,17489.03,0.37682560421447037,0.007665873645255088,0,64,211
QSSF_proxy,651,802.1474807987712,9340.535,10497.01,0.6278277620841556,0.003965107057890563,354,64,211
RF_SRPT_proxy,651,802.1474807987712,9340.535,10497.01,0.6278277620841556,0.003965107057890563,350,64,211
Backfill_FIFO,651,823.2956221198158,9418.515,10497.01,0.6278277620841556,0.003436426116838488,618,64,211
Wind_proxy,651,823.2956221198158,9418.515,10497.01,0.6278277620841556,0.006344171292624901,618,64,211
PredSched_LLM,651,802.1474807987712,9340.535,10497.01,0.6278277620841556,0.0084588950568332,350,64,211
FIFO,651,3856.84360983103,10736.060000000001,19162.06,0.2480064957297127,0.0062067319169252805,0,64,212
QSSF_proxy,651,788.341029185868,9147.505000000001,10759.0,0.44170604624616633,0.01694915254237288,315,64,212
RF_SRPT_proxy,651,788.341029185868,9147.505000000001,10759.0,0.44170604624616633,0.01694915254237288,305,64,212
Backfill_FIFO,651,787.0342703533026,9166.5,10791.0,0.4403961960487911,0.031272380042969686,539,64,212
Wind_proxy,651,787.1233640552996,9166.5,10791.0,0.4403961960487911,0.02602052995941752,539,64,212
PredSched_LLM,651,788.341029185868,9147.505000000001,10759.0,0.44170604624616633,0.01933635712580568,305,64,212
FIFO,651,1995.0798771121356,5033.030000000001,10689.03,0.1862108113850134,0.002454590083456063,0,64,213
QSSF_proxy,651,311.19903225806456,3125.005,5614.0,0.35454452248285545,0.001718213058419244,350,64,213
RF_SRPT_proxy,651,311.19903225806456,3125.005,5614.0,0.35454452248285545,0.001718213058419244,339,64,213
Backfill_FIFO,651,282.4393855606759,2974.5250000000005,5604.0,0.3551771857992061,0.001718213058419244,582,64,213
Wind_proxy,651,282.4393855606759,2974.5250000000005,5604.0,0.3551771857992061,0.001718213058419244,582,64,213
PredSched_LLM,651,311.19903225806456,3125.005,5614.0,0.35454452248285545,0.002454590083456063,339,64,213
FIFO,651,5510.696129032259,11596.02,20103.02,0.2741687110708366,0.023755370229972202,0,64,214
QSSF_proxy,651,665.8587711213519,8070.005,10221.0,0.5392446024881373,0.018448319433914583,383,64,214
RF_SRPT_proxy,651,665.8587711213519,8070.005,10221.0,0.5392446024881373,0.018448319433914583,377,64,214
Backfill_FIFO,651,673.2209216589863,8067.51,10234.0,0.5385596132530048,0.018701036138488752,598,64,214
Wind_proxy,651,673.2209216589863,8067.51,10234.0,0.5385596132530048,0.018448319433914583,598,64,214
PredSched_LLM,651,665.6990168970815,8070.005,10221.0,0.5392446024881373,0.018701036138488752,377,64,214
FIFO,651,3412.364654377881,7952.545000000001,16462.050000000003,0.35765426555889135,0.006364749082007344,0,64,215
QSSF_proxy,651,785.3980798771122,9229.525000000001,10841.01,0.5430972208626087,0.016891064871481027,377,64,215
RF_SRPT_proxy,651,785.3980798771122,9229.525000000001,10841.01,0.5430972208626087,0.016891064871481027,372,64,215
Backfill_FIFO,651,782.8480030721967,9224.03,10884.01,0.5409515796424069,0.0026927784577723377,609,64,215
Wind_proxy,651,782.7158986175116,9224.03,10884.01,0.5409515796424069,0.0024479804161566705,609,64,215
PredSched_LLM,651,785.3980798771122,9229.525000000001,10841.01,0.5430972208626087,0.016891064871481027,372,64,215
FIFO,651,6250.113241167436,13771.03,22113.03,0.3752863572546367,0.002352387673488591,0,64,216
QSSF_proxy,651,1039.1078494623657,11556.0,13164.0,0.630410093935164,0.016937191249117856,316,64,216
RF_SRPT_proxy,651,1039.1078494623657,11556.0,13164.0,0.630410093935164,0.016937191249117856,309,64,216
Backfill_FIFO,651,966.0748694316434,10668.51,12313.01,0.6739796748774265,0.00258762644083745,514,64,216
Wind_proxy,651,966.0748694316434,10668.51,12313.01,0.6739796748774265,0.00258762644083745,514,64,216
PredSched_LLM,651,1039.1078494623657,11556.0,13164.0,0.630410093935164,0.014114326040931546,309,64,216
FIFO,651,4724.065545314901,10743.535,18749.02,0.33090135240235213,0.003973509933774834,0,64,217
QSSF_proxy,651,685.2381413210445,9110.01,11239.01,0.5520126838768497,0.018278145695364238,352,64,217
RF_SRPT_proxy,651,685.2381413210445,9110.01,11239.01,0.5520126838768497,0.018278145695364238,347,64,217
Backfill_FIFO,651,673.1875729646698,8923.025000000001,11031.03,0.5624203790778152,0.0026490066225165563,565,64,217
Wind_proxy,651,687.4763594470047,9506.025000000001,11614.03,0.5341880530891303,0.011920529801324504,565,64,217
PredSched_LLM,651,685.2872964669739,9110.01,11239.01,0.5520126838768497,0.016158940397350992,347,64,217
FIFO,651,2799.8863287250388,8145.040000000001,16151.04,0.28080477905757145,0.018321826872012746,0,64,218
QSSF_proxy,651,621.7895391705069,8116.040000000001,10098.0,0.4491274726430978,0.018321826872012746,345,64,218
RF_SRPT_proxy,651,621.7895391705069,8116.040000000001,10098.0,0.4491274726430978,0.018321826872012746,343,64,218
Backfill_FIFO,651,616.4528264208909,8114.51,10157.0,0.44651858016638774,0.002124269782262347,625,64,218
Wind_proxy,651,616.4712596006144,8114.51,10157.0,0.44651858016638774,0.009559214020180564,625,64,218
PredSched_LLM,651,621.7895391705069,8116.040000000001,10098.0,0.4491274726430978,0.016463090812533193,343,64,218
FIFO,651,4398.891720430109,7661.52,16167.03,0.22931129574549247,0.005357621216180016,0,64,219
QSSF_proxy,651,610.9692165898617,7872.505,10136.01,0.36575364444749464,0.01982319849986606,351,64,219
RF_SRPT_proxy,651,610.9692165898617,7872.505,10136.01,0.36575364444749464,0.01982319849986606,350,64,219
Backfill_FIFO,651,595.4684792626726,7834.0,10139.04,0.36564434085044045,0.003750334851326011,625,64,219
Wind_proxy,651,595.5391397849461,7834.0,10139.04,0.36564434085044045,0.0032145727297080095,625,64,219
PredSched_LLM,651,610.9692165898617,7872.505,10136.01,0.36575364444749464,0.017680150013394052,350,64,219
FIFO,651,4277.294516129033,10298.560000000001,15926.060000000001,0.24917112316621298,0.0035971223021582736,0,64,220
QSSF_proxy,651,521.1317204301075,5390.0,6946.0,0.5713092798463142,0.0019184652278177458,352,64,220
RF_SRPT_proxy,651,521.1317204301075,5390.0,6946.0,0.5713092798463142,0.0019184652278177458,346,64,220
Backfill_FIFO,651,508.116251920123,5466.060000000001,6960.01,0.5701592753189288,0.002158273381294964,562,64,220
Wind_proxy,651,508.116251920123,5466.060000000001,6960.01,0.5701592753189288,0.0019184652278177458,562,64,220
PredSched_LLM,651,521.1317204301075,5390.0,6946.0,0.5713092798463142,0.0016786570743405275,346,64,220
FIFO,651,2628.662196620584,7682.530000000001,16260.03,0.43735284803825697,0.003297428006155199,0,64,221
QSSF_proxy,651,1245.1435637480802,11554.035,12609.0,0.56399162738421,0.0013189712024620796,341,64,221
RF_SRPT_proxy,651,1245.1435637480802,11554.035,12609.0,0.56399162738421,0.0013189712024620796,336,64,221
Backfill_FIFO,651,1250.4287864823352,11559.005000000001,12816.02,0.5548813461345644,0.0008793141349747197,573,64,221
Wind_proxy,651,1261.983886328725,11566.005000000001,12863.0,0.5528547329306928,0.0008793141349747197,573,64,221
PredSched_LLM,651,1245.2864208909373,11556.035,12611.0,0.5639021829900487,0.003077599472411519,336,64,221
FIFO,651,5124.867910906299,12461.045000000002,20987.04,0.33631249705175204,0.005675954592363261,0,64,222
QSSF_proxy,651,786.9433794162827,9492.51,11538.01,0.6117349376647278,0.0020639834881320948,388,64,222
RF_SRPT_proxy,651,786.9433794162827,9492.51,11538.01,0.6117349376647278,0.0020639834881320948,383,64,222
Backfill_FIFO,651,777.5826267281105,9472.02,11585.04,0.6092515716928901,0.017543859649122806,592,64,222
Wind_proxy,651,777.590307219662,9472.02,11585.04,0.6092515716928901,0.014447884416924664,592,64,222
PredSched_LLM,651,786.9510599078342,9492.51,11538.01,0.6117349376647278,0.006191950464396285,383,64,222
FIFO,651,2986.167403993856,5793.580000000002,14226.080000000002,0.2612021275911037,0.005296100144439095,0,64,223
QSSF_proxy,651,739.006866359447,9154.035,11140.01,0.3335618516752902,0.0045739046701974,348,64,223
RF_SRPT_proxy,651,739.006866359447,9154.035,11140.01,0.3335618516752902,0.0045739046701974,338,64,223
Backfill_FIFO,651,733.618494623656,9139.53,11169.02,0.33269547044246045,0.0045739046701974,572,64,223
Wind_proxy,651,733.618494623656,9139.53,11169.02,0.33269547044246045,0.004333172845450169,572,64,223
PredSched_LLM,651,739.006866359447,9154.035,11140.01,0.3335618516752902,0.0038517091959557053,338,64,223
FIFO,651,3643.9636098310293,9056.53,17220.050000000003,0.38027627247198775,0.022185246810870772,0,64,224
QSSF_proxy,651,689.9402918586791,9252.02,10698.01,0.6121116381253383,0.0036051026067665,347,64,224
RF_SRPT_proxy,651,689.9402918586791,9252.02,10698.01,0.6121116381253383,0.0036051026067665,341,64,224
Backfill_FIFO,651,692.8552534562212,9136.015,10698.01,0.6121116381253383,0.003050471436494731,587,64,224
Wind_proxy,651,692.9075115207373,9136.015,10698.01,0.6121116381253383,0.0036051026067665,587,64,224
PredSched_LLM,651,690.0063440860216,9252.02,10698.01,0.6121116381253383,0.0036051026067665,341,64,224
FIFO,651,3955.704761904762,7643.02,16224.02,0.4324637294155518,0.004989793603991835,0,64,225
QSSF_proxy,651,868.6281259600615,9648.600000000002,11241.01,0.6241699095821911,0.0029485144023588114,346,64,225
RF_SRPT_proxy,651,868.6281259600615,9648.600000000002,11241.01,0.6241699095821911,0.0029485144023588114,343,64,225
Backfill_FIFO,651,849.9466820276498,9371.525000000001,11014.02,0.6370335440931195,0.0029485144023588114,616,64,225
Wind_proxy,651,849.9466820276498,9371.525000000001,11014.02,0.6370335440931195,0.0029485144023588114,616,64,225
PredSched_LLM,651,868.6281259600615,9648.600000000002,11241.01,0.6241699095821911,0.009299160807439328,343,64,225
FIFO,651,2372.3306451612902,4939.530000000001,13358.03,0.16880404316027514,0.003672869735553379,0,64,226
QSSF_proxy,651,449.40697388632884,4596.560000000001,10115.0,0.2229253062438211,0.016405484818805095,261,64,226
RF_SRPT_proxy,651,449.40697388632884,4596.560000000001,10115.0,0.2229253062438211,0.016405484818805095,259,64,226
Backfill_FIFO,651,449.42113671274967,4601.01,10115.0,0.2229253062438211,0.0017140058765915769,383,64,226
Wind_proxy,651,449.42113671274967,4601.01,10115.0,0.2229253062438211,0.0017140058765915769,383,64,226
PredSched_LLM,651,449.40697388632884,4596.560000000001,10115.0,0.2229253062438211,0.016160626836434867,259,64,226
FIFO,651,6495.593870967742,13775.015,21903.010000000002,0.34807952141195425,0.006575486586007364,0,64,227
QSSF_proxy,651,770.3238248847927,9475.025000000001,11723.0,0.6503445567074344,0.0034192530247238295,376,64,227
RF_SRPT_proxy,651,770.3238248847927,9475.025000000001,11723.0,0.6503445567074344,0.0034192530247238295,369,64,227
Backfill_FIFO,651,767.4174193548387,9795.515,12053.0,0.6325387238265371,0.003156233561283535,624,64,227
Wind_proxy,651,767.4174193548387,9795.515,12053.0,0.6325387238265371,0.011309836927932667,624,64,227
PredSched_LLM,651,770.3238248847927,9475.025000000001,11723.0,0.6503445567074344,0.007627564439768543,369,64,227
FIFO,651,3333.318540706606,8679.075,17293.04,0.27636964400670727,0.004981024667931689,0,64,228
QSSF_proxy,651,519.0768970814132,5285.515,10140.01,0.4713280665989235,0.0021347248576850096,352,64,228
RF_SRPT_proxy,651,519.0768970814132,5285.515,10140.01,0.4713280665989235,0.0021347248576850096,349,64,228
Backfill_FIFO,651,521.6220276497696,5311.01,10140.01,0.4713280665989235,0.0021347248576850096,591,64,228
Wind_proxy,651,521.6220276497696,5311.01,10140.01,0.4713280665989235,0.0021347248576850096,591,64,228
PredSched_LLM,651,519.0768970814132,5285.515,10140.01,0.4713280665989235,0.0021347248576850096,349,64,228
FIFO,651,4853.470261136713,12043.52,20048.03,0.2978450503070002,0.0038470786246693916,0,64,229
QSSF_proxy,651,857.8865591397852,10421.02,12453.02,0.4794986681067127,0.0009617696561673479,323,64,229
RF_SRPT_proxy,651,857.8865591397852,10421.02,12453.02,0.4794986681067127,0.0009617696561673479,319,64,229
Backfill_FIFO,651,769.9612288786483,9327.535,11359.050000000001,0.5256783361202084,0.0009617696561673479,537,64,229
Wind_proxy,651,769.9612288786483,9327.535,11359.050000000001,0.5256783361202084,0.0009617696561673479,537,64,229
PredSched_LLM,651,738.8189708141323,8062.02,10094.02,0.5915588144174725,0.002885308968502044,319,64,229
FIFO,651,4037.22579109063,11578.0,20062.0,0.2641914411028935,0.004445484323818437,0,64,230
QSSF_proxy,651,728.4080645161291,8080.5,10257.0,0.516740634825607,0.01731399157697707,323,64,230
RF_SRPT_proxy,651,728.4080645161291,8080.5,10257.0,0.516740634825607,0.01731399157697707,319,64,230
Backfill_FIFO,651,730.2256067588326,8100.530000000001,10422.0,0.5085596518332614,0.0028076743097800653,578,64,230
Wind_proxy,651,730.2256067588326,8100.530000000001,10422.0,0.5085596518332614,0.003275620028076743,578,64,230
PredSched_LLM,651,728.4080645161291,8080.5,10257.0,0.516740634825607,0.01731399157697707,319,64,230
FIFO,651,5065.60817204301,10607.01,18978.010000000002,0.31054299406918845,0.003863134657836645,0,64,231
QSSF_proxy,651,576.6958832565284,6493.0,10129.0,0.5818430296055878,0.018211920529801324,321,64,231
RF_SRPT_proxy,651,576.6958832565284,6493.0,10129.0,0.5818430296055878,0.018211920529801324,311,64,231
Backfill_FIFO,651,579.869385560676,6525.5,10197.0,0.5779629348705503,0.0016556291390728477,534,64,231
Wind_proxy,651,580.0844239631338,6525.5,10197.0,0.5779629348705502,0.002207505518763797,534,64,231
PredSched_LLM,651,576.6958832565284,6493.0,10129.0,0.5818430296055878,0.018211920529801324,311,64,231
FIFO,651,4159.181044546852,9781.02,18284.02,0.35648970855082746,0.003998857469294488,0,64,232
QSSF_proxy,651,749.1015207373272,7322.5,11048.02,0.5899758473407453,0.001713796058269066,324,64,232
RF_SRPT_proxy,651,749.1015207373272,7322.5,11048.02,0.5899758473407453,0.001713796058269066,318,64,232
Backfill_FIFO,651,775.5813671274962,7573.0,11720.070000000002,0.5561455657634724,0.0028563267637817767,582,64,232
Wind_proxy,651,775.5813671274962,7573.0,11720.070000000002,0.5561455657634724,0.003427592116538132,582,64,232
PredSched_LLM,651,749.0277880184332,7320.5,11048.02,0.5899758473407453,0.001999428734647244,318,64,232
FIFO,651,3091.03247311828,8765.05,17306.05,0.23275839816494814,0.0046210720887245845,0,64,233
QSSF_proxy,651,567.6767434715823,5299.015,10155.03,0.3966633753482265,0.0018484288354898336,370,64,233
RF_SRPT_proxy,651,567.6767434715823,5299.015,10155.03,0.3966633753482265,0.0018484288354898336,364,64,233
Backfill_FIFO,651,552.0068202764978,5297.52,10150.03,0.3968587754482007,0.0018484288354898336,588,64,233
Wind_proxy,651,552.0068202764978,5297.52,10150.03,0.3968587754482007,0.0023105360443622922,588,64,233
PredSched_LLM,651,567.6767434715823,5299.015,10155.03,0.3966633753482265,0.0020794824399260627,364,64,233
FIFO,651,4331.37806451613,10108.550000000001,18587.06,0.2073737471794894,0.020613373554550025,0,64,234
QSSF_proxy,651,487.7346543778802,5269.015,10164.0,0.37922749717138926,0.017345399698340876,348,64,234
RF_SRPT_proxy,651,487.7346543778802,5269.015,10164.0,0.37922749717138926,0.017345399698340876,343,64,234
Backfill_FIFO,651,487.89866359447007,5275.505,10164.0,0.37922749717138926,0.017345399698340876,633,64,234
Wind_proxy,651,487.8971274961598,5275.505,10164.0,0.37922749717138926,0.01809954751131222,633,64,234
PredSched_LLM,651,487.7331182795699,5269.015,10164.0,0.37922749717138926,0.016842634489693312,343,64,234
FIFO,651,3130.496912442397,8620.04,16603.050000000003,0.40542786072250275,0.006124852767962308,0,64,235
QSSF_proxy,651,849.1104608294933,10031.515,12034.01,0.5593596019089858,0.001884570082449941,356,64,235
RF_SRPT_proxy,651,849.1104608294933,10031.515,12034.01,0.5593596019089858,0.001884570082449941,347,64,235
Backfill_FIFO,651,832.6439477726576,9815.52,11850.01,0.5680450094952453,0.001884570082449941,558,64,235
Wind_proxy,651,832.6454838709677,9815.52,11850.01,0.5680450094952453,0.001884570082449941,558,64,235
PredSched_LLM,651,849.1104608294933,10031.515,12034.01,0.5593596019089858,0.001884570082449941,347,64,235
FIFO,651,3752.2747004608304,6212.02,14633.02,0.2585174953418707,0.014874141876430207,0,64,236
QSSF_proxy,651,930.8191090629801,9422.560000000001,11166.0,0.33878664514485934,0.0013348588863463006,335,64,236
RF_SRPT_proxy,651,930.8191090629801,9422.560000000001,11166.0,0.33878664514485934,0.0013348588863463006,329,64,236
Backfill_FIFO,651,928.2263748079879,9463.51,11235.03,0.3367050804214585,0.012776506483600306,475,64,236
Wind_proxy,651,928.2263748079879,9463.51,11235.03,0.3367050804214585,0.014302059496567507,475,64,236
PredSched_LLM,651,930.8191090629801,9422.560000000001,11166.0,0.33878664514485934,0.006674294431731503,329,64,236
FIFO,651,1758.6583410138253,4377.52,12858.02,0.19751586552352152,0.003986048829098156,0,64,237
QSSF_proxy,651,228.85554531490018,1025.505,10135.01,0.2505831715231411,0.0171898355754858,342,64,237
RF_SRPT_proxy,651,228.85554531490018,1025.505,10135.01,0.2505831715231411,0.0171898355754858,337,64,237
Backfill_FIFO,651,213.5236251920123,1013.505,10135.0,0.25058341876850027,0.002242152466367713,567,64,237
Wind_proxy,651,214.16276497695856,1013.505,10135.0,0.2505834187685003,0.004235176880916791,567,64,237
PredSched_LLM,651,229.55615975422427,1025.505,10135.01,0.2505831715231412,0.018186347782760338,339,64,237
FIFO,651,2079.8559754224275,4228.550000000001,12217.050000000001,0.19482682820832367,0.006647673314339981,0,64,238
QSSF_proxy,651,681.6144546851,8070.005,10131.02,0.23494269101852533,0.0026115859449192783,380,64,238
RF_SRPT_proxy,651,681.6144546851,8070.005,10131.02,0.23494269101852533,0.0026115859449192783,370,64,238
Backfill_FIFO,651,653.3680491551459,8128.525000000001,10179.04,0.23383434013055263,0.016856600189933523,580,64,238
Wind_proxy,651,653.3680491551459,8128.525000000001,10179.04,0.23383434013055263,0.017806267806267807,580,64,238
PredSched_LLM,651,681.6144546851,8070.005,10131.02,0.23494269101852533,0.008309591642924977,370,64,238
FIFO,651,5405.159278033795,10792.01,19278.010000000002,0.2723972846847263,0.002600404507367813,0,64,239
QSSF_proxy,651,589.7970660522275,4112.0,10166.01,0.5165524702538165,0.001444669170759896,342,64,239
RF_SRPT_proxy,651,589.7970660522275,4112.0,10166.01,0.5165524702538165,0.001444669170759896,334,64,239
Backfill_FIFO,651,568.8153917050693,3960.0,10161.01,0.5168066538784039,0.001444669170759896,618,64,239
Wind_proxy,651,567.7124731182797,3960.0,10161.01,0.5168066538784039,0.001444669170759896,618,64,239
PredSched_LLM,651,589.8216436251921,4112.0,10166.01,0.5165524702538165,0.001444669170759896,334,64,239
FIFO,651,5959.340768049155,12854.060000000001,21417.06,0.22410206002247748,0.00420726306465899,0,64,240
QSSF_proxy,651,606.4192933947772,5901.505,10163.050000000001,0.4722605188034106,0.029007971656333037,352,64,240
RF_SRPT_proxy,651,606.4192933947772,5901.505,10163.050000000001,0.4722605188034106,0.029007971656333037,349,64,240
Backfill_FIFO,651,607.3487557603687,5863.5,10163.050000000001,0.4722605188034106,0.015721877767936227,606,64,240
Wind_proxy,651,607.3487557603687,5863.5,10163.050000000001,0.4722605188034106,0.015721877767936227,606,64,240
PredSched_LLM,651,606.428509984639,5901.505,10163.050000000001,0.4722605188034106,0.029007971656333037,349,64,240
FIFO,651,1173.662565284178,3414.0,12074.0,0.25006196488839655,0.006060606060606061,0,64,241
QSSF_proxy,651,161.2306298003072,680.515,10126.0,0.29816790085547107,0.004329004329004329,322,64,241
RF_SRPT_proxy,651,161.2306298003072,680.515,10126.0,0.29816790085547107,0.004329004329004329,322,64,241
Backfill_FIFO,651,163.319846390169,670.005,10126.0,0.29816790085547107,0.004617604617604618,568,64,241
Wind_proxy,651,163.319846390169,670.005,10126.0,0.29816790085547107,0.004329004329004329,568,64,241
PredSched_LLM,651,161.2306298003072,680.515,10126.0,0.29816790085547107,0.004329004329004329,322,64,241
FIFO,651,5893.693486943165,12944.03,20951.03,0.282142741199657,0.0035594225825588293,0,64,242
QSSF_proxy,651,910.444761904762,8510.53,10107.0,0.5848601004409076,0.0011864741941862765,372,64,242
RF_SRPT_proxy,651,910.444761904762,8510.53,10107.0,0.5848601004409076,0.0011864741941862765,369,64,242
Backfill_FIFO,651,891.6228110599079,8344.545000000002,10173.02,0.5810645251023052,0.0009887284951552303,548,64,242
Wind_proxy,651,891.6228110599079,8344.545000000002,10173.02,0.5810645251023052,0.009096302155428119,548,64,242
PredSched_LLM,651,910.444761904762,8510.53,10107.0,0.5848601004409076,0.007712082262210797,369,64,242
FIFO,651,4859.543271889401,10885.03,19591.04,0.36814993275465463,0.002442002442002442,0,64,243
QSSF_proxy,651,664.2315975422429,4095.0,12536.0,0.5753382305834199,0.0027472527472527475,344,64,243
RF_SRPT_proxy,651,664.2315975422429,4095.0,12536.0,0.5753382305834199,0.0027472527472527475,341,64,243
Backfill_FIFO,651,581.0641013824886,3838.5,11399.01,0.6327251277605468,0.0027472527472527475,595,64,243
Wind_proxy,651,585.2253917050692,3838.5,11399.01,0.6327251277605468,0.0027472527472527475,595,64,243
PredSched_LLM,651,664.3237634408604,4095.0,12536.0,0.5753382305834199,0.0027472527472527475,341,64,243
FIFO,651,4388.72113671275,10451.53,18859.03,0.28851773858464613,0.002629691608893139,0,64,244
QSSF_proxy,651,781.8923655913978,9149.0,11136.01,0.48860989595914545,0.0016734401147501792,331,64,244
RF_SRPT_proxy,651,781.8923655913978,9149.0,11136.01,0.48860989595914545,0.0016734401147501792,323,64,244
Backfill_FIFO,651,779.8238095238096,9140.025000000001,11164.04,0.48738312362728914,0.0016734401147501792,557,64,244
Wind_proxy,651,779.8238095238096,9140.025000000001,11164.04,0.48738312362728914,0.0014343772412144394,557,64,244
PredSched_LLM,651,781.8923655913978,9149.0,11136.01,0.48860989595914545,0.0016734401147501792,323,64,244
FIFO,651,7130.612857142858,13044.04,21672.04,0.31632846310124707,0.006744487678339819,0,64,245
QSSF_proxy,651,783.8884639016899,9136.02,11159.02,0.6143445486672442,0.0028534370946822307,345,64,245
RF_SRPT_proxy,651,783.8884639016899,9136.02,11159.02,0.6143445486672442,0.0028534370946822307,341,64,245
Backfill_FIFO,651,784.1417357910907,9133.03,11215.02,0.6112769398065051,0.01841763942931258,625,64,245
Wind_proxy,651,784.1417357910907,9133.03,11215.02,0.6112769398065051,0.018158236057068743,625,64,245
PredSched_LLM,651,783.8884639016899,9136.02,11159.02,0.6143445486672442,0.0028534370946822307,341,64,245
FIFO,651,4362.384362519202,10665.52,18791.02,0.3229631365307737,0.0054219707685054215,0,64,246
QSSF_proxy,651,859.8026574500768,10456.5,12484.0,0.48612678290712114,0.0011786892975011788,335,64,246
RF_SRPT_proxy,651,859.8026574500768,10456.5,12484.0,0.48612678290712114,0.0011786892975011788,330,64,246
Backfill_FIFO,651,858.3940860215055,10491.005000000001,12540.0,0.4839558818032297,0.015322960867515324,539,64,246
Wind_proxy,651,858.3940860215055,10491.005000000001,12540.0,0.4839558818032297,0.013201320132013201,539,64,246
PredSched_LLM,651,859.8026574500768,10456.5,12484.0,0.48612678290712114,0.00825082508250825,330,64,246
FIFO,651,5033.301920122888,12731.03,21251.03,0.3185153113754956,0.004102844638949671,0,64,247
QSSF_proxy,651,697.3945775729647,8353.0,11371.0,0.5952667696332778,0.002461706783369803,376,64,247
RF_SRPT_proxy,651,697.3945775729647,8353.0,11371.0,0.5952667696332778,0.002461706783369803,367,64,247
Backfill_FIFO,651,663.4021505376345,7561.0,11378.03,0.594898979656408,0.0019146608315098468,377,64,247
Wind_proxy,651,663.4006144393242,7561.0,11378.03,0.594898979656408,0.0019146608315098468,377,64,247
PredSched_LLM,651,697.4237634408603,8353.0,11371.0,0.5952667696332778,0.004923413566739606,367,64,247
FIFO,651,6855.929892473118,14761.510000000002,23351.010000000002,0.3688330483014974,0.02361995753715499,0,64,248
QSSF_proxy,651,850.9150844854072,10249.505000000001,12510.03,0.6884575176253572,0.003980891719745223,385,64,248
RF_SRPT_proxy,651,850.9150844854072,10249.505000000001,12510.03,0.6884575176253572,0.003980891719745223,378,64,248
Backfill_FIFO,651,827.74356374808,10284.035,12538.04,0.686919502507469,0.019904458598726114,560,64,248
Wind_proxy,651,827.7742857142858,10284.035,12538.04,0.686919502507469,0.020700636942675158,560,64,248
PredSched_LLM,651,850.9150844854072,10249.505000000001,12510.03,0.6884575176253572,0.007696390658174098,378,64,248
FIFO,651,1400.6244086021507,3747.01,9374.01,0.25932389085287405,0.003796203796203796,0,64,249
QSSF_proxy,651,275.9672964669739,1271.5,6216.0,0.39107219210002414,0.0013986013986013986,330,64,249
RF_SRPT_proxy,651,275.9672964669739,1271.5,6216.0,0.39107219210002414,0.0013986013986013986,322,64,249
Backfill_FIFO,651,275.708509984639,1271.5,6216.0,0.39107219210002414,0.0013986013986013986,567,64,249
Wind_proxy,651,275.708509984639,1271.5,6216.0,0.39107219210002414,0.000999000999000999,567,64,249
PredSched_LLM,651,275.9672964669739,1271.5,6216.0,0.39107219210002414,0.001998001998001998,322,64,249
FIFO,651,3062.590937019969,8216.575,13836.07,0.3692687999441858,0.005997001499250375,0,64,250
QSSF_proxy,651,547.5813210445467,5248.065000000001,7323.02,0.6976942524865087,0.004497751124437781,351,64,250
RF_SRPT_proxy,651,547.5813210445467,5248.065000000001,7323.02,0.6976942524865087,0.004497751124437781,346,64,250
Backfill_FIFO,651,537.1884946236559,5286.545000000001,7335.030000000001,0.6965518838837403,0.005247376311844078,565,64,250
Wind_proxy,651,537.1884946236559,5286.545000000001,7335.030000000001,0.6965518838837403,0.005247376311844078,565,64,250
PredSched_LLM,651,547.5813210445467,5248.065000000001,7323.02,0.6976942524865087,0.004497751124437781,346,64,250
FIFO,651,617.059416282642,1123.55,10115.0,0.15490624034540285,0.005132991133924405,0,64,251
QSSF_proxy,651,249.90172043010756,622.0,10148.02,0.15440220073410876,0.005366308912739151,328,64,251
RF_SRPT_proxy,651,249.90172043010756,622.0,10148.02,0.15440220073410876,0.005366308912739151,318,64,251
Backfill_FIFO,651,220.80804915514594,609.01,10138.02,0.1545545008881172,0.005832944470368642,630,64,251
Wind_proxy,651,226.2488632872504,615.505,10138.02,0.15455450088811726,0.005832944470368642,630,64,251
PredSched_LLM,651,252.26596006144396,633.0,10148.02,0.15440220073410876,0.005832944470368642,319,64,251
FIFO,651,2110.296943164363,6503.04,14565.04,0.3572644266038748,0.004259346900141978,0,64,252
QSSF_proxy,651,680.8711367127496,8069.02,10068.0,0.5168425371536058,0.01585423568386181,207,64,252
RF_SRPT_proxy,651,680.8711367127496,8069.02,10068.0,0.5168425371536058,0.01585423568386181,200,64,252
Backfill_FIFO,651,680.469846390169,8058.51,10124.01,0.5139831612239124,0.015617605300520587,287,64,252
Wind_proxy,651,679.7893548387096,8058.51,10124.01,0.5139831612239124,0.011831519167061051,287,64,252
PredSched_LLM,651,680.8711367127496,8069.02,10068.0,0.5168425371536058,0.013014671083767155,200,64,252
FIFO,651,3536.021259600615,9273.515,17614.010000000002,0.34197986476744935,0.004671613080516625,0,64,253
QSSF_proxy,651,679.172104454685,8326.005000000001,11106.0,0.5423768015318298,0.01731244847485573,367,64,253
RF_SRPT_proxy,651,679.1721044546849,8326.005000000001,11106.0,0.5423768015318298,0.01731244847485573,356,64,253
Backfill_FIFO,651,651.938325652842,7207.5,11126.02,0.5414008565338279,0.017587249244297883,566,64,253
Wind_proxy,651,651.9460061443934,7207.5,11126.02,0.5414008565338279,0.021984061555372355,566,64,253
PredSched_LLM,651,679.1936098310291,8326.005000000001,11106.0,0.5423768015318298,0.017037647705413574,356,64,253
FIFO,651,4729.589539170507,11943.53,19946.03,0.27361448834523705,0.002896451846488052,0,64,254
QSSF_proxy,651,689.5532258064518,8101.045000000001,10093.0,0.5407235502792779,0.0024137098720733766,342,64,254
RF_SRPT_proxy,651,689.5532258064518,8101.045000000001,10093.0,0.5407235502792779,0.0024137098720733766,333,64,254
Backfill_FIFO,651,687.7203686635946,8104.51,10149.01,0.537739424137798,0.0024137098720733766,542,64,254
Wind_proxy,651,687.7111520737328,8104.51,10149.01,0.537739424137798,0.010137581462708182,542,64,254
PredSched_LLM,651,689.54400921659,8101.045000000001,10093.0,0.5407235502792779,0.009172097513878832,333,64,254
FIFO,651,2243.0372350230414,5224.050000000001,13735.03,0.30351202420471596,0.0029411764705882353,0,64,255
QSSF_proxy,651,725.8117818740402,9136.525000000001,10764.03,0.3872849441902801,0.01715686274509804,366,64,255
RF_SRPT_proxy,651,725.8117818740402,9136.525000000001,10764.03,0.3872849441902801,0.01715686274509804,361,64,255
Backfill_FIFO,651,705.6750076804916,9158.550000000001,10793.04,0.3862439829568407,0.0024509803921568627,573,64,255
Wind_proxy,651,705.6750076804916,9158.550000000001,10793.04,0.3862439829568407,0.006372549019607843,573,64,255
PredSched_LLM,651,725.8117818740402,9136.525000000001,10764.03,0.3872849441902801,0.013235294117647059,361,64,255
FIFO,651,5046.99251920123,11632.050000000001,20087.050000000003,0.2529747000788444,0.020124580737901295,0,64,256
QSSF_proxy,651,774.6654224270353,9161.525000000001,11157.02,0.4554545433474845,0.0014374700527072352,311,64,256
RF_SRPT_proxy,651,774.6654224270353,9161.525000000001,11157.02,0.4554545433474845,0.0014374700527072352,305,64,256
Backfill_FIFO,651,775.3333947772658,9173.515,11215.04,0.45309829026189385,0.0011978917105893627,580,64,256
Wind_proxy,651,775.334930875576,9173.515,11215.04,0.45309829026189385,0.0011978917105893627,580,64,256
PredSched_LLM,651,774.6654224270353,9161.525000000001,11157.02,0.4554545433474845,0.0014374700527072352,305,64,256
FIFO,651,2537.919907834101,7760.035000000001,16154.03,0.38643955181965434,0.006998880179171333,0,64,257
QSSF_proxy,651,623.4191551459295,6213.5,10184.02,0.6129756337164745,0.005319148936170213,330,64,257
RF_SRPT_proxy,651,623.4191551459295,6213.5,10184.02,0.6129756337164745,0.005319148936170213,323,64,257
Backfill_FIFO,651,628.1382949308756,6215.005,11257.02,0.5545478388846472,0.005039193729003359,597,64,257
Wind_proxy,651,628.1382949308756,6215.005,11257.02,0.5545478388846472,0.005039193729003359,597,64,257
PredSched_LLM,651,623.4191551459295,6213.5,10184.02,0.6129756337164745,0.005319148936170213,323,64,257
FIFO,651,4489.59984639017,8039.040000000001,16482.03,0.37467249132464264,0.005989654233596515,0,64,258
QSSF_proxy,651,724.4623655913979,8328.005000000001,11092.0,0.5567402850872254,0.002722570106180234,353,64,258
RF_SRPT_proxy,651,724.4623655913979,8328.005000000001,11092.0,0.5567402850872254,0.002722570106180234,348,64,258
Backfill_FIFO,651,721.5266359447005,8210.01,10980.01,0.5624187265938284,0.0029948271167982575,595,64,258
Wind_proxy,651,721.5297081413211,8210.01,10980.01,0.5624187265938284,0.0029948271167982575,595,64,258
PredSched_LLM,651,724.468509984639,8328.005000000001,11092.0,0.5567402850872254,0.002722570106180234,348,64,258
FIFO,651,5281.220814132104,11758.03,20216.03,0.20862735633708748,0.00641025641025641,0,64,259
QSSF_proxy,651,508.7533486943165,5278.015,10127.0,0.4164724888447962,0.0014245014245014246,357,64,259
RF_SRPT_proxy,651,508.7533486943165,5278.015,10127.0,0.4164724888447962,0.0014245014245014246,346,64,259
Backfill_FIFO,651,509.74870967741947,5275.530000000001,10127.0,0.4164724888447961,0.01566951566951567,592,64,259
Wind_proxy,651,509.90385560675895,5275.530000000001,10127.0,0.4164724888447961,0.01590693257359924,592,64,259
PredSched_LLM,651,508.7548847926268,5278.015,10127.0,0.4164724888447962,0.0014245014245014246,346,64,259
FIFO,651,3740.0622734255,6976.030000000001,15575.03,0.28265917665969187,0.005788712011577424,0,64,260
QSSF_proxy,651,612.0042242703533,6629.0,11159.0,0.3945178919482032,0.0034732272069464545,346,64,260
RF_SRPT_proxy,651,612.0042242703533,6629.0,11159.0,0.3945178919482032,0.0034732272069464545,336,64,260
Backfill_FIFO,651,608.836712749616,6629.0,11192.02,0.39335393934696355,0.004052098408104197,556,64,260
Wind_proxy,651,608.836712749616,6629.0,11192.02,0.39335393934696355,0.008683068017366137,556,64,260
PredSched_LLM,651,612.0042242703533,6629.0,11159.0,0.3945178919482032,0.006078147612156295,336,64,260
FIFO,651,2630.290890937021,6376.540000000001,14746.050000000001,0.20104119911561058,0.005302226935312832,0,64,261
QSSF_proxy,651,673.3233026113672,9151.535,11138.0,0.26616659851129015,0.0021208907741251328,323,64,261
RF_SRPT_proxy,651,673.3233026113672,9151.535,11138.0,0.26616659851129015,0.0021208907741251328,319,64,261
Backfill_FIFO,651,671.6254838709679,9142.525000000001,11201.02,0.2646690724790018,0.0021208907741251328,565,64,261
Wind_proxy,651,671.6254838709679,9142.525000000001,11201.02,0.2646690724790018,0.00503711558854719,565,64,261
PredSched_LLM,651,673.3233026113672,9151.535,11138.0,0.26616659851129015,0.007423117709437964,319,64,261
FIFO,651,6486.204239631336,16921.03,25301.03,0.3566503386608668,0.003367813326918451,0,64,262
QSSF_proxy,651,1029.7969431643623,10491.025000000001,12540.02,0.719585847388501,0.0014433485686793362,359,64,262
RF_SRPT_proxy,651,1029.7969431643623,10491.025000000001,12540.02,0.719585847388501,0.0014433485686793362,354,64,262
Backfill_FIFO,651,1034.5281874039938,10488.01,12945.02,0.6970727675947005,0.0014433485686793362,633,64,262
Wind_proxy,651,1034.5281874039938,10488.01,12945.02,0.6970727675947005,0.0012027904738994466,633,64,262
PredSched_LLM,651,1037.8306912442395,10695.025000000001,12744.02,0.7080670712984403,0.0031272552321385616,354,64,262
FIFO,651,2433.8017818740404,5374.050000000001,13326.04,0.23161406838368714,0.01894484412470024,0,64,263
QSSF_proxy,651,716.4491705069125,8095.045000000001,9707.0,0.31796624496175435,0.003357314148681055,344,64,263
RF_SRPT_proxy,651,716.4491705069125,8095.045000000001,9707.0,0.31796624496175435,0.003357314148681055,336,64,263
Backfill_FIFO,651,700.298494623656,8116.540000000001,9744.01,0.3167585357408037,0.003117505995203837,537,64,263
Wind_proxy,651,700.298494623656,8116.540000000001,9744.01,0.3167585357408037,0.005515587529976019,537,64,263
PredSched_LLM,651,716.4491705069125,8095.045000000001,9707.0,0.31796624496175435,0.004796163069544364,336,64,263
FIFO,651,3940.189354838711,9142.04,17449.04,0.30677184080578357,0.00631578947368421,0,64,264
QSSF_proxy,651,696.2122734254992,8091.505,10147.0,0.5275326816885533,0.0032748538011695906,347,64,264
RF_SRPT_proxy,651,696.2122734254992,8091.505,10147.0,0.5275326816885533,0.0032748538011695906,342,64,264
Backfill_FIFO,651,695.8519662058372,8099.040000000001,10147.0,0.5275326816885533,0.0032748538011695906,593,64,264
Wind_proxy,651,695.8488940092167,8099.040000000001,10147.0,0.5275326816885533,0.0032748538011695906,593,64,264
PredSched_LLM,651,696.2092012288787,8091.505,10147.0,0.5275326816885533,0.0032748538011695906,342,64,264
FIFO,651,2324.446190476191,7453.02,15958.02,0.28040280892068686,0.006424581005586592,0,64,265
QSSF_proxy,651,643.5154531490016,8874.555,11176.01,0.40038203552184537,0.01983240223463687,337,64,265
RF_SRPT_proxy,651,643.5154531490016,8874.555,11176.01,0.40038203552184537,0.01983240223463687,333,64,265
Backfill_FIFO,651,635.7899078341014,8914.025000000001,11192.02,0.3998092956242484,0.002793296089385475,614,64,265
Wind_proxy,651,635.7991244239632,8914.025000000001,11192.02,0.3998092956242484,0.007262569832402235,614,64,265
PredSched_LLM,651,643.5108448540708,8874.555,11176.01,0.40038203552184537,0.014804469273743017,333,64,265
FIFO,651,1899.0375729646696,5779.53,14283.029999999999,0.5462599084477348,0.00616370808678501,0,64,266
QSSF_proxy,651,366.47124423963135,2129.0,13178.0,0.5920660692181098,0.0017258382642998027,362,64,266
RF_SRPT_proxy,651,366.47124423963135,2129.0,13178.0,0.5920660692181098,0.0017258382642998027,357,64,266
Backfill_FIFO,651,436.6219662058372,3006.505,13532.0,0.5765774948386233,0.0019723865877712033,591,64,266
Wind_proxy,651,436.0874039938556,2937.005,13532.0,0.5765774948386233,0.0019723865877712033,591,64,266
PredSched_LLM,651,366.44666666666666,2129.0,13178.0,0.5920660692181098,0.0022189349112426036,357,64,266
FIFO,651,2468.5451920122896,7410.02,15839.02,0.36347309228254016,0.006275100401606426,0,64,267
QSSF_proxy,651,558.2419815668203,5327.505,10411.01,0.5529778165735121,0.0017570281124497991,347,64,267
RF_SRPT_proxy,651,558.2419815668203,5327.505,10411.01,0.5529778165735121,0.0017570281124497991,343,64,267
Backfill_FIFO,651,557.1844546850999,5297.505,10972.01,0.5247040039268102,0.0017570281124497991,637,64,267
Wind_proxy,651,558.2674039938556,5297.505,10972.01,0.5247040039268102,0.0017570281124497991,637,64,267
PredSched_LLM,651,558.2419815668203,5327.505,10411.01,0.5529778165735121,0.0017570281124497991,343,64,267
FIFO,651,2526.640030721967,6266.005,14361.01,0.23503729673261142,0.0034204739799657954,0,64,268
QSSF_proxy,651,668.9459907834101,8102.01,10077.0,0.33495811935595904,0.0017102369899828977,362,64,268
RF_SRPT_proxy,651,668.9459907834101,8102.01,10077.0,0.33495811935595904,0.0017102369899828977,355,64,268
Backfill_FIFO,651,650.0982027649769,8091.02,10137.0,0.33297553208542957,0.016369411189836307,578,64,268
Wind_proxy,651,650.0982027649769,8091.02,10137.0,0.33297553208542957,0.015147813339848522,578,64,268
PredSched_LLM,651,668.9352380952381,8102.01,10077.0,0.33495811935595904,0.006596628389934034,355,64,268
FIFO,651,1347.8061443932413,3575.04,11863.04,0.3551586366800795,0.003357314148681055,0,64,269
QSSF_proxy,651,306.8725192012289,800.505,11172.01,0.3771265075202448,0.0016786570743405275,330,64,269
RF_SRPT_proxy,651,306.8725192012289,800.505,11172.01,0.3771265075202448,0.0016786570743405275,326,64,269
Backfill_FIFO,651,296.6650844854071,753.0,11172.01,0.3771265075202448,0.0016786570743405275,577,64,269
Wind_proxy,651,296.8478801843318,753.0,11172.01,0.3771265075202448,0.0026378896882494006,577,64,269
PredSched_LLM,651,307.07995391705066,800.505,11172.01,0.3771265075202448,0.005995203836930456,326,64,269
FIFO,651,1779.111167434716,4613.030000000001,12631.03,0.2660552245887707,0.006076810889645114,0,64,270
QSSF_proxy,651,652.734178187404,8068.01,10078.0,0.33345420950957533,0.0021876519202722413,306,64,270
RF_SRPT_proxy,651,652.734178187404,8068.01,10078.0,0.33345420950957533,0.0021876519202722413,303,64,270
Backfill_FIFO,651,651.5974193548387,8082.515,10106.04,0.3325290146721663,0.0021876519202722413,459,64,270
Wind_proxy,651,651.5974193548387,8082.515,10106.04,0.3325290146721663,0.0021876519202722413,459,64,270
PredSched_LLM,651,652.7357142857143,8068.01,10078.0,0.33345420950957533,0.0021876519202722413,303,64,270
FIFO,651,6097.71895545315,12295.5,17509.0,0.22950199607166313,0.0070213340534701595,0,64,271
QSSF_proxy,651,466.6584792626728,5235.505,6922.01,0.5805178624732916,0.03672697812584391,353,64,271
RF_SRPT_proxy,651,466.6584792626728,5235.505,6922.01,0.5805178624732916,0.03672697812584391,347,64,271
Backfill_FIFO,651,444.9710752688172,5091.01,6971.01,0.5764373382363173,0.004320820955981636,606,64,271
Wind_proxy,651,443.4441935483871,5091.01,6971.01,0.5764373382363173,0.010802052389954091,606,64,271
PredSched_LLM,651,466.6538709677419,5235.505,6922.01,0.5805178624732916,0.03051579800162031,347,64,271
FIFO,651,2177.7422734255,5141.02,13073.02,0.23879479872955903,0.006019744762822056,0,64,272
QSSF_proxy,651,700.4716282642089,8123.01,10091.0,0.30936172625978586,0.004575006019744763,341,64,272
RF_SRPT_proxy,651,700.4716282642089,8123.01,10091.0,0.30936172625978586,0.004575006019744763,340,64,272
Backfill_FIFO,651,696.3553456221198,8136.030000000001,10164.0,0.30713982484135177,0.004575006019744763,563,64,272
Wind_proxy,651,696.3553456221198,8136.030000000001,10164.0,0.30713982484135177,0.010594750782566819,563,64,272
PredSched_LLM,651,700.4716282642089,8123.01,10091.0,0.30936172625978586,0.011317120154105466,340,64,272
FIFO,651,3723.389585253457,9536.04,17559.04,0.311582496065773,0.006187785848802798,0,64,273
QSSF_proxy,651,690.0867281105991,9531.590000000002,11162.0,0.4901531546065896,0.0026903416733925207,311,64,273
RF_SRPT_proxy,651,690.0867281105991,9531.590000000002,11162.0,0.4901531546065896,0.0026903416733925207,302,64,273
Backfill_FIFO,651,678.8284178187405,9346.580000000002,11003.01,0.4972357120205065,0.0191014258810869,543,64,273
Wind_proxy,651,678.8913978494625,9346.580000000002,11003.01,0.4972357120205065,0.01694915254237288,543,64,273
PredSched_LLM,651,690.0867281105991,9531.590000000002,11162.0,0.4901531546065896,0.009685230024213076,302,64,273
FIFO,651,3160.051121351767,5016.02,13453.02,0.1879036326508844,0.007799574568659891,0,64,274
QSSF_proxy,651,487.9186635944701,4716.0,10166.01,0.24865914238968884,0.002599858189553297,354,64,274
RF_SRPT_proxy,651,487.9186635944701,4716.0,10166.01,0.24865914238968884,0.002599858189553297,348,64,274
Backfill_FIFO,651,487.8848847926268,4756.525000000001,10166.01,0.24865914238968878,0.002599858189553297,638,64,274
Wind_proxy,651,487.8848847926268,4756.525000000001,10166.01,0.24865914238968878,0.0028362089340581422,638,64,274
PredSched_LLM,651,487.9186635944701,4716.0,10166.01,0.24865914238968884,0.0028362089340581422,348,64,274
FIFO,651,4846.123010752688,9254.07,17151.07,0.1987353538201261,0.01717791411042945,0,64,275
QSSF_proxy,651,639.189247311828,8034.035000000001,10089.03,0.33784456631051246,0.017668711656441717,312,64,275
RF_SRPT_proxy,651,639.189247311828,8034.035000000001,10089.03,0.33784456631051246,0.017668711656441717,306,64,275
Backfill_FIFO,651,632.484024577573,8055.055000000001,10154.04,0.33568155776850883,0.017668711656441717,551,64,275
Wind_proxy,651,632.484024577573,8055.055000000001,10154.04,0.33568155776850883,0.018650306748466256,551,64,275
PredSched_LLM,651,639.189247311828,8034.035000000001,10089.03,0.33784456631051246,0.01717791411042945,306,64,275
FIFO,651,3327.8553456221207,8201.025000000001,13357.02,0.239198220123669,0.004526091586794462,0,64,276
QSSF_proxy,651,423.78952380952387,4509.005,6893.01,0.46350946976085183,0.003727369542066028,350,64,276
RF_SRPT_proxy,651,423.78952380952387,4509.005,6893.01,0.46350946976085183,0.003727369542066028,350,64,276
Backfill_FIFO,651,420.4838402457758,4526.51,6914.01,0.4621016472577057,0.0029286474973375934,561,64,276
Wind_proxy,651,420.4807680491552,4526.51,6914.01,0.4621016472577057,0.010383386581469648,561,64,276
PredSched_LLM,651,423.78952380952387,4509.005,6893.01,0.46350946976085183,0.005857294994675187,350,64,276
FIFO,651,5303.472411674348,11594.02,20031.02,0.25079220975922595,0.0061823802163833074,0,64,277
QSSF_proxy,651,882.2708294930876,9754.015,11208.01,0.44821728117045345,0.001987193640980349,357,64,277
RF_SRPT_proxy,651,882.2708294930876,9754.015,11208.01,0.44821728117045345,0.001987193640980349,352,64,277
Backfill_FIFO,651,854.8898924731184,9764.03,11239.03,0.4469801904195694,0.015235151247516008,561,64,277
Wind_proxy,651,854.8975729646698,9764.03,11239.03,0.4469801904195694,0.014793552660631487,561,64,277
PredSched_LLM,651,882.2800460829494,9754.015,11208.01,0.44821728117045345,0.006403179509825568,352,64,277
FIFO,651,2446.6469431643627,5833.110000000001,13948.11,0.21625339578937577,0.005423553719008265,0,64,278
QSSF_proxy,651,643.3286635944702,8048.025000000001,10068.04,0.29959417645775643,0.0010330578512396695,338,64,278
RF_SRPT_proxy,651,643.3286635944702,8048.025000000001,10068.04,0.29959417645775643,0.0010330578512396695,333,64,278
Backfill_FIFO,651,636.9882334869433,8045.550000000001,10090.04,0.29894095091236006,0.0010330578512396695,558,64,278
Wind_proxy,651,636.9882334869433,8045.550000000001,10090.04,0.29894095091236006,0.0010330578512396695,558,64,278
PredSched_LLM,651,643.3286635944702,8048.025000000001,10068.04,0.29959417645775643,0.0012913223140495868,333,64,278
FIFO,651,2457.8431336405533,7050.554999999999,12677.05,0.3724602095297209,0.0055147058823529415,0,64,279
QSSF_proxy,651,428.7036559139786,5237.540000000001,6934.01,0.6809474891467926,0.0026260504201680674,356,64,279
RF_SRPT_proxy,651,428.7036559139786,5237.540000000001,6934.01,0.6809474891467926,0.0026260504201680674,348,64,279
Backfill_FIFO,651,436.45689708141333,5292.525000000001,6945.01,0.6798689561597105,0.0026260504201680674,578,64,279
Wind_proxy,651,436.4584331797236,5292.525000000001,6945.01,0.6798689561597105,0.0026260504201680674,578,64,279
PredSched_LLM,651,428.7051920122889,5237.540000000001,6934.01,0.6809474891467926,0.0026260504201680674,348,64,279
FIFO,651,1489.5724731182797,3381.54,11890.04,0.25809319547863163,0.0077474892395982785,0,64,280
QSSF_proxy,651,205.24970814132104,852.0,10130.0,0.3029356779830948,0.00430416068866571,360,64,280
RF_SRPT_proxy,651,205.24970814132104,852.0,10130.0,0.3029356779830948,0.00430416068866571,355,64,280
Backfill_FIFO,651,189.75502304147463,852.0,10125.0,0.30308527584876543,0.021520803443328552,480,64,280
Wind_proxy,651,189.83645161290323,852.0,10125.0,0.30308527584876543,0.022094691535150646,480,64,280
PredSched_LLM,651,205.3311213517665,852.0,10130.0,0.3029356779830948,0.005738880918220947,355,64,280
FIFO,651,5293.447004608296,11271.04,19844.050000000003,0.2937438878876791,0.004625346901017576,0,64,281
QSSF_proxy,651,913.6962211981566,9712.505000000001,11332.01,0.514389627121535,0.004625346901017576,353,64,281
RF_SRPT_proxy,651,913.6962211981566,9712.505000000001,11332.01,0.514389627121535,0.004625346901017576,351,64,281
Backfill_FIFO,651,906.6415053763438,9745.525000000001,11378.050000000001,0.5123082073323201,0.0018501387604070306,573,64,281
Wind_proxy,651,906.7920430107525,9745.525000000001,11378.050000000001,0.5123082073323201,0.008094357076780759,573,64,281
PredSched_LLM,651,910.8728725038402,9726.505000000001,11346.01,0.5137549145856126,0.00971322849213691,351,64,281
FIFO,651,5279.836543778802,11705.01,20187.010000000002,0.3399533501834843,0.0216515609264854,0,64,282
QSSF_proxy,651,836.6343625192012,9368.535,10987.0,0.6246146973411761,0.0022658610271903325,301,64,282
RF_SRPT_proxy,651,836.6343625192012,9368.535,10987.0,0.6246146973411761,0.0022658610271903325,296,64,282
Backfill_FIFO,651,828.6181259600614,9375.035,11052.02,0.620940034463157,0.003272910372608258,451,64,282
Wind_proxy,651,828.6181259600614,9375.035,11052.02,0.620940034463157,0.003272910372608258,451,64,282
PredSched_LLM,651,836.6343625192012,9368.535,10987.0,0.6246146973411761,0.00931520644511581,296,64,282
FIFO,651,5165.330998463903,11790.53,20478.03,0.3718658064581896,0.004564016334374249,0,64,283
QSSF_proxy,651,1011.1969892473122,11575.005000000001,13173.02,0.5780814984434095,0.002161902474177276,367,64,283
RF_SRPT_proxy,651,1011.1969892473122,11575.005000000001,13173.02,0.5780814984434095,0.002161902474177276,363,64,283
Backfill_FIFO,651,990.2796774193553,11012.035,12640.02,0.6024578395148902,0.0012010569300984868,598,64,283
Wind_proxy,651,990.2796774193553,11012.035,12640.02,0.6024578395148902,0.0055248618784530384,598,64,283
PredSched_LLM,651,1064.891305683564,11575.005000000001,13173.02,0.5780814984434095,0.006005284650492433,363,64,283
FIFO,651,3279.7678187403994,8990.060000000001,17449.06,0.26133596388931557,0.004727116458960034,0,64,284
QSSF_proxy,651,792.6719047619048,8640.135000000002,10138.02,0.44979857152210223,0.014181349376880103,343,64,284
RF_SRPT_proxy,651,792.6719047619048,8640.135000000002,10138.02,0.44979857152210223,0.014181349376880103,342,64,284
Backfill_FIFO,651,791.6990476190477,8605.085000000003,10148.02,0.4493553337559939,0.039965620971207566,592,64,284
Wind_proxy,651,791.6990476190477,8605.085000000003,10148.02,0.4493553337559939,0.039965620971207566,592,64,284
PredSched_LLM,651,792.6719047619048,8640.135000000002,10138.02,0.44979857152210223,0.01461108723678556,342,64,284
FIFO,651,5401.360368663594,11460.51,20092.010000000002,0.2862617248100115,0.005859375,0,64,285
QSSF_proxy,651,840.7263440860216,8504.01,10281.01,0.5594366154200803,0.002170138888888889,357,64,285
RF_SRPT_proxy,651,840.7263440860216,8504.01,10281.01,0.5594366154200803,0.002170138888888889,350,64,285
Backfill_FIFO,651,822.8998003072198,8085.015,10716.01,0.536727143545032,0.002170138888888889,625,64,285
Wind_proxy,651,823.0088632872506,8085.015,10721.01,0.5364768279760954,0.001953125,625,64,285
PredSched_LLM,651,840.7263440860216,8504.01,10281.01,0.5594366154200803,0.002170138888888889,350,64,285
FIFO,651,3337.7129800307225,8934.050000000001,17629.050000000003,0.3201672397176109,0.005091103965702036,0,64,286
QSSF_proxy,651,626.9664516129033,7691.005,10789.01,0.5231475619490343,0.01929260450160772,349,64,286
RF_SRPT_proxy,651,626.9664516129033,7691.005,10789.01,0.5231475619490343,0.01929260450160772,343,64,286
Backfill_FIFO,651,632.0435944700462,7702.065000000001,10977.01,0.5141877685584464,0.01929260450160772,589,64,286
Wind_proxy,651,632.0589554531491,7702.065000000001,10977.01,0.5141877685584464,0.01929260450160772,589,64,286
PredSched_LLM,651,626.9664516129033,7691.005,10789.01,0.5231475619490343,0.019560557341907824,343,64,286
FIFO,651,2917.7427649769593,6006.02,15496.02,0.26672383179882647,0.0031179138321995466,0,64,287
QSSF_proxy,651,514.3667741935484,3960.0,10121.0,0.4083744523299329,0.0036848072562358277,267,64,287
RF_SRPT_proxy,651,514.3667741935484,3960.0,10121.0,0.4083744523299329,0.0036848072562358277,266,64,287
Backfill_FIFO,651,515.4326881720431,3960.0,10258.0,0.4029204359554738,0.003401360544217687,378,64,287
Wind_proxy,651,515.6339170506914,3960.0,10377.0,0.39829987780969933,0.003401360544217687,378,64,287
PredSched_LLM,651,514.3667741935484,3960.0,10121.0,0.4083744523299329,0.0036848072562358277,266,64,287
FIFO,651,4558.465253456222,9496.080000000002,17957.08,0.32991253810996835,0.004593477262287551,0,64,288
QSSF_proxy,651,753.8939631336406,8241.01,10741.01,0.55155575126024,0.01607717041800643,363,64,288
RF_SRPT_proxy,651,753.8939631336406,8241.01,10741.01,0.55155575126024,0.01607717041800643,358,64,288
Backfill_FIFO,651,736.3379569892475,8236.505000000001,10732.01,0.5520182929240423,0.0022967386311437757,616,64,288
Wind_proxy,651,736.4132258064517,8236.505000000001,10732.01,0.5520182929240423,0.0022967386311437757,616,64,288
PredSched_LLM,651,753.8924270353303,8241.01,10741.01,0.55155575126024,0.01607717041800643,358,64,288
FIFO,651,4335.740353302613,8128.030000000001,16626.03,0.22110960122658574,0.005823627287853577,0,64,289
QSSF_proxy,651,568.2478187403995,7561.01,10136.01,0.3626846129079638,0.005268996117581808,355,64,289
RF_SRPT_proxy,651,568.2478187403995,7561.01,10136.01,0.3626846129079638,0.005268996117581808,348,64,289
Backfill_FIFO,651,568.2289093701997,7583.025000000001,10136.01,0.3626846129079638,0.02273987798114254,591,64,289
Wind_proxy,651,568.2289093701997,7583.025000000001,10136.01,0.3626846129079638,0.02273987798114254,591,64,289
PredSched_LLM,651,568.2478187403995,7561.01,10136.01,0.3626846129079638,0.004159733777038269,348,64,289
FIFO,651,2294.2788018433184,7078.580000000002,10951.070000000002,0.2813286809530941,0.0020552637588490525,0,64,290
QSSF_proxy,651,454.90956989247314,5263.530000000001,6358.030000000001,0.48456048148954944,0.0018269011189769354,351,64,290
RF_SRPT_proxy,651,454.90956989247314,5263.530000000001,6358.030000000001,0.48456048148954944,0.0018269011189769354,345,64,290
Backfill_FIFO,651,456.0447004608296,5296.52,6358.0,0.48456276787118585,0.0015985384791048184,564,64,290
Wind_proxy,651,456.04777265745014,5296.52,6358.0,0.48456276787118585,0.0015985384791048184,564,64,290
PredSched_LLM,651,454.9126420890937,5263.530000000001,6358.030000000001,0.48456048148954944,0.005480703356930806,345,64,290
FIFO,651,2813.5535023041475,6433.550000000001,14809.04,0.36817044980422425,0.003479990057171265,0,64,291
QSSF_proxy,651,654.5498156682029,8077.505,10130.02,0.5382270635170266,0.0333084762614964,331,64,291
RF_SRPT_proxy,651,654.5498156682029,8077.505,10130.02,0.5382270635170266,0.0333084762614964,331,64,291
Backfill_FIFO,651,653.3915514592935,8068.505,10130.02,0.5382270635170268,0.01839423315933383,587,64,291
Wind_proxy,651,653.3915514592935,8068.505,10130.02,0.5382270635170268,0.018891374596072583,587,64,291
PredSched_LLM,651,654.5498156682029,8077.505,10130.02,0.5382270635170266,0.033805617698235146,331,64,291
FIFO,651,3620.597880184332,7091.030000000001,15642.02,0.3222220112575774,0.003954522985664854,0,64,292
QSSF_proxy,651,749.5441013824885,8104.530000000001,10210.04,0.49365165508962283,0.002718734552644587,327,64,292
RF_SRPT_proxy,651,749.5441013824885,8104.530000000001,10210.04,0.49365165508962283,0.002718734552644587,319,64,292
Backfill_FIFO,651,740.7300921658986,8093.535000000001,10750.04,0.4688543618936536,0.002718734552644587,600,64,292
Wind_proxy,651,740.7300921658986,8093.535000000001,10750.04,0.4688543618936536,0.002718734552644587,600,64,292
PredSched_LLM,651,749.5441013824885,8104.530000000001,10210.04,0.49365165508962283,0.002965892239248641,319,64,292
FIFO,651,4126.4269431643625,9442.060000000001,17143.06,0.3549400762429521,0.00359250705671029,0,64,293
QSSF_proxy,651,729.6471735791091,8748.0,9844.02,0.6181172959255977,0.01821914293045933,311,64,293
RF_SRPT_proxy,651,729.6471735791091,8748.0,9844.02,0.6181172959255977,0.01821914293045933,305,64,293
Backfill_FIFO,651,737.0242396313364,8792.03,9839.02,0.6184314112012679,0.018475750577367205,541,64,293
Wind_proxy,651,743.3621812596007,8885.03,9932.02,0.612640633369395,0.016166281755196306,541,64,293
PredSched_LLM,651,729.6471735791091,8748.0,9844.02,0.6181172959255977,0.017449319989735694,305,64,293
FIFO,651,3670.440322580646,9245.035,17402.03,0.3238942166517354,0.003330771201639764,0,64,294
QSSF_proxy,651,739.5373425499233,9194.5,10278.02,0.5483952040373534,0.0020497053548552396,314,64,294
RF_SRPT_proxy,651,739.5373425499233,9194.5,10278.02,0.5483952040373534,0.0020497053548552396,310,64,294
Backfill_FIFO,651,735.8460061443933,9334.51,10410.02,0.5414415029942306,0.0017934921854983346,594,64,294
Wind_proxy,651,732.5572196620585,9353.51,10429.02,0.5404550835073669,0.0030745580322828594,594,64,294
PredSched_LLM,651,739.5711520737328,9194.5,10278.02,0.5483952040373534,0.0020497053548552396,310,64,294
FIFO,651,3169.1234562211985,8846.01,16853.010000000002,0.2742391824127411,0.005732484076433121,0,64,295
QSSF_proxy,651,468.79551459293396,3825.5,10068.01,0.45905354519848035,0.0022292993630573248,316,64,295
RF_SRPT_proxy,651,468.79551459293396,3825.5,10068.01,0.45905354519848035,0.0022292993630573248,308,64,295
Backfill_FIFO,651,467.03228878648235,3825.5,10098.02,0.4576892978617346,0.021337579617834394,570,64,295
Wind_proxy,651,467.03228878648235,3825.5,10098.02,0.4576892978617346,0.025796178343949046,570,64,295
PredSched_LLM,651,468.79551459293396,3825.5,10068.01,0.45905354519848035,0.014968152866242038,308,64,295
FIFO,651,5127.952442396313,12292.035,20710.03,0.18091066374300277,0.004387033877650499,0,64,296
QSSF_proxy,651,488.9584639016898,5291.52,10147.0,0.3692387181864098,0.002924689251767,319,64,296
RF_SRPT_proxy,651,488.9584639016898,5291.52,10147.0,0.3692387181864098,0.002924689251767,313,64,296
Backfill_FIFO,651,458.878341013825,5286.0,10125.0,0.3700410146604938,0.002924689251767,510,64,296
Wind_proxy,651,458.878341013825,5286.0,10125.0,0.3700410146604938,0.0024372410431391664,510,64,296
PredSched_LLM,651,488.9584639016898,5291.52,10147.0,0.3692387181864098,0.002680965147453083,313,64,296
FIFO,651,2152.1422273425496,7620.529999999999,16145.029999999999,0.2618899944073347,0.0018469656992084432,0,64,297
QSSF_proxy,651,523.9310906298003,6452.0,10115.0,0.41801500903670297,0.017414248021108178,218,64,297
RF_SRPT_proxy,651,523.9310906298003,6452.0,10115.0,0.41801500903670297,0.017414248021108178,209,64,297
Backfill_FIFO,651,523.5905376344087,6452.0,10115.0,0.41801500903670297,0.0015831134564643799,375,64,297
Wind_proxy,651,523.5905376344087,6452.0,10115.0,0.41801500903670297,0.0015831134564643799,375,64,297
PredSched_LLM,651,523.9310906298003,6452.0,10115.0,0.41801500903670297,0.016886543535620052,209,64,297
FIFO,651,5596.430092165899,13669.04,18474.04,0.2313272371832312,0.006565126050420168,0,64,298
QSSF_proxy,651,448.75596006144394,5258.540000000001,7294.02,0.5858975753853842,0.03466386554621849,361,64,298
RF_SRPT_proxy,651,448.75596006144394,5258.540000000001,7294.02,0.5858975753853842,0.03466386554621849,353,64,298
Backfill_FIFO,651,443.91347158218133,5269.550000000001,7365.02,0.5802494267242314,0.003676470588235294,618,64,298
Wind_proxy,651,443.91347158218133,5269.550000000001,7365.02,0.5802494267242314,0.010241596638655462,618,64,298
PredSched_LLM,651,448.9003533026114,5258.540000000001,7294.02,0.5858975753853842,0.03230042016806723,353,64,298
FIFO,651,3970.666958525346,6880.02,14859.03,0.3956764671781234,0.0054858934169279,0,64,299
QSSF_proxy,651,628.8290015360984,7866.01,10099.02,0.5821721806763183,0.0033960292580982234,336,64,299
RF_SRPT_proxy,651,628.8290015360984,7866.01,10099.02,0.5821721806763183,0.0033960292580982234,332,64,299
Backfill_FIFO,651,618.7639324116743,7878.52,10147.04,0.5794171005627011,0.0033960292580982234,562,64,299
Wind_proxy,651,618.7639324116743,7878.52,10147.04,0.5794171005627011,0.007836990595611285,562,64,299
PredSched_LLM,651,628.832073732719,7866.01,10099.02,0.5821721806763183,0.007836990595611285,332,64,299
