policy,n_jobs_completed,avg_jct_min,p95_jct_min,makespan_min,mean_gpu_utilization,fragmentation_rate,backfill_admissions,n_hosts,boot_rep
FIFO,559,142.89343470483007,705.3000000000012,9047.0,0.23248117124461146,0.00904977375565611,0,120,0
Backfill_FIFO,559,142.89343470483007,705.3000000000012,9047.0,0.23248117124461146,0.00904977375565611,0,120,0
RF_SRPT_proxy,559,142.89343470483007,705.3000000000012,9047.0,0.23248117124461146,0.00904977375565611,0,120,0
FIFO,982,284.1262423625255,1121.9005,9922.0,0.3603287108193913,0.002534211860111505,0,120,1
Backfill_FIFO,982,170.81448065173117,931.6999999999996,9047.0,0.39517867456062816,0.002280790674100355,96,120,1
RF_SRPT_proxy,982,162.8379531568228,915.8499999999998,9047.0,0.39517867456062816,0.016979219462747084,96,120,1
FIFO,613,98.59437194127244,481.9999999999957,10115.0,0.09569358728785635,0.012900143334925944,0,120,2
Backfill_FIFO,613,98.16014681892332,481.9999999999957,10115.0,0.09569358728785635,0.012900143334925944,35,120,2
RF_SRPT_proxy,613,98.15696574225123,481.9999999999957,10115.0,0.09569358728785635,0.003503742634177417,16,120,2
FIFO,501,156.43141716566868,854.0,9047.0,0.10286234502229101,0.02147039687703318,0,120,3
Backfill_FIFO,501,156.43141716566868,854.0,9047.0,0.10286234502229101,0.02147039687703318,0,120,3
RF_SRPT_proxy,501,156.43141716566868,854.0,9047.0,0.10286234502229101,0.02147039687703318,0,120,3
FIFO,575,122.04619130434783,343.2999999999995,10115.0,0.10759144731421978,0.003299492385786802,0,120,4
Backfill_FIFO,575,122.03575652173913,343.2999999999995,10115.0,0.10759144731421981,0.003299492385786802,2,120,4
RF_SRPT_proxy,575,122.03575652173913,343.2999999999995,10115.0,0.10759144731421981,0.018274111675126905,1,120,4
FIFO,542,153.22099630996308,697.1999999999962,10115.0,0.2197518341159994,0.011299435028248588,0,120,5
Backfill_FIFO,542,153.22099630996308,697.1999999999962,10115.0,0.2197518341159994,0.011299435028248588,0,120,5
RF_SRPT_proxy,542,153.22099630996308,697.1999999999962,10115.0,0.2197518341159994,0.011299435028248588,0,120,5
FIFO,490,217.94222448979596,1199.949999999996,10115.0,0.3788969373043335,0.011210762331838564,0,120,6
Backfill_FIFO,490,217.92997959183677,1199.949999999996,10115.0,0.3788969373043335,0.011210762331838564,2,120,6
RF_SRPT_proxy,490,217.92997959183677,1199.949999999996,10115.0,0.3788969373043335,0.011210762331838564,0,120,6
FIFO,642,140.20590342679128,404.4499999999979,10115.0,0.35324891765529726,0.009408194233687404,0,120,7
Backfill_FIFO,642,135.03767912772585,404.4499999999979,10115.0,0.3532489176552973,0.009559939301972686,60,120,7
RF_SRPT_proxy,642,135.04869158878503,404.4499999999979,10115.0,0.3532489176552973,0.0004552352048558422,32,120,7
FIFO,363,218.57129476584024,1231.099999999998,9047.0,0.3193829238974246,0.008064516129032258,0,120,8
Backfill_FIFO,363,218.57129476584024,1231.099999999998,9047.0,0.3193829238974246,0.008064516129032258,0,120,8
RF_SRPT_proxy,363,218.57129476584024,1231.099999999998,9047.0,0.3193829238974246,0.008064516129032258,0,120,8
FIFO,821,203.08478684531062,823.0,9047.0,0.3838363787719686,0.009338036937123885,0,120,9
Backfill_FIFO,821,178.02023142509134,823.0,9047.0,0.38383637877196874,0.009338036937123885,47,120,9
RF_SRPT_proxy,821,180.96298416565162,823.0,9047.0,0.3838363787719687,0.021166217057480806,12,120,9
FIFO,404,178.8453465346535,891.3999999999985,9047.0,0.24135239697321392,0.004362050163576881,0,120,10
Backfill_FIFO,404,170.69435643564358,891.3999999999985,9047.0,0.24135239697321392,0.004362050163576881,23,120,10
RF_SRPT_proxy,404,169.62257425742575,891.3999999999985,9047.0,0.24135239697321384,0.020174482006543076,11,120,10
FIFO,485,158.50944329896907,493.19999999999504,10115.0,0.21444234326083364,0.01015228426395939,0,120,11
Backfill_FIFO,485,158.50944329896907,493.19999999999504,10115.0,0.21444234326083364,0.01015228426395939,0,120,11
RF_SRPT_proxy,485,158.50944329896907,493.19999999999504,10115.0,0.21444234326083364,0.01015228426395939,0,120,11
FIFO,772,168.36611398963737,631.8999999999985,10115.0,0.29948325403690895,0.013737231419513914,0,120,12
Backfill_FIFO,772,108.88173575129534,622.0,10115.0,0.29948325403690895,0.013173652694610778,223,120,12
RF_SRPT_proxy,772,107.81965025906736,622.0,10115.0,0.29948325403690895,0.0007044734061289186,117,120,12
FIFO,273,255.52901098901097,1357.799999999997,10115.0,0.14107199600428408,0.044444444444444446,0,120,13
Backfill_FIFO,273,255.52901098901097,1357.799999999997,10115.0,0.14107199600428408,0.044444444444444446,0,120,13
RF_SRPT_proxy,273,255.52901098901097,1357.799999999997,10115.0,0.14107199600428408,0.044444444444444446,0,120,13
FIFO,701,129.7121398002853,394.0,10115.0,0.16252004242873616,0.00816130580892943,0,120,14
Backfill_FIFO,701,129.7121398002853,394.0,10115.0,0.16252004242873616,0.00816130580892943,0,120,14
RF_SRPT_proxy,701,129.7121398002853,394.0,10115.0,0.16252004242873616,0.008641382621219395,0,120,14
FIFO,746,149.0148525469169,650.0,9047.0,0.3498777990401974,0.0014573718727228565,0,120,15
Backfill_FIFO,746,127.84997319034855,620.5,9047.0,0.3498777990401974,0.0019431624969638087,66,120,15
RF_SRPT_proxy,746,125.84595174262736,650.75,9047.0,0.3498777990401974,0.0162739859120719,26,120,15
FIFO,664,155.62743975903618,745.0500000000012,10115.0,0.36329589306310767,0.013588634959851761,0,120,16
Backfill_FIFO,664,155.62743975903618,745.0500000000012,10115.0,0.36329589306310767,0.013588634959851761,0,120,16
RF_SRPT_proxy,664,155.62743975903618,745.0500000000012,10115.0,0.36329589306310767,0.013588634959851761,0,120,16
FIFO,838,93.81846062052506,254.0,10115.0,0.2159547238012852,0.009263409532347229,0,120,17
Backfill_FIFO,838,91.22177804295941,254.0,10115.0,0.2159547238012852,0.009263409532347229,79,120,17
RF_SRPT_proxy,838,91.23140811455848,254.0,10115.0,0.2159547238012852,0.00029881966233378154,23,120,17
FIFO,477,2303.3425576519917,4985.816,12917.02,0.42508287515231824,0.0064017071218991735,0,120,18
Backfill_FIFO,477,248.18633123689727,1440.0,10528.0,0.5215429331306989,0.004534542544678581,252,120,18
RF_SRPT_proxy,477,248.06482180293503,1440.0,10528.0,0.5215429331306989,0.020005334755934915,172,120,18
FIFO,622,205.46819935691317,775.249999999999,10115.0,0.3559869006426099,0.002777777777777778,0,120,19
Backfill_FIFO,622,185.5739871382637,775.249999999999,10115.0,0.3559869006426099,0.002777777777777778,71,120,19
RF_SRPT_proxy,622,188.73154340836012,776.0,10115.0,0.35598690064260996,0.015384615384615385,30,120,19
FIFO,861,87.1943786295006,359.0,6257.0,0.42220059033882057,0.008142438388882858,0,120,20
Backfill_FIFO,861,83.53276422764226,340.0,6257.0,0.4222005903388206,0.008251004234067962,140,120,20
RF_SRPT_proxy,861,83.0902787456446,340.0,6257.0,0.4222005903388206,0.0020627510585169906,45,120,20
FIFO,806,160.3840818858561,622.0,10115.0,0.36465248805404504,0.0051497725517122995,0,120,21
Backfill_FIFO,806,140.00918114143923,622.0,10115.0,0.36465248805404504,8.582954252853832e-05,209,120,21
RF_SRPT_proxy,806,137.86781637717124,622.0,10115.0,0.36465248805404504,0.0,76,120,21
FIFO,702,121.57155270655272,406.0,9047.0,0.22309383059761995,0.006430868167202572,0,120,22
Backfill_FIFO,702,119.98180911680913,406.0,9047.0,0.22309383059761995,0.006201194304088195,19,120,22
RF_SRPT_proxy,702,120.7553133903134,406.0,9047.0,0.22309383059761995,0.01906293063849334,8,120,22
FIFO,401,162.48775561097256,898.0,10115.0,0.2362646554209919,0.01500441306266549,0,120,23
Backfill_FIFO,401,162.48775561097256,898.0,10115.0,0.2362646554209919,0.01500441306266549,0,120,23
RF_SRPT_proxy,401,162.48775561097256,898.0,10115.0,0.2362646554209919,0.01500441306266549,0,120,23
FIFO,264,299.0891287878788,1454.0,10115.0,0.3091763480392157,0.010108303249097473,0,120,24
Backfill_FIFO,264,298.87700757575755,1454.0,10115.0,0.3091763480392157,0.010108303249097473,3,120,24
RF_SRPT_proxy,264,298.9075757575758,1454.0,10115.0,0.3091763480392157,0.0,9,120,24
FIFO,534,119.1701872659176,753.0,10115.0,0.16470171774592196,0.005949161709031909,0,120,25
Backfill_FIFO,534,119.1383520599251,753.0,10115.0,0.16470171774592196,0.005949161709031909,5,120,25
RF_SRPT_proxy,534,119.1383520599251,753.0,10115.0,0.16470171774592196,0.02082206598161168,1,120,25
FIFO,593,172.98239460370996,761.0,6267.0,0.49513870937716103,0.0030441400304414,0,120,26
Backfill_FIFO,593,150.05816188870153,687.7999999999979,6257.0,0.4959300450162485,0.0030441400304414,77,120,26
RF_SRPT_proxy,593,154.63826306913998,748.0,6257.0,0.49593004501624843,0.018011161846778284,38,120,26
FIFO,630,153.2355873015873,559.5499999999963,10115.0,0.22673742173339914,0.007357102433503113,0,120,27
Backfill_FIFO,630,153.2355873015873,559.5499999999963,10115.0,0.22673742173339914,0.007357102433503113,0,120,27
RF_SRPT_proxy,630,153.2355873015873,559.5499999999963,10115.0,0.22673742173339914,0.007357102433503113,0,120,27
FIFO,656,125.87782012195123,663.25,9047.0,0.2280948507332081,0.013734567901234567,0,120,28
Backfill_FIFO,656,125.09580792682928,663.25,9047.0,0.2280948507332081,0.013734567901234567,59,120,28
RF_SRPT_proxy,656,125.10810975609756,663.25,9047.0,0.2280948507332081,0.005092592592592593,17,120,28
FIFO,665,127.94212030075187,622.0,10115.0,0.2715229403526115,0.006591840370568323,0,120,29
Backfill_FIFO,665,124.21658646616541,622.0,10115.0,0.27152294035261154,0.0013361838588989846,114,120,29
RF_SRPT_proxy,665,123.38810526315788,622.0,10115.0,0.27152294035261154,0.0013361838588989846,56,120,29
FIFO,619,156.62358642972535,649.6000000000013,10115.0,0.31054228353105945,0.007959067652075043,0,120,30
Backfill_FIFO,619,156.62358642972535,649.6000000000013,10115.0,0.31054228353105945,0.007959067652075043,0,120,30
RF_SRPT_proxy,619,156.62358642972535,649.6000000000013,10115.0,0.31054228353105945,0.007959067652075043,0,120,30
FIFO,1012,92.33721343873519,340.0,9047.0,0.2129460145628385,0.005917159763313609,0,120,31
Backfill_FIFO,1012,92.33721343873519,340.0,9047.0,0.2129460145628385,0.005917159763313609,0,120,31
RF_SRPT_proxy,1012,92.33721343873519,340.0,9047.0,0.2129460145628385,0.005917159763313609,0,120,31
FIFO,746,331.48159517426274,1021.0100000000002,10115.0,0.4520886482534191,0.0033298647242455777,0,120,32
Backfill_FIFO,746,248.15758713136728,930.5,10115.0,0.45208864825341905,0.00437044745057232,147,120,32
RF_SRPT_proxy,746,230.84714477211796,950.25,10115.0,0.4520886482534191,0.01623309053069719,126,120,32
FIFO,372,163.4557258064516,673.0499999999995,10115.0,0.2705977014335146,0.0,0,120,33
Backfill_FIFO,372,163.43959677419355,673.0499999999995,10115.0,0.2705977014335146,0.0,3,120,33
RF_SRPT_proxy,372,163.43959677419355,673.0499999999995,10115.0,0.2705977014335146,0.0169971671388102,3,120,33
FIFO,735,409.41123809523816,1758.7999999999984,10423.0,0.37380070916882535,0.007932446264073694,0,120,34
Backfill_FIFO,735,133.12420408163266,515.0,10115.0,0.3851828760916132,0.0030706243602865915,181,120,34
RF_SRPT_proxy,735,133.12828571428574,515.0,10115.0,0.3851828760916132,0.01791197543500512,154,120,34
FIFO,707,157.53516265912307,403.2999999999994,10115.0,0.30269675708518706,0.008964589870013447,0,120,35
Backfill_FIFO,707,149.39230551626594,403.2999999999994,10115.0,0.30269675708518706,0.008964589870013447,74,120,35
RF_SRPT_proxy,707,149.3853323903819,494.5999999999974,10115.0,0.30269675708518695,0.0,19,120,35
FIFO,469,151.00797441364605,753.0,10115.0,0.23867802974130828,0.0047919293820933165,0,120,36
Backfill_FIFO,469,146.41948827292111,753.0,10115.0,0.23867802974130828,0.004287515762925599,28,120,36
RF_SRPT_proxy,469,145.22972281449896,753.0,10115.0,0.23867802974130828,0.01866330390920555,12,120,36
FIFO,676,87.7417899408284,379.5,6257.0,0.27704759003249685,0.0020800832033281333,0,120,37
Backfill_FIFO,676,87.73883136094675,379.5,6257.0,0.27704759003249685,0.0020800832033281333,1,120,37
RF_SRPT_proxy,676,87.73883136094675,379.5,6257.0,0.27704759003249685,0.01690067602704108,1,120,37
FIFO,398,286.2476130653267,1323.549999999997,10115.0,0.3259668561542262,0.0,0,120,38
Backfill_FIFO,398,252.57424623115583,1323.549999999997,10115.0,0.3259668561542263,0.0,48,120,38
RF_SRPT_proxy,398,252.27273869346737,1323.549999999997,10115.0,0.32596685615422627,0.016282225237449117,20,120,38
FIFO,737,180.10846675712347,725.3999999999917,10115.0,0.32697628316032284,0.010948365142772599,0,120,39
Backfill_FIFO,737,157.6240434192673,724.5999999999916,10115.0,0.32697628316032284,0.011984021304926764,107,120,39
RF_SRPT_proxy,737,155.99455902306647,688.799999999999,10115.0,0.32697628316032284,0.0031069684864624943,21,120,39
FIFO,1130,129.92342477876107,515.0,6257.0,0.5235331695168078,0.005346493933785729,0,120,40
Backfill_FIFO,1130,97.37776106194691,404.64999999999986,6257.0,0.5235331695168083,0.005140859551717047,120,120,40
RF_SRPT_proxy,1130,99.86693805309734,423.0499999999995,6257.0,0.5235331695168083,0.01727328809376928,83,120,40
FIFO,413,217.59736077481838,1186.599999999998,10115.0,0.31019808246828134,0.010967098703888335,0,120,41
Backfill_FIFO,413,217.31406779661017,1186.599999999998,10115.0,0.31019808246828134,0.010967098703888335,12,120,41
RF_SRPT_proxy,413,217.33360774818402,1186.599999999998,10115.0,0.31019808246828134,0.0014955134596211367,8,120,41
FIFO,839,87.22100119189513,246.79999999999745,10115.0,0.18069298175152418,0.0022148394241417496,0,120,42
Backfill_FIFO,839,87.22100119189513,246.79999999999745,10115.0,0.18069298175152418,0.0022148394241417496,0,120,42
RF_SRPT_proxy,839,87.22100119189513,246.79999999999745,10115.0,0.18069298175152418,0.0022148394241417496,0,120,42
FIFO,669,142.08856502242153,812.4000000000023,10115.0,0.2752841530729938,0.010945505356311131,0,120,43
Backfill_FIFO,669,142.08258594917788,812.4000000000023,10115.0,0.2752841530729938,0.010945505356311131,1,120,43
RF_SRPT_proxy,669,142.08258594917788,812.4000000000023,10115.0,0.2752841530729938,0.023986958546809503,0,120,43
FIFO,638,1413.9422257053293,4329.6,12544.0,0.38742594982328865,0.010914051841746248,0,120,44
Backfill_FIFO,638,249.31332288401256,1249.4499999999985,9047.0,0.5371804039552707,0.010004547521600727,286,120,44
RF_SRPT_proxy,638,249.1878213166144,1249.4499999999985,9047.0,0.5371804039552707,0.0018190086402910413,195,120,44
FIFO,427,179.0674238875878,935.0999999999995,10115.0,0.20096915884000666,0.005913978494623656,0,120,45
Backfill_FIFO,427,179.04634660421547,935.0999999999995,10115.0,0.20096915884000666,0.005913978494623656,3,120,45
RF_SRPT_proxy,427,179.04634660421547,935.0999999999995,10115.0,0.20096915884000666,0.021505376344086023,1,120,45
FIFO,444,115.91905405405404,291.0,10115.0,0.07759676326412918,0.0,0,120,46
Backfill_FIFO,444,115.91905405405404,291.0,10115.0,0.07759676326412918,0.0,0,120,46
RF_SRPT_proxy,444,115.91905405405404,291.0,10115.0,0.07759676326412918,0.0,0,120,46
FIFO,373,2591.2958176943703,5140.01,12791.0,0.4756952504039303,0.0,0,120,47
Backfill_FIFO,373,443.3584986595174,3737.0,10333.0,0.5888529902174262,0.0,233,120,47
RF_SRPT_proxy,373,430.71788203753357,3737.0,11585.0,0.5252151875629406,0.01584786053882726,184,120,47
FIFO,747,145.34392235609104,644.0,10115.0,0.3790407748393472,0.006616257088846881,0,120,48
Backfill_FIFO,747,145.34392235609104,644.0,10115.0,0.3790407748393472,0.006616257088846881,0,120,48
RF_SRPT_proxy,747,145.34392235609104,644.0,10115.0,0.3790407748393472,0.006616257088846881,0,120,48
FIFO,325,370.1001846153846,1423.8000000000018,10115.0,0.38954752224419187,0.010038075458636206,0,120,49
Backfill_FIFO,325,316.1401846153846,1423.8000000000018,10115.0,0.3895475222441919,0.010038075458636206,49,120,49
RF_SRPT_proxy,325,315.7680923076923,1423.8000000000018,10115.0,0.389547522244192,0.0,23,120,49
FIFO,797,337.3299498117943,1578.3999999999999,10126.01,0.4132919734673377,0.0007437314067148321,0,120,50
Backfill_FIFO,797,182.19352572145547,651.0,10115.0,0.4137418345279285,0.006906077348066298,390,120,50
RF_SRPT_proxy,797,183.16225846925968,651.0,10115.0,0.4137418345279285,0.013812154696132596,241,120,50
FIFO,767,102.84449804432855,285.2999999999987,10115.0,0.22072655297413082,0.0021141649048625794,0,120,51
Backfill_FIFO,767,102.84449804432855,285.2999999999987,10115.0,0.22072655297413082,0.0021141649048625794,0,120,51
RF_SRPT_proxy,767,102.84449804432856,285.2999999999987,10115.0,0.22072655297413082,0.0021141649048625794,0,120,51
FIFO,488,195.2685040983607,644.0,10115.0,0.41287279205799976,0.0,0,120,52
Backfill_FIFO,488,189.52875000000003,644.0,10115.0,0.41287279205799976,0.0,28,120,52
RF_SRPT_proxy,488,189.46727459016395,644.0,10115.0,0.41287279205799976,0.0,8,120,52
FIFO,800,119.7033625,394.14999999999986,10115.0,0.27292686501071006,0.0101243853051779,0,120,53
Backfill_FIFO,800,116.7796125,394.14999999999986,10115.0,0.27292686501071,0.009979751229389645,73,120,53
RF_SRPT_proxy,800,116.78845000000001,394.14999999999986,10115.0,0.27292686501071006,0.0014463407578825572,23,120,53
FIFO,759,147.33092226613968,622.0,6257.0,0.5201906581295616,0.0004314994606256742,0,120,54
Backfill_FIFO,759,112.120790513834,598.6000000000006,6257.0,0.5201906581295617,0.007011866235167206,221,120,54
RF_SRPT_proxy,759,117.08117259552044,644.6000000000001,6257.0,0.5201906581295616,0.014023732470334413,53,120,54
FIFO,997,57.58259779338014,268.0,4127.0,0.17591263831677584,0.0021102611448166712,0,120,55
Backfill_FIFO,997,57.58059177532598,268.0,4127.0,0.17591263831677584,0.0021102611448166712,1,120,55
RF_SRPT_proxy,997,57.58059177532598,268.0,4127.0,0.17591263831677584,0.016618306515431284,1,120,55
FIFO,494,181.03558704453442,1047.0,9047.0,0.2938055133377546,0.03169398907103825,0,120,56
Backfill_FIFO,494,181.03558704453442,1047.0,9047.0,0.2938055133377546,0.03169398907103825,0,120,56
RF_SRPT_proxy,494,181.03558704453442,1047.0,9047.0,0.2938055133377546,0.03169398907103825,0,120,56
FIFO,843,130.4797390272835,639.1999999999989,10115.0,0.276620440970506,0.013182674199623353,0,120,57
Backfill_FIFO,843,130.4797390272835,639.1999999999989,10115.0,0.276620440970506,0.013182674199623353,0,120,57
RF_SRPT_proxy,843,130.4797390272835,639.1999999999989,10115.0,0.276620440970506,0.013182674199623353,0,120,57
FIFO,574,165.02445993031358,898.0,10115.0,0.2765514839759433,0.009473684210526316,0,120,58
Backfill_FIFO,574,165.0174912891986,898.0,10115.0,0.2765514839759433,0.009473684210526316,1,120,58
RF_SRPT_proxy,574,165.01749128919863,898.0,10115.0,0.2765514839759433,0.024210526315789474,0,120,58
FIFO,809,97.49917181705811,394.0,10115.0,0.07697244397759101,0.012074643249176729,0,120,59
Backfill_FIFO,809,97.49917181705811,394.0,10115.0,0.07697244397759101,0.012074643249176729,0,120,59
RF_SRPT_proxy,809,97.49917181705811,394.0,10115.0,0.07697244397759101,0.012074643249176729,0,120,59
FIFO,672,169.24208333333334,768.3999999999896,9047.0,0.3780978558730334,0.00541871921182266,0,120,60
Backfill_FIFO,672,169.21529761904762,768.3999999999896,9047.0,0.3780978558730334,0.00541871921182266,1,120,60
RF_SRPT_proxy,672,169.21529761904762,768.3999999999896,9047.0,0.3780978558730334,0.00541871921182266,0,120,60
FIFO,592,176.02584459459462,592.0,10115.0,0.3011409303427252,0.0002543881963876876,0,120,61
Backfill_FIFO,592,150.39408783783782,486.9499999999965,10115.0,0.3011409303427252,0.0002543881963876876,52,120,61
RF_SRPT_proxy,592,150.36199324324326,557.7499999999976,10115.0,0.3011409303427252,0.015263291783261256,18,120,61
FIFO,815,171.695754601227,728.3270000000001,6267.0,0.5332759211611087,0.010652463382157125,0,120,62
Backfill_FIFO,815,129.36137423312883,660.599999999999,6267.0,0.5332759211611087,0.011392217783695813,176,120,62
RF_SRPT_proxy,815,133.25085889570553,808.4999999999989,6267.0,0.5332759211611083,0.0031069684864624943,78,120,62
FIFO,736,126.90676630434783,622.0,10115.0,0.26756423937221946,0.013613068545803972,0,120,63
Backfill_FIFO,736,126.37144021739131,622.0,10115.0,0.26756423937221946,0.013613068545803972,57,120,63
RF_SRPT_proxy,736,126.38240489130435,622.0,10115.0,0.26756423937221946,0.004484304932735426,10,120,63
FIFO,943,76.69673382820785,102.0,6257.0,0.2563309376831282,0.007444168734491315,0,120,64
Backfill_FIFO,943,76.68825026511135,102.0,6257.0,0.2563309376831282,0.007444168734491315,3,120,64
RF_SRPT_proxy,943,76.68825026511135,102.0,6257.0,0.2563309376831282,0.019851116625310174,2,120,64
FIFO,545,182.31921100917432,862.7999999999995,9047.0,0.36002176596293445,0.010005558643690939,0,120,65
Backfill_FIFO,545,181.13939449541286,854.0,9047.0,0.36002176596293445,0.010005558643690939,13,120,65
RF_SRPT_proxy,545,181.13939449541286,854.0,9047.0,0.36002176596293445,0.010005558643690939,2,120,65
FIFO,630,174.8831111111111,927.1499999999976,10115.0,0.3908542016806721,0.013302034428794992,0,120,66
Backfill_FIFO,630,174.8831111111111,927.1499999999976,10115.0,0.3908542016806721,0.013302034428794992,0,120,66
RF_SRPT_proxy,630,174.88311111111113,927.1499999999976,10115.0,0.3908542016806721,0.013302034428794992,0,120,66
FIFO,412,202.6448058252427,873.7999999999995,10115.0,0.19317431001812493,0.008156606851549755,0,120,67
Backfill_FIFO,412,195.81228155339807,873.7999999999995,10115.0,0.1931743100181249,0.006292239571195526,23,120,67
RF_SRPT_proxy,412,195.72975728155342,873.7999999999995,10115.0,0.19317431001812493,0.01980890235376369,11,120,67
FIFO,950,104.7577052631579,350.54999999999995,10115.0,0.3240203503460208,0.010219194312796208,0,120,68
Backfill_FIFO,950,104.08397894736844,346.0499999999995,10115.0,0.3240203503460208,0.010219194312796208,85,120,68
RF_SRPT_proxy,950,104.09247368421053,346.0499999999995,10115.0,0.3240203503460208,0.0017772511848341231,14,120,68
FIFO,536,165.2067723880597,805.75,6257.0,0.46231128635927743,0.0029411764705882353,0,120,69
Backfill_FIFO,536,137.5482089552239,650.25,6257.0,0.4623112863592778,0.004705882352941176,66,120,69
RF_SRPT_proxy,536,136.6732089552239,678.75,6257.0,0.46231128635927776,0.02176470588235294,27,120,69
FIFO,764,105.7875785340314,329.80000000000155,10115.0,0.2392638871725161,0.0006838386140870754,0,120,70
Backfill_FIFO,764,105.77710732984292,329.80000000000155,10115.0,0.2392638871725161,0.0006838386140870754,3,120,70
RF_SRPT_proxy,764,105.77710732984292,329.80000000000155,10115.0,0.2392638871725161,0.013904718486437201,2,120,70
FIFO,617,113.49568881685575,394.5999999999998,10115.0,0.2109786816197065,0.0068073519400953025,0,120,71
Backfill_FIFO,617,113.49568881685575,394.5999999999998,10115.0,0.2109786816197065,0.0068073519400953025,0,120,71
RF_SRPT_proxy,617,113.49568881685575,394.5999999999998,10115.0,0.2109786816197065,0.0068073519400953025,0,120,71
FIFO,614,108.58363192182411,651.0,4182.03,0.27353909415204253,0.008832521798210848,0,120,72
Backfill_FIFO,614,105.86239413680781,651.0,4176.0,0.27393407517161555,0.008832521798210848,72,120,72
RF_SRPT_proxy,614,105.24190553745927,651.0,4176.0,0.27393407517161555,0.0020382742611255804,43,120,72
FIFO,560,194.8199285714286,706.1499999999944,9047.0,0.3342487081352935,0.008564678086237449,0,120,73
Backfill_FIFO,560,179.286,706.1499999999944,9047.0,0.3342487081352935,0.008564678086237449,62,120,73
RF_SRPT_proxy,560,179.84505357142856,700.0,9047.0,0.3342487081352935,0.0,18,120,73
FIFO,913,117.80675794085434,400.5999999999998,10115.0,0.2183511194183556,0.007609668755595345,0,120,74
Backfill_FIFO,913,117.80675794085434,400.5999999999998,10115.0,0.2183511194183556,0.007609668755595345,0,120,74
RF_SRPT_proxy,913,117.80675794085434,400.5999999999998,10115.0,0.2183511194183556,0.007609668755595345,0,120,74
FIFO,810,96.54866666666668,307.0,10115.0,0.12881698797165927,0.0038901601830663617,0,120,75
Backfill_FIFO,810,91.99681481481483,307.0,10115.0,0.12881698797165922,0.0036613272311212816,65,120,75
RF_SRPT_proxy,810,92.15237037037039,307.0,10115.0,0.12881698797165922,0.016933638443935927,27,120,75
FIFO,708,128.35632768361583,698.0499999999964,10115.0,0.14606619500741475,0.02042042042042042,0,120,76
Backfill_FIFO,708,128.35632768361583,698.0499999999964,10115.0,0.14606619500741475,0.02042042042042042,0,120,76
RF_SRPT_proxy,708,128.35632768361583,698.0499999999964,10115.0,0.14606619500741475,0.02042042042042042,0,120,76
FIFO,725,193.24659310344828,776.0,10115.0,0.3040121550090624,0.005649717514124294,0,120,77
Backfill_FIFO,725,167.11004137931033,700.0,10115.0,0.3040121550090625,0.00651890482398957,91,120,77
RF_SRPT_proxy,725,169.51417931034484,711.1999999999994,10115.0,0.3040121550090624,0.01933941764450239,44,120,77
FIFO,208,247.82336538461539,1797.199999999988,6257.0,0.252033607359757,0.0,0,120,78
Backfill_FIFO,208,247.8041346153846,1797.199999999988,6257.0,0.252033607359757,0.0,2,120,78
RF_SRPT_proxy,208,247.8041346153846,1797.199999999988,6257.0,0.252033607359757,0.01886199308393587,2,120,78
FIFO,665,157.06186466165417,616.7999999999988,10115.0,0.3020971638655462,0.005119453924914676,0,120,79
Backfill_FIFO,665,147.74006015037597,616.7999999999988,10115.0,0.3020971638655462,0.005363237445148708,27,120,79
RF_SRPT_proxy,665,147.4859248120301,616.7999999999988,10115.0,0.30209716386554614,0.019990248659190638,6,120,79
FIFO,693,107.37565656565657,406.0,10115.0,0.19467840665678043,0.005760921747479597,0,120,80
Backfill_FIFO,693,107.35256854256855,406.0,10115.0,0.19467840665678043,0.005760921747479597,3,120,80
RF_SRPT_proxy,693,107.35256854256855,406.0,10115.0,0.19467840665678043,0.02040326452232357,1,120,80
FIFO,350,232.07891428571426,1350.0000000000023,6257.0,0.3949905222817111,0.00332871012482663,0,120,81
Backfill_FIFO,350,215.87891428571427,1350.0000000000023,6257.0,0.39499052228171116,0.00332871012482663,40,120,81
RF_SRPT_proxy,350,217.98177142857142,1350.0000000000023,6257.0,0.39499052228171105,0.019972260748959778,16,120,81
FIFO,501,149.77656686626747,700.0,10115.0,0.14921179560059322,0.011896431070678797,0,120,82
Backfill_FIFO,501,149.77457085828343,700.0,10115.0,0.14921179560059322,0.011896431070678797,1,120,82
RF_SRPT_proxy,501,149.77457085828343,700.0,10115.0,0.14921179560059322,0.011896431070678797,0,120,82
FIFO,737,142.77603799185889,596.0,9047.0,0.29852697602335954,0.007390300230946882,0,120,83
Backfill_FIFO,737,142.77603799185889,596.0,9047.0,0.29852697602335954,0.007390300230946882,0,120,83
RF_SRPT_proxy,737,142.77603799185889,596.0,9047.0,0.29852697602335954,0.007390300230946882,0,120,83
FIFO,694,104.6535590778098,376.4500000000006,9047.0,0.12635106365830295,0.011570247933884297,0,120,84
Backfill_FIFO,694,104.6535590778098,376.4500000000006,9047.0,0.12635106365830295,0.011570247933884297,0,120,84
RF_SRPT_proxy,694,104.6535590778098,376.4500000000006,9047.0,0.12635106365830295,0.011570247933884297,0,120,84
FIFO,654,131.39096330275228,543.3500000000018,10115.0,0.24850755478662032,0.012050103060091962,0,120,85
Backfill_FIFO,654,126.83133027522936,543.3500000000018,10115.0,0.24850755478662048,0.011574441097193595,70,120,85
RF_SRPT_proxy,654,126.94152905198776,543.3500000000018,10115.0,0.24850755478662054,0.0022197558268590455,16,120,85
FIFO,466,140.3563948497854,739.75,6257.0,0.2113820903920942,0.0078125,0,120,86
Backfill_FIFO,466,140.3563948497854,739.75,6257.0,0.2113820903920942,0.0078125,0,120,86
RF_SRPT_proxy,466,140.3563948497854,739.75,6257.0,0.2113820903920942,0.0078125,0,120,86
FIFO,245,208.4805306122449,1151.0,5657.0,0.08402225303458842,0.041033434650455926,0,120,87
Backfill_FIFO,245,208.4805306122449,1151.0,5657.0,0.08402225303458842,0.041033434650455926,0,120,87
RF_SRPT_proxy,245,208.4805306122449,1151.0,5657.0,0.08402225303458842,0.041033434650455926,0,120,87
FIFO,560,213.13939285714287,960.9999999999909,10115.0,0.2147520503789751,0.01650692225772098,0,120,88
Backfill_FIFO,560,213.13939285714287,960.9999999999909,10115.0,0.2147520503789751,0.01650692225772098,0,120,88
RF_SRPT_proxy,560,213.13939285714287,960.9999999999909,10115.0,0.2147520503789751,0.01650692225772098,0,120,88
FIFO,627,114.64446570972888,402.3999999999992,10115.0,0.29892260771955836,0.002252886510842016,0,120,89
Backfill_FIFO,627,107.46264752791069,402.3999999999992,10115.0,0.29892260771955836,0.0025344973246972683,35,120,89
RF_SRPT_proxy,627,106.5790749601276,402.3999999999992,10115.0,0.29892260771955836,0.019149535342157138,9,120,89
FIFO,613,157.09631321370313,854.0,10115.0,0.2016773140138409,0.008144269924374637,0,120,90
Backfill_FIFO,613,157.0930505709625,854.0,10115.0,0.2016773140138409,0.008144269924374637,1,120,90
RF_SRPT_proxy,613,157.0930505709625,854.0,10115.0,0.2016773140138409,0.02501454333915067,1,120,90
FIFO,658,100.43724924012157,394.44999999999993,10115.0,0.11911772841489542,0.012433944668946224,0,120,91
Backfill_FIFO,658,99.94940729483281,394.44999999999993,10115.0,0.11911772841489542,0.012433944668946224,44,120,91
RF_SRPT_proxy,658,99.96167173252279,394.44999999999993,10115.0,0.11911772841489542,0.003108486167236556,10,120,91
FIFO,248,353.408064516129,1797.199999999988,10115.0,0.2569890200197725,0.009771986970684038,0,120,92
Backfill_FIFO,248,353.408064516129,1797.199999999988,10115.0,0.2569890200197725,0.009771986970684038,0,120,92
RF_SRPT_proxy,248,353.408064516129,1797.199999999988,10115.0,0.2569890200197725,0.009771986970684038,0,120,92
FIFO,708,123.00053672316385,351.0,10115.0,0.25659409499093766,0.0,0,120,93
Backfill_FIFO,708,123.00053672316385,351.0,10115.0,0.25659409499093766,0.0,0,120,93
RF_SRPT_proxy,708,123.00053672316385,351.0,10115.0,0.25659409499093766,0.0,0,120,93
FIFO,518,223.07708494208495,878.6999999999991,10115.0,0.3334130221206131,0.010494752623688156,0,120,94
Backfill_FIFO,518,197.90527027027025,860.599999999999,10115.0,0.3334130221206129,0.010194902548725637,73,120,94
RF_SRPT_proxy,518,196.4015444015444,860.599999999999,10115.0,0.3334130221206129,0.0019490254872563718,38,120,94
FIFO,1056,80.32719696969697,254.0,10115.0,0.14160724995880714,0.007790184367696702,0,120,95
Backfill_FIFO,1056,79.8016287878788,254.0,10115.0,0.14160724995880714,0.0076603479615684235,77,120,95
RF_SRPT_proxy,1056,79.80927083333334,254.0,10115.0,0.14160724995880714,0.0,19,120,95
FIFO,900,111.8006,351.7999999999993,10115.0,0.1745369809688581,0.006806282722513089,0,120,96
Backfill_FIFO,900,111.79837777777779,351.7999999999993,10115.0,0.1745369809688581,0.006806282722513089,2,120,96
RF_SRPT_proxy,900,111.79837777777779,351.7999999999993,10115.0,0.1745369809688581,0.006806282722513089,0,120,96
FIFO,590,215.25193220338986,867.0,9047.0,0.3833729735455585,0.0030105368790767687,0,120,97
Backfill_FIFO,590,162.47537288135592,677.9499999999978,9047.0,0.3833729735455585,0.0030105368790767687,64,120,97
RF_SRPT_proxy,590,163.84655932203393,699.0999999999999,9047.0,0.3833729735455585,0.017812343201204214,11,120,97
FIFO,1037,128.5232594021215,515.0,9047.0,0.28406070497586683,0.009014546199549273,0,120,98
Backfill_FIFO,1037,119.62405978784957,518.5999999999988,9047.0,0.28406070497586694,0.009014546199549273,215,120,98
RF_SRPT_proxy,1037,119.60382835101255,515.0,9047.0,0.28406070497586694,0.003278016799836099,52,120,98
FIFO,721,140.95194174757282,393.0,10115.0,0.1492620262811007,0.007498295841854124,0,120,99
Backfill_FIFO,721,136.11837725381415,393.0,10115.0,0.14926202628110066,0.007271074755737333,29,120,99
RF_SRPT_proxy,721,136.29036061026352,393.0,10115.0,0.1492620262811007,0.02090433992274483,14,120,99
FIFO,595,1546.9999495798322,4299.7,13038.0,0.38100387329344987,0.00282021151586369,0,120,100
Backfill_FIFO,595,235.08752941176473,1303.0,10115.0,0.4911051408798814,0.0,252,120,100
RF_SRPT_proxy,595,234.87240336134457,1303.0,10115.0,0.4911051408798812,0.01410105757931845,180,120,100
FIFO,488,132.47557377049182,596.0,10115.0,0.11187816052891744,0.009177118384827165,0,120,101
Backfill_FIFO,488,131.79114754098362,596.0,10115.0,0.11187816052891744,0.009177118384827165,42,120,101
RF_SRPT_proxy,488,131.8076844262295,596.0,10115.0,0.11187816052891744,0.0,10,120,101
FIFO,778,109.14660668380465,311.94999999999925,10115.0,0.20332560862580332,0.0005205622071837585,0,120,102
Backfill_FIFO,778,109.14660668380465,311.94999999999925,10115.0,0.20332560862580332,0.0005205622071837585,0,120,102
RF_SRPT_proxy,778,109.14660668380465,311.94999999999925,10115.0,0.20332560862580332,0.001041124414367517,0,120,102
FIFO,718,95.02937325905295,299.84999999999866,10115.0,0.1421052943236118,0.00846727898966705,0,120,103
Backfill_FIFO,718,94.54745125348191,298.3499999999989,10115.0,0.1421052943236118,0.008323765786452353,51,120,103
RF_SRPT_proxy,718,94.55869080779947,298.3499999999989,10115.0,0.1421052943236118,0.0,5,120,103
FIFO,546,945.7236446886445,3145.0200000000004,11710.0,0.35587542431682323,0.004274578828262509,0,120,104
Backfill_FIFO,546,223.23470695970695,1217.75,10115.0,0.41199221144340087,0.0037716872014080965,196,120,104
RF_SRPT_proxy,546,223.23470695970698,1217.75,10115.0,0.41199221144340087,0.018606990193613275,148,120,104
FIFO,536,179.51494402985077,712.75,10115.0,0.30604999897017626,0.00495785820525533,0,120,105
Backfill_FIFO,536,154.20337686567166,645.75,10115.0,0.3060499989701762,0.005205751115518097,41,120,105
RF_SRPT_proxy,536,154.20897388059703,645.75,10115.0,0.3060499989701762,0.01983143282102132,13,120,105
FIFO,880,166.55223863636363,656.0999999999954,10115.0,0.3238768619212392,0.009373047281816288,0,120,106
Backfill_FIFO,880,150.55905681818183,597.2999999999988,10115.0,0.32387686192123916,0.010206207040199958,40,120,106
RF_SRPT_proxy,880,149.9817840909091,651.1499999999999,10115.0,0.3238768619212391,0.02249531347635909,10,120,106
FIFO,620,176.73238709677418,623.4499999999987,10115.0,0.2763820409045971,0.006975585450921774,0,120,107
Backfill_FIFO,620,165.842064516129,623.4499999999987,10115.0,0.27638204090459717,0.0057299451918286,36,120,107
RF_SRPT_proxy,620,165.8001290322581,623.4499999999987,10115.0,0.27638204090459717,0.020179372197309416,10,120,107
FIFO,763,117.59862385321101,396.69999999999993,9047.0,0.16412463961349993,0.009321595028482652,0,120,108
Backfill_FIFO,763,117.59862385321101,396.69999999999993,9047.0,0.16412463961349993,0.009321595028482652,0,120,108
RF_SRPT_proxy,763,117.59862385321101,396.69999999999993,9047.0,0.16412463961349993,0.009321595028482652,0,120,108
FIFO,366,174.70393442622952,887.0,10115.0,0.13519691155874117,0.012287334593572778,0,120,109
Backfill_FIFO,366,174.70393442622952,887.0,10115.0,0.13519691155874117,0.012287334593572778,0,120,109
RF_SRPT_proxy,366,174.70393442622952,887.0,10115.0,0.13519691155874117,0.012287334593572778,0,120,109
FIFO,571,168.9721541155867,898.0,10115.0,0.24546517651178104,0.020917678812415654,0,120,110
Backfill_FIFO,571,168.9721541155867,898.0,10115.0,0.24546517651178104,0.020917678812415654,0,120,110
RF_SRPT_proxy,571,168.9721541155867,898.0,10115.0,0.24546517651178104,0.020917678812415654,0,120,110
FIFO,682,106.15865102639296,396.8499999999998,10115.0,0.17346388305322127,0.013706793802145411,0,120,111
Backfill_FIFO,682,106.15865102639296,396.8499999999998,10115.0,0.17346388305322127,0.013706793802145411,0,120,111
RF_SRPT_proxy,682,106.15865102639296,396.8499999999998,10115.0,0.17346388305322127,0.013706793802145411,0,120,111
FIFO,857,129.31211201866978,531.1999999999945,9047.0,0.4488728514977339,0.007479861910241657,0,120,112
Backfill_FIFO,857,129.31211201866978,531.1999999999945,9047.0,0.4488728514977339,0.007479861910241657,0,120,112
RF_SRPT_proxy,857,129.31211201866978,531.1999999999945,9047.0,0.4488728514977339,0.007479861910241657,0,120,112
FIFO,466,151.5168025751073,887.0,6257.0,0.2602705053673218,0.006870229007633588,0,120,113
Backfill_FIFO,466,151.49534334763948,887.0,6257.0,0.2602705053673218,0.006870229007633588,4,120,113
RF_SRPT_proxy,466,151.49534334763953,887.0,6257.0,0.2602705053673218,0.021374045801526718,3,120,113
FIFO,269,344.2988475836432,1454.0,10115.0,0.32849108378645575,0.0,0,120,114
Backfill_FIFO,269,305.61855018587363,1454.0,10115.0,0.32849108378645575,0.0,38,120,114
RF_SRPT_proxy,269,306.495873605948,1454.0,10115.0,0.32849108378645575,0.016891891891891893,14,120,114
FIFO,742,180.54128032345014,581.3499999999991,10115.0,0.28678419426594165,0.0030834914611005695,0,120,115
Backfill_FIFO,742,152.4172911051213,580.1999999999975,10115.0,0.2867841942659417,0.0030834914611005695,75,120,115
RF_SRPT_proxy,742,154.32160377358494,654.0,10115.0,0.2867841942659417,0.017077798861480076,29,120,115
FIFO,392,170.17015306122448,911.0,9047.0,0.16931331979293318,0.014917951268025857,0,120,116
Backfill_FIFO,392,169.71862244897963,898.0,9047.0,0.16931331979293318,0.014917951268025857,20,120,116
RF_SRPT_proxy,392,169.73920918367347,898.0,9047.0,0.16931331979293318,0.005469915464942815,9,120,116
FIFO,347,220.75645533141207,1111.9999999999986,10115.0,0.21132177047289508,0.006313131313131313,0,120,117
Backfill_FIFO,347,220.73340057636884,1111.9999999999986,10115.0,0.21132177047289508,0.006313131313131313,3,120,117
RF_SRPT_proxy,347,220.73340057636884,1111.9999999999986,10115.0,0.21132177047289508,0.020454545454545454,2,120,117
FIFO,1053,108.85948717948719,351.0,9047.0,0.27181516778121684,0.006437768240343348,0,120,118
Backfill_FIFO,1053,103.73982905982906,351.0,9047.0,0.2718151677812168,0.006437768240343348,36,120,118
RF_SRPT_proxy,1053,103.03612535612537,351.0,9047.0,0.2718151677812168,0.01794771751853297,15,120,118
FIFO,1179,88.41603053435115,361.0,10115.0,0.28920552294447205,0.009512858038887727,0,120,119
Backfill_FIFO,1179,83.76566581849025,341.099999999999,10115.0,0.28920552294447194,0.008990173531256534,216,120,119
RF_SRPT_proxy,1179,83.48239185750637,340.0,10115.0,0.28920552294447194,0.0032406439473134014,55,120,119
FIFO,484,200.4270661157025,943.0499999999981,10115.0,0.2559199137007744,0.01045016077170418,0,120,120
Backfill_FIFO,484,200.4270661157025,943.0499999999981,10115.0,0.2559199137007744,0.01045016077170418,0,120,120
RF_SRPT_proxy,484,200.4270661157025,943.0499999999981,10115.0,0.2559199137007744,0.01045016077170418,0,120,120
FIFO,525,128.50024761904763,596.3999999999892,6257.0,0.3368245165414736,0.01734820322180917,0,120,121
Backfill_FIFO,525,128.19358095238096,596.3999999999892,6257.0,0.3368245165414736,0.01734820322180917,8,120,121
RF_SRPT_proxy,525,128.19358095238096,596.3999999999892,6257.0,0.3368245165414736,0.01734820322180917,1,120,121
FIFO,981,127.37802242609581,394.0,10115.0,0.32120204625968046,0.006559031281533804,0,120,122
Backfill_FIFO,981,127.37802242609581,394.0,10115.0,0.32120204625968046,0.006559031281533804,0,120,122
RF_SRPT_proxy,981,127.37802242609581,394.0,10115.0,0.32120204625968046,0.006559031281533804,0,120,122
FIFO,728,113.56986263736266,351.0,9047.0,0.165482385965882,0.003987802017358668,0,120,123
Backfill_FIFO,728,113.5616208791209,351.0,9047.0,0.165482385965882,0.003987802017358668,2,120,123
RF_SRPT_proxy,728,113.5616208791209,351.0,9047.0,0.165482385965882,0.01782782078348581,1,120,123
FIFO,769,101.88247074122236,382.59999999999764,10115.0,0.1458073560306476,0.0027575833542241163,0,120,124
Backfill_FIFO,769,101.87726918075423,382.59999999999764,10115.0,0.1458073560306476,0.0027575833542241163,1,120,124
RF_SRPT_proxy,769,101.87726918075423,382.59999999999764,10115.0,0.1458073560306476,0.017297568312860365,0,120,124
FIFO,468,161.22705128205126,898.0,10115.0,0.23761990031306643,0.005755831566192063,0,120,125
Backfill_FIFO,468,161.22277777777776,898.0,10115.0,0.23761990031306643,0.005755831566192063,1,120,125
RF_SRPT_proxy,468,161.22277777777776,898.0,10115.0,0.23761990031306643,0.023326264768252045,1,120,125
FIFO,662,106.87469788519638,373.79999999999836,6257.0,0.45575495778061864,0.002867383512544803,0,120,126
Backfill_FIFO,662,106.87469788519638,373.79999999999836,6257.0,0.45575495778061864,0.002867383512544803,0,120,126
RF_SRPT_proxy,662,106.87469788519638,373.79999999999836,6257.0,0.45575495778061864,0.002867383512544803,0,120,126
FIFO,433,125.86494226327946,375.0,10115.0,0.30571125082385897,0.0,0,120,127
Backfill_FIFO,433,125.85801385681295,375.0,10115.0,0.30571125082385897,0.0,1,120,127
RF_SRPT_proxy,433,125.85801385681295,375.0,10115.0,0.30571125082385897,0.0,0,120,127
FIFO,745,137.45378523489933,618.1999999999941,10115.0,0.27172433370407,0.00670690811535882,0,120,128
Backfill_FIFO,745,137.45378523489933,618.1999999999941,10115.0,0.27172433370407,0.00670690811535882,0,120,128
RF_SRPT_proxy,745,137.45378523489933,618.1999999999941,10115.0,0.27172433370407,0.00670690811535882,0,120,128
FIFO,425,463.74647058823535,2727.1999999999753,10066.0,0.439881434614875,0.012372512957699382,0,120,129
Backfill_FIFO,425,306.48894117647063,2143.399999999999,10066.0,0.43988143461487517,0.011870924594549406,108,120,129
RF_SRPT_proxy,425,306.50792941176474,2143.399999999999,10066.0,0.43988143461487517,0.002340745694699883,73,120,129
FIFO,587,115.64265758091994,685.2999999999967,6257.0,0.2609043704384423,0.010467079347214405,0,120,130
Backfill_FIFO,587,113.31131175468485,685.2999999999967,6257.0,0.2609043704384423,0.010579628587507035,80,120,130
RF_SRPT_proxy,587,112.66228279386713,685.2999999999967,6257.0,0.2609043704384423,0.004276871131119865,33,120,130
FIFO,790,135.33710126582278,644.0,10477.0,0.4648995428478256,0.013801756587202008,0,120,131
Backfill_FIFO,790,123.86874683544303,644.0,10477.0,0.4648995428478256,0.01066499372647428,53,120,131
RF_SRPT_proxy,790,124.21558227848101,644.0,10477.0,0.46489954284782553,0.01066499372647428,16,120,131
FIFO,699,116.03723891273248,394.30000000000007,9047.0,0.16893801927895072,0.005561440677966102,0,120,132
Backfill_FIFO,699,115.10590844062946,394.30000000000007,9047.0,0.16893801927895066,0.005031779661016949,16,120,132
RF_SRPT_proxy,699,115.10590844062946,394.30000000000007,9047.0,0.16893801927895066,0.02065677966101695,2,120,132
FIFO,670,161.35988059701492,808.5499999999954,9047.0,0.3480439556390702,0.013195381616434248,0,120,133
Backfill_FIFO,670,149.14346268656718,808.5499999999954,9047.0,0.3480439556390702,0.012745539061328534,67,120,133
RF_SRPT_proxy,670,149.72714925373134,808.5499999999954,9047.0,0.34804395563907004,0.004048582995951417,20,120,133
FIFO,1060,96.47824528301886,367.39999999999964,10115.0,0.2529922680837041,0.008145766345123259,0,120,134
Backfill_FIFO,1060,94.2923962264151,367.39999999999964,10115.0,0.252992268083704,0.0077170418006430866,41,120,134
RF_SRPT_proxy,1060,94.41220754716981,351.7999999999993,10115.0,0.25299226808370406,0.01972132904608789,8,120,134
FIFO,779,90.99960205391528,295.89999999999554,10115.0,0.16008021399736364,0.0002382654276864427,0,120,135
Backfill_FIFO,779,90.9918998716303,295.89999999999554,10115.0,0.16008021399736364,0.0002382654276864427,2,120,135
RF_SRPT_proxy,779,90.9918998716303,295.89999999999554,10115.0,0.16008021399736364,0.014295925661186561,1,120,135
FIFO,675,155.09392592592593,871.0999999999974,10115.0,0.25075610376503554,0.013511461970548049,0,120,136
Backfill_FIFO,675,154.35911111111113,867.199999999998,10115.0,0.25075610376503554,0.013359647791103688,59,120,136
RF_SRPT_proxy,675,154.37106666666668,867.199999999998,10115.0,0.25075610376503554,0.004858053742219523,19,120,136
FIFO,458,198.75061135371178,951.0,9047.0,0.18095961368409413,0.01991465149359886,0,120,137
Backfill_FIFO,458,198.75061135371178,951.0,9047.0,0.18095961368409413,0.01991465149359886,0,120,137
RF_SRPT_proxy,458,198.75061135371178,951.0,9047.0,0.18095961368409413,0.01991465149359886,0,120,137
FIFO,790,175.29701265822786,650.0,10115.0,0.381742204234635,0.0020964360587002098,0,120,138
Backfill_FIFO,790,175.29701265822786,650.0,10115.0,0.381742204234635,0.0020964360587002098,0,120,138
RF_SRPT_proxy,790,175.29701265822786,650.0,10115.0,0.381742204234635,0.0020964360587002098,0,120,138
FIFO,439,147.30448747152622,432.9999999999993,6257.0,0.29177889264024304,0.0030808729139922978,0,120,139
Backfill_FIFO,439,139.8397949886105,408.6999999999984,6257.0,0.29177889264024304,0.0030808729139922978,35,120,139
RF_SRPT_proxy,439,141.05619589977223,418.6999999999991,6257.0,0.29177889264024304,0.01848523748395379,24,120,139
FIFO,724,116.84712707182321,375.0,10115.0,0.2885242832427089,0.0029484029484029483,0,120,140
Backfill_FIFO,724,116.84712707182321,375.0,10115.0,0.2885242832427089,0.0029484029484029483,0,120,140
RF_SRPT_proxy,724,116.84712707182321,375.0,10115.0,0.2885242832427089,0.0034398034398034397,0,120,140
FIFO,837,90.24801672640383,340.0,10115.0,0.07324326701268741,0.007102272727272727,0,120,141
Backfill_FIFO,837,90.24562724014338,340.0,10115.0,0.07324326701268741,0.007102272727272727,1,120,141
RF_SRPT_proxy,837,90.24562724014338,340.0,10115.0,0.07324326701268741,0.021070075757575756,1,120,141
FIFO,603,191.56603648424544,747.6999999999988,10115.0,0.3183032542428736,0.0017730496453900709,0,120,142
Backfill_FIFO,603,162.1613930348259,643.5999999999999,10115.0,0.3183032542428735,0.0022796352583586625,62,120,142
RF_SRPT_proxy,603,161.8065008291874,699.8,10115.0,0.31830325424287353,0.017223910840932118,26,120,142
FIFO,348,221.0362068965517,996.4999999999984,10115.0,0.20193957509474372,0.0056947608200455585,0,120,143
Backfill_FIFO,348,221.01896551724136,996.4999999999984,10115.0,0.20193957509474375,0.0056947608200455585,3,120,143
RF_SRPT_proxy,348,221.01896551724136,996.4999999999984,10115.0,0.20193957509474375,0.022494305239179953,1,120,143
FIFO,623,132.5847672552167,631.0999999999971,9047.0,0.23338270398106184,0.011286681715575621,0,120,144
Backfill_FIFO,623,132.5847672552167,631.0999999999971,9047.0,0.23338270398106184,0.011286681715575621,0,120,144
RF_SRPT_proxy,623,132.5847672552167,631.0999999999971,9047.0,0.23338270398106184,0.011286681715575621,0,120,144
FIFO,1103,86.96785131459656,303.4999999999952,10115.0,0.1184413257950239,0.006898038370338435,0,120,145
Backfill_FIFO,1103,86.95878513145966,303.4999999999952,10115.0,0.1184413257950239,0.006898038370338435,3,120,145
RF_SRPT_proxy,1103,86.95878513145966,303.4999999999952,10115.0,0.1184413257950239,0.019185169217503774,1,120,145
FIFO,861,169.61923344947735,569.0,10115.0,0.298228754737189,0.0,0,120,146
Backfill_FIFO,861,139.64246225319397,562.0,10115.0,0.298228754737189,0.0,76,120,146
RF_SRPT_proxy,861,141.83990708478515,650.0,10115.0,0.298228754737189,0.014344262295081968,17,120,146
FIFO,514,135.68918287937746,562.2499999999955,10115.0,0.15330657439446363,0.0,0,120,147
Backfill_FIFO,514,135.68918287937746,562.2499999999955,10115.0,0.15330657439446363,0.0,0,120,147
RF_SRPT_proxy,514,135.68918287937746,562.2499999999955,10115.0,0.15330657439446363,0.0,0,120,147
FIFO,517,189.0159767891683,1026.1999999999998,10115.0,0.2943294375102982,0.006027554535017222,0,120,148
Backfill_FIFO,517,176.13009671179887,951.0,10115.0,0.2943294375102983,0.0054535017221584384,38,120,148
RF_SRPT_proxy,517,174.73938104448746,951.0,10115.0,0.29432943751029816,0.021814006888633754,9,120,148
FIFO,405,256.92834567901235,1290.3999999999971,10115.0,0.40571208601087494,0.032490974729241874,0,120,149
Backfill_FIFO,405,256.9258765432099,1290.3999999999971,10115.0,0.40571208601087494,0.032490974729241874,1,120,149
RF_SRPT_proxy,405,256.9258765432099,1290.3999999999971,10115.0,0.40571208601087494,0.032490974729241874,0,120,149
FIFO,470,144.97617021276596,807.4499999999955,10115.0,0.1420065002471577,0.006907545164718385,0,120,150
Backfill_FIFO,470,144.95489361702127,807.4499999999955,10115.0,0.1420065002471577,0.006907545164718385,4,120,150
RF_SRPT_proxy,470,144.95489361702127,807.4499999999955,10115.0,0.1420065002471577,0.022051009564293306,3,120,150
FIFO,496,111.92274193548388,424.25,10115.0,0.1342111787362004,0.002559726962457338,0,120,151
Backfill_FIFO,496,111.91467741935486,424.25,10115.0,0.1342111787362004,0.002559726962457338,2,120,151
RF_SRPT_proxy,496,111.91467741935486,424.25,10115.0,0.1342111787362004,0.019055745164960183,2,120,151
FIFO,374,209.79585561497325,1240.0,6257.0,0.6383551422406901,0.01029512697323267,0,120,152
Backfill_FIFO,374,209.7557486631016,1240.0,6257.0,0.6383551422406901,0.0075497597803706245,3,120,152
RF_SRPT_proxy,374,209.7557486631016,1240.0,6257.0,0.6383551422406901,0.0075497597803706245,1,120,152
FIFO,437,197.2952402745996,970.1999999999989,10115.0,0.22197481669138233,0.0079155672823219,0,120,153
Backfill_FIFO,437,197.2952402745996,970.1999999999989,10115.0,0.22197481669138233,0.0079155672823219,0,120,153
RF_SRPT_proxy,437,197.29524027459956,970.1999999999989,10115.0,0.22197481669138233,0.0079155672823219,0,120,153
FIFO,682,110.77023460410558,366.1999999999989,10115.0,0.22379349460372394,0.010135687428478013,0,120,154
Backfill_FIFO,682,109.92706744868036,366.1999999999989,10115.0,0.22379349460372394,0.010135687428478013,70,120,154
RF_SRPT_proxy,682,109.93890029325513,366.1999999999989,10115.0,0.22379349460372394,0.0006539153179663233,13,120,154
FIFO,502,210.0885458167331,1045.6999999999998,10115.0,0.2865735695748887,0.0030816640986132513,0,120,155
Backfill_FIFO,502,187.21005976095617,1045.6999999999998,10115.0,0.2865735695748887,0.0030816640986132513,31,120,155
RF_SRPT_proxy,502,187.21005976095617,1045.6999999999998,10115.0,0.2865735695748887,0.018233179250128403,2,120,155
FIFO,583,159.45682675814754,695.0999999999989,9047.0,0.23424494652923616,0.0076481835564053535,0,120,156
Backfill_FIFO,583,159.45339622641512,695.0999999999989,9047.0,0.23424494652923616,0.0076481835564053535,1,120,156
RF_SRPT_proxy,583,159.45339622641512,695.0999999999989,9047.0,0.23424494652923616,0.02198852772466539,1,120,156
FIFO,837,98.41056152927122,342.19999999999925,6257.0,0.3240838377683659,0.0037019898195279964,0,120,157
Backfill_FIFO,837,98.37232974910395,342.19999999999925,6257.0,0.3240838377683659,0.0037019898195279964,6,120,157
RF_SRPT_proxy,837,98.37232974910395,342.19999999999925,6257.0,0.3240838377683659,0.017584451642757983,2,120,157
FIFO,552,186.77347826086955,951.0,10115.0,0.30171470485252916,0.012252042007001166,0,120,158
Backfill_FIFO,552,186.77347826086955,951.0,10115.0,0.30171470485252916,0.012252042007001166,0,120,158
RF_SRPT_proxy,552,186.77347826086955,951.0,10115.0,0.30171470485252916,0.012835472578763127,0,120,158
FIFO,759,182.2499604743083,624.9000000000007,10115.0,0.3110758804992586,0.014769452449567724,0,120,159
Backfill_FIFO,759,146.94716732542818,624.8000000000006,10115.0,0.31107588049925855,0.014265129682997119,269,120,159
RF_SRPT_proxy,759,145.86689064558627,624.8000000000006,10115.0,0.31107588049925855,0.0013688760806916426,125,120,159
FIFO,493,216.7643813387424,1240.0,10115.0,0.4162091541028176,0.007894736842105263,0,120,160
Backfill_FIFO,493,216.76032454361055,1240.0,10115.0,0.4162091541028176,0.007894736842105263,1,120,160
RF_SRPT_proxy,493,216.76032454361055,1240.0,10115.0,0.4162091541028176,0.007894736842105263,0,120,160
FIFO,738,123.6430216802168,644.8999999999999,10115.0,0.26485648376997867,0.011486486486486487,0,120,161
Backfill_FIFO,738,123.6430216802168,644.8999999999999,10115.0,0.26485648376997867,0.011486486486486487,0,120,161
RF_SRPT_proxy,738,123.6430216802168,644.8999999999999,10115.0,0.26485648376997867,0.011486486486486487,0,120,161
FIFO,547,180.33948811700182,1047.0,9047.0,0.43755595086769083,0.0,0,120,162
Backfill_FIFO,547,180.33948811700182,1047.0,9047.0,0.43755595086769083,0.0,0,120,162
RF_SRPT_proxy,547,180.33948811700185,1047.0,9047.0,0.43755595086769083,0.0,0,120,162
FIFO,636,121.06839622641509,379.5,10115.0,0.20212626256384922,0.00211864406779661,0,120,163
Backfill_FIFO,636,121.06367924528301,379.5,10115.0,0.20212626256384922,0.00211864406779661,1,120,163
RF_SRPT_proxy,636,121.06367924528301,379.5,10115.0,0.20212626256384922,0.00211864406779661,0,120,163
FIFO,822,172.61014598540146,642.8999999999985,10115.0,0.33275486076783667,0.00238038562247084,0,120,164
Backfill_FIFO,822,137.23266423357666,621.6499999999995,10115.0,0.3327548607678365,0.0028564627469650082,90,120,164
RF_SRPT_proxy,822,137.63288321167886,652.8999999999999,10115.0,0.33275486076783645,0.0164246607950488,24,120,164
FIFO,573,225.747277486911,809.1999999999995,10115.0,0.3618784519690231,0.003776256785461411,0,120,165
Backfill_FIFO,573,197.22197207678886,771.9999999999981,10115.0,0.36187845196902296,0.003776256785461411,70,120,165
RF_SRPT_proxy,573,197.50294938917975,684.7999999999995,10115.0,0.36187845196902296,0.017937219730941704,21,120,165
FIFO,545,498.7799816513763,1879.0,10066.0,0.3353743377044838,0.010529086601737299,0,120,166
Backfill_FIFO,545,189.99344954128438,1130.1999999999953,9047.0,0.37314889834567616,0.008160042116346407,141,120,166
RF_SRPT_proxy,545,189.99344954128438,1130.1999999999953,9047.0,0.37314889834567616,0.023163990523822058,125,120,166
FIFO,666,463.7744444444444,1858.0,10068.0,0.3785478392762547,0.0074225748656258,0,120,167
Backfill_FIFO,666,172.99199699699702,937.75,9047.0,0.42126888977930066,0.005119017148707448,178,120,167
RF_SRPT_proxy,666,172.99199699699702,937.75,9047.0,0.42126888977930066,0.01996416687995905,146,120,167
FIFO,745,114.56332885906042,493.19999999999504,6257.0,0.25911469321027114,0.00985663082437276,0,120,168
Backfill_FIFO,745,114.56332885906042,493.19999999999504,6257.0,0.25911469321027114,0.00985663082437276,0,120,168
RF_SRPT_proxy,745,114.56332885906042,493.19999999999504,6257.0,0.25911469321027114,0.00985663082437276,0,120,168
FIFO,501,240.2950898203593,1303.0,10115.0,0.4611914081809196,0.008323424494649227,0,120,169
Backfill_FIFO,501,240.2950898203593,1303.0,10115.0,0.4611914081809196,0.008323424494649227,0,120,169
RF_SRPT_proxy,501,240.2950898203593,1303.0,10115.0,0.4611914081809196,0.008323424494649227,0,120,169
FIFO,904,123.14733407079648,404.6499999999992,9047.0,0.2680963337294129,0.011910215300045808,0,120,170
Backfill_FIFO,904,123.14733407079648,404.6499999999992,9047.0,0.2680963337294129,0.011910215300045808,0,120,170
RF_SRPT_proxy,904,123.14733407079648,404.6499999999992,9047.0,0.2680963337294129,0.011910215300045808,0,120,170
FIFO,510,187.51994117647058,808.5499999999954,10115.0,0.3358466602817597,0.009259259259259259,0,120,171
Backfill_FIFO,510,187.5120980392157,808.5499999999954,10115.0,0.3358466602817597,0.009259259259259259,2,120,171
RF_SRPT_proxy,510,187.5120980392157,808.5499999999954,10115.0,0.3358466602817597,0.009259259259259259,0,120,171
FIFO,762,110.35526246719161,405.3999999999992,10115.0,0.2705904030729939,0.003092293054234063,0,120,172
Backfill_FIFO,762,110.34476377952757,405.3999999999992,10115.0,0.2705904030729939,0.003092293054234063,2,120,172
RF_SRPT_proxy,762,110.34476377952755,405.3999999999992,10115.0,0.2705904030729939,0.01665080875356803,0,120,172
FIFO,581,206.61554216867472,776.0,10115.0,0.36353741246498605,0.004488778054862843,0,120,173
Backfill_FIFO,581,174.89426850258178,700.0,10115.0,0.36353741246498605,0.004738154613466334,98,120,173
RF_SRPT_proxy,581,174.39168674698794,705.0,10115.0,0.3635374124649861,0.01945137157107232,35,120,173
FIFO,612,143.5382843137255,401.0499999999994,10115.0,0.1434356741225902,0.002183406113537118,0,120,174
Backfill_FIFO,612,143.5382843137255,401.0499999999994,10115.0,0.1434356741225902,0.002183406113537118,0,120,174
RF_SRPT_proxy,612,143.5382843137255,401.0499999999994,10115.0,0.1434356741225902,0.002183406113537118,0,120,174
FIFO,929,100.14008611410118,300.59999999999854,9047.0,0.31416922391400465,0.0007961783439490446,0,120,175
Backfill_FIFO,929,100.14008611410118,300.59999999999854,9047.0,0.31416922391400465,0.0007961783439490446,0,120,175
RF_SRPT_proxy,929,100.1400861141012,300.59999999999854,9047.0,0.31416922391400465,0.0007961783439490446,0,120,175
FIFO,699,133.28181688125892,622.0,10115.0,0.23164849542758276,0.00821139067270239,0,120,176
Backfill_FIFO,699,130.0512017167382,622.0,10115.0,0.23164849542758276,0.00842193915148963,97,120,176
RF_SRPT_proxy,699,129.5061659513591,622.0,10115.0,0.23164849542758276,0.002210759027266028,46,120,176
FIFO,917,124.77606324972739,398.7999999999994,10115.0,0.3357629129593013,0.004727116458960034,0,120,177
Backfill_FIFO,917,124.77606324972739,398.7999999999994,10115.0,0.3357629129593013,0.004727116458960034,0,120,177
RF_SRPT_proxy,917,124.77606324972737,398.7999999999994,10115.0,0.3357629129593013,0.004727116458960034,0,120,177
FIFO,588,153.24671768707483,393.0,10115.0,0.2113068380293294,0.0,0,120,178
Backfill_FIFO,588,153.24671768707483,393.0,10115.0,0.2113068380293294,0.0,0,120,178
RF_SRPT_proxy,588,153.24671768707483,393.0,10115.0,0.2113068380293294,0.0,0,120,178
FIFO,575,145.78521739130434,782.6999999999955,10115.0,0.15545208539298064,0.006858013716027432,0,120,179
Backfill_FIFO,575,145.76782608695652,782.6999999999955,10115.0,0.15545208539298067,0.006858013716027432,4,120,179
RF_SRPT_proxy,575,145.76782608695652,782.6999999999955,10115.0,0.15545208539298067,0.021336042672085345,3,120,179
FIFO,1217,89.35077239112573,294.2000000000007,9047.0,0.1311443998470948,0.0,0,120,180
Backfill_FIFO,1217,89.35077239112573,294.2000000000007,9047.0,0.1311443998470948,0.0,0,120,180
RF_SRPT_proxy,1217,89.35077239112573,294.2000000000007,9047.0,0.1311443998470948,0.0,0,120,180
FIFO,590,154.24618644067797,644.0,10115.0,0.35639182525951574,0.0136986301369863,0,120,181
Backfill_FIFO,590,148.9885593220339,644.0,10115.0,0.3563918252595156,0.014419610670511895,35,120,181
RF_SRPT_proxy,590,148.8072033898305,644.0,10115.0,0.35639182525951574,0.014419610670511895,20,120,181
FIFO,656,114.33533536585368,515.0,10115.0,0.14977739125061787,0.007448569401749823,0,120,182
Backfill_FIFO,656,112.14086890243902,515.0,10115.0,0.14977739125061787,0.007566800662095058,95,120,182
RF_SRPT_proxy,656,111.56010670731709,515.0,10115.0,0.14977739125061787,0.0007093875620714117,26,120,182
FIFO,838,110.69564439140812,515.0,10115.0,0.23536847606689723,0.007523716061498201,0,120,183
Backfill_FIFO,838,107.78147971360383,515.0,10115.0,0.23536847606689723,0.007741794787918439,143,120,183
RF_SRPT_proxy,838,107.32684964200479,515.0,10115.0,0.23536847606689723,0.001962708537782139,35,120,183
FIFO,602,171.06139534883724,895.799999999997,10115.0,0.2807519082633053,0.014716187806587245,0,120,184
Backfill_FIFO,602,171.06139534883724,895.799999999997,10115.0,0.2807519082633053,0.014716187806587245,0,120,184
RF_SRPT_proxy,602,171.06139534883724,895.799999999997,10115.0,0.2807519082633053,0.014716187806587245,0,120,184
FIFO,822,105.85941605839416,476.6499999999995,6257.0,0.4646904533589047,0.00949081048508587,0,120,185
Backfill_FIFO,822,96.63554744525547,415.4999999999993,6257.0,0.4646904533589045,0.009641458270563423,94,120,185
RF_SRPT_proxy,822,96.58703163017032,415.4999999999993,6257.0,0.4646904533589047,0.0013558300692979813,17,120,185
FIFO,782,81.83406649616369,340.0,6257.0,0.24561771482606162,0.006141820212171971,0,120,186
Backfill_FIFO,782,81.83406649616369,340.0,6257.0,0.24561771482606162,0.006141820212171971,0,120,186
RF_SRPT_proxy,782,81.83406649616367,340.0,6257.0,0.24561771482606162,0.006700167504187605,0,120,186
FIFO,575,177.2094434782609,776.0,10115.0,0.31696925976272855,0.010123033795358978,0,120,187
Backfill_FIFO,575,150.2267826086957,776.0,10115.0,0.3169692597627287,0.010123033795358978,97,120,187
RF_SRPT_proxy,575,152.01121739130437,670.3999999999996,10115.0,0.3169692597627286,0.0014016508332035508,42,120,187
FIFO,600,124.88603333333334,519.0499999999963,4176.0,0.1016367037835249,0.00429991937651169,0,120,188
Backfill_FIFO,600,124.87603333333335,519.0499999999963,4176.0,0.10163670378352489,0.00429991937651169,3,120,188
RF_SRPT_proxy,600,124.87603333333335,519.0499999999963,4176.0,0.10163670378352489,0.020155872077398548,3,120,188
FIFO,441,132.88485260770977,397.0,9047.0,0.19685177522014663,0.004171011470281543,0,120,189
Backfill_FIFO,441,132.88485260770977,397.0,9047.0,0.19685177522014663,0.004171011470281543,0,120,189
RF_SRPT_proxy,441,132.88485260770977,397.0,9047.0,0.19685177522014663,0.004171011470281543,0,120,189
FIFO,648,1455.2759722222224,4917.01,12561.0,0.44429677009526836,0.0026052974381241857,0,120,190
Backfill_FIFO,648,269.9590432098766,1982.0,10178.0,0.548321058082793,0.0,265,120,190
RF_SRPT_proxy,648,265.5747993827161,1797.199999999988,9047.0,0.6168687663498031,0.0,165,120,190
FIFO,756,108.45650793650795,340.0,9047.0,0.1735465577907963,0.002077922077922078,0,120,191
Backfill_FIFO,756,108.45650793650795,340.0,9047.0,0.1735465577907963,0.002077922077922078,0,120,191
RF_SRPT_proxy,756,108.45650793650795,340.0,9047.0,0.1735465577907963,0.002077922077922078,0,120,191
FIFO,409,228.40457212713937,929.7999999999981,10115.0,0.29026024777558085,0.006257822277847309,0,120,192
Backfill_FIFO,409,228.40457212713937,929.7999999999981,10115.0,0.29026024777558085,0.006257822277847309,0,120,192
RF_SRPT_proxy,409,228.40457212713937,929.7999999999981,10115.0,0.29026024777558085,0.006257822277847309,0,120,192
FIFO,905,94.57394475138123,303.7999999999993,10115.0,0.09895525210084036,0.009400544959128065,0,120,193
Backfill_FIFO,905,93.80928176795581,303.7999999999993,10115.0,0.09895525210084036,0.009400544959128065,90,120,193
RF_SRPT_proxy,905,93.81819889502762,303.7999999999993,10115.0,0.09895525210084036,0.0010899182561307902,18,120,193
FIFO,441,144.731768707483,397.0,10115.0,0.10921620942494649,0.013479359730412805,0,120,194
Backfill_FIFO,441,144.731768707483,397.0,10115.0,0.10921620942494649,0.013479359730412805,0,120,194
RF_SRPT_proxy,441,144.731768707483,397.0,10115.0,0.10921620942494649,0.013479359730412805,0,120,194
FIFO,442,123.18058823529414,509.09999999999866,10115.0,0.13964064920085678,0.007190737355271176,0,120,195
Backfill_FIFO,442,121.53479638009051,509.09999999999866,10115.0,0.13964064920085678,0.007312614259597806,58,120,195
RF_SRPT_proxy,442,120.67285067873304,509.09999999999866,10115.0,0.13964064920085678,0.0002437538086532602,25,120,195
FIFO,657,138.7436681887367,650.1999999999999,9047.0,0.22986967364872343,0.005189028910303929,0,120,196
Backfill_FIFO,657,138.31444444444446,650.1999999999999,9047.0,0.22986967364872343,0.005189028910303929,16,120,196
RF_SRPT_proxy,657,138.31444444444446,650.1999999999999,9047.0,0.22986967364872343,0.01952063256733383,6,120,196
FIFO,820,88.35586585365853,192.69999999999754,10115.0,0.20022377759927498,0.009627525252525252,0,120,197
Backfill_FIFO,820,87.83025609756098,192.69999999999754,10115.0,0.20022377759927498,0.009627525252525252,60,120,197
RF_SRPT_proxy,820,87.84009756097562,192.69999999999754,10115.0,0.20022377759927498,0.0,5,120,197
FIFO,784,113.68057397959184,391.1499999999983,10115.0,0.1829535920250453,0.00835509138381201,0,120,198
Backfill_FIFO,784,113.68057397959184,391.1499999999983,10115.0,0.1829535920250453,0.00835509138381201,0,120,198
RF_SRPT_proxy,784,113.68057397959183,391.1499999999983,10115.0,0.1829535920250453,0.007832898172323759,0,120,198
FIFO,418,174.99770334928232,644.8999999999999,10115.0,0.2220694296836382,0.0025560920193126954,0,120,199
Backfill_FIFO,418,155.2417224880383,644.8999999999999,10115.0,0.2220694296836382,0.0028401022436807723,46,120,199
RF_SRPT_proxy,418,154.08861244019138,644.8999999999999,10115.0,0.2220694296836382,0.01959670548139733,21,120,199
FIFO,754,107.5203448275862,393.0,9047.0,0.2985907828561954,0.006883535028311313,0,120,200
Backfill_FIFO,754,99.9454774535809,393.0,9047.0,0.29859078285619534,0.006994559786832464,114,120,200
RF_SRPT_proxy,754,98.35266578249337,394.4000000000001,9047.0,0.29859078285619534,0.00033307427556345063,57,120,200
FIFO,623,84.93817014446228,275.0,5657.0,0.2069115089711863,0.009821976672805401,0,120,201
Backfill_FIFO,623,82.72629213483145,275.0,5657.0,0.20691150897118626,0.009821976672805401,61,120,201
RF_SRPT_proxy,623,82.7392455858748,275.0,5657.0,0.2069115089711863,0.0006138735420503376,18,120,201
FIFO,616,257.50905844155847,948.0,10115.0,0.4121006446696325,0.00023646252069047056,0,120,202
Backfill_FIFO,616,220.6081818181818,920.7575000000002,10115.0,0.41210064466963225,0.00023646252069047056,63,120,202
RF_SRPT_proxy,616,220.82256493506495,932.0,10115.0,0.41210064466963237,0.014187751241428233,50,120,202
FIFO,532,152.16347744360903,854.0,5657.0,0.1260747267397324,0.015376458112407211,0,120,203
Backfill_FIFO,532,152.16347744360903,854.0,5657.0,0.1260747267397324,0.015376458112407211,0,120,203
RF_SRPT_proxy,532,152.16347744360903,854.0,5657.0,0.1260747267397324,0.015376458112407211,0,120,203
FIFO,613,134.83494290375205,566.5999999999971,9047.0,0.3321518919715558,0.008547008547008548,0,120,204
Backfill_FIFO,613,134.83494290375205,566.5999999999971,9047.0,0.3321518919715558,0.008547008547008548,0,120,204
RF_SRPT_proxy,613,134.83494290375205,566.5999999999971,9047.0,0.3321518919715558,0.008547008547008548,0,120,204
FIFO,595,175.97238655462186,823.0,6257.0,0.5320179865217622,0.00593242197575445,0,120,205
Backfill_FIFO,595,148.04297478991597,823.0,6257.0,0.532017986521762,0.006964147536755223,74,120,205
RF_SRPT_proxy,595,150.92028571428574,823.0,6257.0,0.532017986521762,0.021924168171266443,25,120,205
FIFO,714,128.95819327731095,854.0,10115.0,0.3594505488960289,0.02642559109874826,0,120,206
Backfill_FIFO,714,128.95819327731095,854.0,10115.0,0.3594505488960289,0.02642559109874826,0,120,206
RF_SRPT_proxy,714,128.95819327731093,854.0,10115.0,0.3594505488960289,0.02642559109874826,0,120,206
FIFO,683,127.89814055636897,367.0,9047.0,0.21831438943848794,0.002206287920573635,0,120,207
Backfill_FIFO,683,127.8454319180088,367.0,9047.0,0.21831438943848794,0.002206287920573635,2,120,207
RF_SRPT_proxy,683,127.8454319180088,367.0,9047.0,0.21831438943848794,0.002206287920573635,0,120,207
FIFO,366,261.57571038251365,1265.0,10115.0,0.2792875895946614,0.014990736061984167,0,120,208
Backfill_FIFO,366,260.99101092896177,1265.0,10115.0,0.2792875895946614,0.014990736061984167,24,120,208
RF_SRPT_proxy,366,261.0130601092896,1265.0,10115.0,0.2792875895946614,0.00538992757284824,9,120,208
FIFO,524,151.95761450381679,854.0,10115.0,0.201483246828143,0.023066485753052916,0,120,209
Backfill_FIFO,524,151.95761450381679,854.0,10115.0,0.201483246828143,0.023066485753052916,0,120,209
RF_SRPT_proxy,524,151.95761450381679,854.0,10115.0,0.201483246828143,0.023066485753052916,0,120,209
FIFO,577,181.31161178509532,731.4079999999975,10115.0,0.32067379510627775,0.009389671361502348,0,120,210
Backfill_FIFO,577,159.7534835355286,645.1999999999996,10115.0,0.3206737951062778,0.009389671361502348,108,120,210
RF_SRPT_proxy,577,159.3444020797227,650.1999999999999,10115.0,0.3206737951062779,0.0006259780907668231,33,120,210
FIFO,899,1863.500389321469,4902.0,8676.01,0.7838085733918396,0.0,0,120,211
Backfill_FIFO,899,339.09521690767525,2402.0729999999962,8029.0,0.8469711073400593,0.0,495,120,211
RF_SRPT_proxy,899,363.04372636262514,3810.6999999999866,8544.0,0.795918892887797,0.0,325,120,211
FIFO,400,214.45167500000002,860.4499999999923,10115.0,0.26817283531059494,0.0035163646199621317,0,120,212
Backfill_FIFO,400,201.83667500000004,860.4499999999923,10115.0,0.2681728353105949,0.0032458750338111983,20,120,212
RF_SRPT_proxy,400,201.13167499999997,860.4499999999923,10115.0,0.2681728353105949,0.01947525020286719,5,120,212
FIFO,590,211.89223728813562,812.649999999999,10115.0,0.3348781543499752,0.005359877488514548,0,120,213
Backfill_FIFO,590,180.41257627118645,677.9499999999978,10115.0,0.33487815434997537,0.005615109749872384,51,120,213
RF_SRPT_proxy,590,180.95664406779665,681.0999999999981,10115.0,0.3348781543499753,0.020673813169984685,14,120,213
FIFO,721,121.31657420249651,394.0,10115.0,0.19264471597462518,0.0109639104613979,0,120,214
Backfill_FIFO,721,120.78259361997225,394.0,10115.0,0.19264471597462518,0.0109639104613979,51,120,214
RF_SRPT_proxy,721,120.793786407767,394.0,10115.0,0.19264471597462518,0.001979594944419065,8,120,214
FIFO,782,132.54778772378518,374.59999999999945,10115.0,0.22476909705058493,0.0,0,120,215
Backfill_FIFO,782,132.54778772378518,374.59999999999945,10115.0,0.22476909705058493,0.0,0,120,215
RF_SRPT_proxy,782,132.54778772378518,374.59999999999945,10115.0,0.22476909705058493,0.0,0,120,215
FIFO,452,137.8154203539823,515.0,10115.0,0.09456974686933596,0.0076465590484282074,0,120,216
Backfill_FIFO,452,137.8154203539823,515.0,10115.0,0.09456974686933596,0.0076465590484282074,0,120,216
RF_SRPT_proxy,452,137.8154203539823,515.0,10115.0,0.09456974686933596,0.0076465590484282074,0,120,216
FIFO,602,151.1294019933555,396.7999999999997,9047.0,0.2901500819792934,0.0033400133600534404,0,120,217
Backfill_FIFO,602,151.1294019933555,396.7999999999997,9047.0,0.2901500819792934,0.0033400133600534404,0,120,217
RF_SRPT_proxy,602,151.1294019933555,396.7999999999997,9047.0,0.2901500819792934,0.004008016032064128,0,120,217
FIFO,413,184.06445520581116,700.0,10115.0,0.26558402846432677,0.002793296089385475,0,120,218
Backfill_FIFO,413,184.06445520581116,700.0,10115.0,0.26558402846432677,0.002793296089385475,0,120,218
RF_SRPT_proxy,413,184.06445520581113,700.0,10115.0,0.26558402846432677,0.002793296089385475,0,120,218
FIFO,817,159.40998776009792,645.1999999999996,10115.0,0.3449405204728951,0.0027472527472527475,0,120,219
Backfill_FIFO,817,139.6156181150551,644.0,10115.0,0.34494052047289514,0.0027472527472527475,69,120,219
RF_SRPT_proxy,817,141.5874663402693,665.5999999999991,10115.0,0.3449405204728951,0.016483516483516484,29,120,219
FIFO,747,165.11555555555557,700.0,10115.0,0.2792283005849399,0.0054917623564653024,0,120,220
Backfill_FIFO,747,165.11555555555557,700.0,10115.0,0.2792283005849399,0.0054917623564653024,0,120,220
RF_SRPT_proxy,747,165.11555555555557,700.0,10115.0,0.2792283005849399,0.0054917623564653024,0,120,220
FIFO,556,183.98699640287774,713.25,9047.0,0.35275522157437095,0.0002457002457002457,0,120,221
Backfill_FIFO,556,165.0481474820144,713.25,9047.0,0.35275522157437095,0.0002457002457002457,38,120,221
RF_SRPT_proxy,556,170.152464028777,751.0,9047.0,0.35275522157437095,0.014742014742014743,19,120,221
FIFO,926,104.00747300215984,413.5,6257.0,0.44844305377976657,0.007908977383099765,0,120,222
Backfill_FIFO,926,96.19427645788338,391.5,6257.0,0.4484430537797666,0.007908977383099765,127,120,222
RF_SRPT_proxy,926,96.20299136069114,391.5,6257.0,0.4484430537797666,0.0,22,120,222
FIFO,711,189.61642756680735,823.0,10115.0,0.28566734635030494,0.008146191105239982,0,120,223
Backfill_FIFO,711,166.01164556962024,823.0,10115.0,0.28566734635030494,0.010127697049757816,65,120,223
RF_SRPT_proxy,711,166.14385372714486,728.5,10115.0,0.28566734635030494,0.02267723469837076,28,120,223
FIFO,518,177.4260617760618,700.0,10115.0,0.2492336690558576,0.007120166502355132,0,120,224
Backfill_FIFO,518,175.24747104247103,700.0,10115.0,0.24923366905585764,0.007120166502355132,52,120,224
RF_SRPT_proxy,518,174.5119884169884,700.0,10115.0,0.24923366905585764,0.0004381640924526235,30,120,224
FIFO,923,457.7313867822319,1785.8,10099.0,0.46111629348615363,0.008254230293025175,0,120,225
Backfill_FIFO,923,154.66968580715059,405.1999999999998,9047.0,0.5147356524722745,0.008254230293025175,325,120,225
RF_SRPT_proxy,923,154.2168797399783,405.0999999999998,9047.0,0.5147356524722744,0.0005502820195350117,227,120,225
FIFO,600,147.73565,650.05,9047.0,0.23417593769573714,0.00875796178343949,0,120,226
Backfill_FIFO,600,141.01065,650.05,9047.0,0.23417593769573714,0.007961783439490446,32,120,226
RF_SRPT_proxy,600,141.13398333333333,650.05,9047.0,0.23417593769573714,0.022292993630573247,7,120,226
FIFO,623,188.47789727126806,1021.0,10115.0,0.3915332375597299,0.008845643520566122,0,120,227
Backfill_FIFO,623,118.8418459069021,622.0,10115.0,0.3915332375597296,0.013194751584844464,185,120,227
RF_SRPT_proxy,623,117.81475120385232,622.0,10115.0,0.3915332375597296,0.0005159958720330237,113,120,227
FIFO,513,246.27052631578948,881.3999999999996,10115.0,0.3384312716262975,0.014212076583210604,0,120,228
Backfill_FIFO,513,173.39101364522418,722.1999999999992,10115.0,0.33843127162629744,0.013917525773195877,142,120,228
RF_SRPT_proxy,513,173.84270955165692,651.0,10115.0,0.33843127162629744,0.0007363770250368188,134,120,228
FIFO,657,140.41021308980214,651.0,9047.0,0.19412200637412041,0.006934662476974753,0,120,229
Backfill_FIFO,657,138.30575342465755,651.0,9047.0,0.19412200637412041,0.007043016578177484,78,120,229
RF_SRPT_proxy,657,137.72587519025876,651.0,9047.0,0.19412200637412041,0.0004334164048109221,32,120,229
FIFO,706,144.04888101983002,643.75,10115.0,0.19924701763058172,0.01077788191190253,0,120,230
Backfill_FIFO,706,143.99505665722378,643.75,10115.0,0.1992470176305817,0.010543580131208997,5,120,230
RF_SRPT_proxy,706,143.99505665722378,643.75,10115.0,0.1992470176305817,0.023898781630740395,1,120,230
FIFO,456,153.2626754385965,645.75,10115.0,0.27667394649036087,0.005821645938078857,0,120,231
Backfill_FIFO,456,153.22320175438597,645.75,10115.0,0.27667394649036087,0.005821645938078857,4,120,231
RF_SRPT_proxy,456,153.22320175438597,645.75,10115.0,0.27667394649036087,0.0214342418629267,2,120,231
FIFO,572,126.16061188811187,272.2999999999977,10115.0,0.18200876894875595,0.002982848620432513,0,120,232
Backfill_FIFO,572,126.15361888111887,272.2999999999977,10115.0,0.18200876894875595,0.002982848620432513,3,120,232
RF_SRPT_proxy,572,126.15361888111887,272.2999999999977,10115.0,0.18200876894875595,0.017897091722595078,1,120,232
FIFO,384,144.69468750000001,618.0999999999991,10115.0,0.13086994974460373,0.010589013898080741,0,120,233
Backfill_FIFO,384,144.33531250000001,618.0999999999991,10115.0,0.13086994974460373,0.010589013898080741,17,120,233
RF_SRPT_proxy,384,144.356328125,618.0999999999991,10115.0,0.13086994974460373,0.0006618133686300463,6,120,233
FIFO,848,111.5146816037736,386.6999999999996,9047.0,0.25049008534136563,0.004636068613815485,0,120,234
Backfill_FIFO,848,104.44156839622643,386.6999999999996,9047.0,0.2504900853413654,0.004636068613815485,36,120,234
RF_SRPT_proxy,848,105.68567216981131,406.0,9047.0,0.2504900853413656,0.018312471024571165,9,120,234
FIFO,620,152.38187096774195,898.0,10115.0,0.19389797639644085,0.038560411311053984,0,120,235
Backfill_FIFO,620,152.38187096774195,898.0,10115.0,0.19389797639644085,0.038560411311053984,0,120,235
RF_SRPT_proxy,620,152.38187096774195,898.0,10115.0,0.19389797639644085,0.038560411311053984,0,120,235
FIFO,830,111.77715662650601,395.1999999999998,9047.0,0.32684319848200155,0.005366883688192856,0,120,236
Backfill_FIFO,830,102.79109638554218,395.1999999999998,9047.0,0.32684319848200155,8.798169980644026e-05,197,120,236
RF_SRPT_proxy,830,101.23213253012048,384.8999999999992,9047.0,0.32684319848200155,0.00017596339961288053,70,120,236
FIFO,335,273.0641791044776,1454.0,10115.0,0.2663432834898666,0.0,0,120,237
Backfill_FIFO,335,273.0313432835821,1454.0,10115.0,0.2663432834898666,0.0,4,120,237
RF_SRPT_proxy,335,273.0313432835821,1454.0,10115.0,0.2663432834898666,0.018598884066955982,1,120,237
FIFO,338,211.01346153846154,1173.7999999999965,9047.0,0.18440712275708335,0.006020642201834863,0,120,238
Backfill_FIFO,338,211.0016272189349,1173.7999999999965,9047.0,0.18440712275708335,0.006020642201834863,2,120,238
RF_SRPT_proxy,338,211.0016272189349,1173.7999999999965,9047.0,0.18440712275708335,0.022935779816513763,2,120,238
FIFO,668,160.8106137724551,817.3499999999977,10115.0,0.2834364990113692,0.00802407221664995,0,120,239
Backfill_FIFO,668,158.3646107784431,817.3499999999977,10115.0,0.2834364990113692,0.00802407221664995,76,120,239
RF_SRPT_proxy,668,157.79428143712576,817.3499999999977,10115.0,0.2834364990113692,0.0012258999219881869,43,120,239
FIFO,494,123.17771255060731,685.5999999999913,4176.0,0.17521450949872286,0.022307692307692306,0,120,240
Backfill_FIFO,494,123.17771255060731,685.5999999999913,4176.0,0.17521450949872286,0.022307692307692306,0,120,240
RF_SRPT_proxy,494,123.17771255060731,685.5999999999913,4176.0,0.17521450949872286,0.022307692307692306,0,120,240
FIFO,846,126.08063829787234,373.0,10115.0,0.3160639623496458,0.004137931034482759,0,120,241
Backfill_FIFO,846,126.07827423167849,373.0,10115.0,0.3160639623496458,0.004137931034482759,1,120,241
RF_SRPT_proxy,846,126.07827423167849,373.0,10115.0,0.3160639623496458,0.01793103448275862,1,120,241
FIFO,516,173.42870155038764,778.25,10115.0,0.38415034808040854,0.007547169811320755,0,120,242
Backfill_FIFO,516,173.4248255813954,778.25,10115.0,0.38415034808040854,0.007547169811320755,1,120,242
RF_SRPT_proxy,516,173.4248255813954,778.25,10115.0,0.38415034808040854,0.007547169811320755,0,120,242
FIFO,379,188.54905013192612,957.9999999999976,10115.0,0.28973181640303186,0.005091344713986224,0,120,243
Backfill_FIFO,379,188.53849604221634,957.9999999999976,10115.0,0.28973181640303186,0.005091344713986224,2,120,243
RF_SRPT_proxy,379,188.53849604221634,957.9999999999976,10115.0,0.28973181640303186,0.022461814914645103,2,120,243
FIFO,701,127.59416547788874,515.0,10115.0,0.25164831417861266,0.005028916268544128,0,120,244
Backfill_FIFO,701,110.25322396576321,507.0,10115.0,0.2516483141786125,0.004526024641689716,49,120,244
RF_SRPT_proxy,701,108.41442225392298,604.0,10115.0,0.2516483141786126,0.018606990193613275,18,120,244
FIFO,330,159.10951515151515,650.55,10115.0,0.14111874279123413,0.010739216037229282,0,120,245
Backfill_FIFO,330,158.53066666666666,650.55,10115.0,0.14111874279123413,0.010739216037229282,24,120,245
RF_SRPT_proxy,330,158.5551212121212,650.55,10115.0,0.14111874279123413,0.0,3,120,245
FIFO,610,136.05560655737708,381.2999999999988,10115.0,0.20034567371066075,0.0018788163457022077,0,120,246
Backfill_FIFO,610,136.05560655737708,381.2999999999988,10115.0,0.20034567371066075,0.0018788163457022077,0,120,246
RF_SRPT_proxy,610,136.05560655737708,381.2999999999988,10115.0,0.20034567371066075,0.0018788163457022077,0,120,246
FIFO,342,501.35766081871355,2155.0,9649.0,0.3523699962431341,0.0033353547604608852,0,120,247
Backfill_FIFO,342,245.66830409356726,1454.0,9047.0,0.3758171873272908,0.0030321406913280777,117,120,247
RF_SRPT_proxy,342,245.66830409356726,1454.0,9047.0,0.3758171873272908,0.020921770770163734,96,120,247
FIFO,1041,86.31293948126802,291.0,9047.0,0.2508945771618584,0.004703476482617587,0,120,248
Backfill_FIFO,1041,86.30717579250721,291.0,9047.0,0.2508945771618584,0.004703476482617587,2,120,248
RF_SRPT_proxy,1041,86.30717579250721,291.0,9047.0,0.2508945771618584,0.016564417177914112,1,120,248
FIFO,447,1018.0512080536914,3155.3999999999987,11363.0,0.33708961376837127,0.013979979288919572,0,120,249
Backfill_FIFO,447,237.19328859060408,1398.8999999999985,9047.0,0.42338336257875525,0.013807386952019331,187,120,249
RF_SRPT_proxy,447,236.8329753914989,1398.8999999999985,9047.0,0.4233833625787553,0.0044874007594062825,129,120,249
FIFO,881,94.48380249716233,307.0,5657.0,0.1808564720700019,0.006982649174777825,0,120,250
Backfill_FIFO,881,94.47472190692396,307.0,5657.0,0.1808564720700019,0.006982649174777825,3,120,250
RF_SRPT_proxy,881,94.47472190692396,307.0,5657.0,0.1808564720700019,0.01946677951756242,2,120,250
FIFO,632,137.44871835443038,723.8499999999964,9047.0,0.28335758515714227,0.01072724404480202,0,120,251
Backfill_FIFO,632,136.97878164556963,723.8499999999964,9047.0,0.28335758515714227,0.01072724404480202,38,120,251
RF_SRPT_proxy,632,136.99155063291138,723.8499999999964,9047.0,0.28335758515714227,0.001419782300047326,12,120,251
FIFO,532,147.3634962406015,852.9,10115.0,0.20485598018619217,0.007047980482515587,0,120,252
Backfill_FIFO,532,147.35597744360902,852.9,10115.0,0.20485598018619217,0.007047980482515587,2,120,252
RF_SRPT_proxy,532,147.35597744360902,852.9,10115.0,0.20485598018619217,0.022770398481973434,2,120,252
FIFO,824,530.3661286407767,2035.5514999999998,10953.0,0.4050907314206153,0.006780402449693788,0,120,253
Backfill_FIFO,824,165.83969660194174,499.0,10115.0,0.4386513871725163,0.0030621172353455816,281,120,253
RF_SRPT_proxy,824,165.5569296116505,472.8999999999969,10115.0,0.4386513871725163,0.016185476815398076,238,120,253
FIFO,910,89.98936263736265,299.7999999999993,6257.0,0.33901980115603875,0.0071090047393364926,0,120,254
Backfill_FIFO,910,87.88057142857144,299.7999999999993,6257.0,0.33901980115603875,0.0071090047393364926,19,120,254
RF_SRPT_proxy,910,87.10914285714287,283.7999999999993,6257.0,0.33901980115603864,0.01981904351572598,9,120,254
FIFO,677,128.70288035450517,622.0,6257.0,0.4612102262133076,0.01102998291129408,0,120,255
Backfill_FIFO,677,110.70580502215658,531.1999999999945,6257.0,0.46121022621330726,0.010874631039304023,98,120,255
RF_SRPT_proxy,677,110.75169867060562,531.1999999999945,6257.0,0.4612102262133073,0.002019574335870747,34,120,255
FIFO,783,425.3355810983398,1609.0100000000002,10066.0,0.339493163868468,0.006951596292481977,0,120,256
Backfill_FIFO,783,167.58075351213284,853.8,10066.0,0.3394931638684682,0.0038619979402677654,168,120,256
RF_SRPT_proxy,783,167.58075351213284,853.8,10066.0,0.3394931638684682,0.018537590113285273,122,120,256
FIFO,650,137.04404615384615,359.7999999999993,10115.0,0.2588493110479486,0.0025559105431309905,0,120,257
Backfill_FIFO,650,137.04404615384615,359.7999999999993,10115.0,0.2588493110479486,0.0025559105431309905,0,120,257
RF_SRPT_proxy,650,137.04404615384615,359.7999999999993,10115.0,0.2588493110479486,0.0025559105431309905,0,120,257
FIFO,256,288.8015234375,1312.0,9047.0,0.2433512524870122,0.010536713862364174,0,120,258
Backfill_FIFO,256,273.7077734375,1151.0,9047.0,0.24335125248701225,0.010536713862364174,24,120,258
RF_SRPT_proxy,256,274.3132421875,1151.0,9047.0,0.24335125248701225,0.028975963121501483,3,120,258
FIFO,913,111.44575027382257,351.0,10115.0,0.13913492647058825,0.007166947723440135,0,120,259
Backfill_FIFO,913,111.44575027382257,351.0,10115.0,0.13913492647058825,0.007166947723440135,0,120,259
RF_SRPT_proxy,913,111.44575027382257,351.0,10115.0,0.13913492647058825,0.007166947723440135,0,120,259
FIFO,1161,73.53135228251507,291.0,5657.0,0.207078639664722,0.005672268907563025,0,120,260
Backfill_FIFO,1161,73.52790697674418,291.0,5657.0,0.20707863966472206,0.005672268907563025,1,120,260
RF_SRPT_proxy,1161,73.52790697674418,291.0,5657.0,0.20707863966472206,0.01764705882352941,0,120,260
FIFO,568,172.65679577464792,898.0,9047.0,0.26306322768136775,0.009413067552602437,0,120,261
Backfill_FIFO,568,172.65679577464792,898.0,9047.0,0.26306322768136775,0.009413067552602437,0,120,261
RF_SRPT_proxy,568,172.65679577464792,898.0,9047.0,0.26306322768136775,0.009413067552602437,0,120,261
FIFO,922,131.64380694143168,547.9004999999999,10115.0,0.29098701186356896,0.00296600501939311,0,120,262
Backfill_FIFO,922,114.00823210412149,416.0,10115.0,0.290987011863569,0.00296600501939311,70,120,262
RF_SRPT_proxy,922,112.48654013015184,578.6499999999954,10115.0,0.29098701186356896,0.01642710472279261,22,120,262
FIFO,692,186.05157514450866,651.0,9047.0,0.3354951975332523,0.011331884507916796,0,120,263
Backfill_FIFO,692,161.3767196531792,651.0,9047.0,0.3354951975332523,0.011176653213287799,89,120,263
RF_SRPT_proxy,692,162.23520231213874,701.1499999999995,9047.0,0.3354951975332523,0.0020180068301769638,21,120,263
FIFO,571,181.62569176882664,951.0,9047.0,0.49549282796322924,0.011235955056179775,0,120,264
Backfill_FIFO,571,181.62569176882664,951.0,9047.0,0.49549282796322924,0.011235955056179775,0,120,264
RF_SRPT_proxy,571,181.62569176882664,951.0,9047.0,0.49549282796322924,0.011235955056179775,0,120,264
FIFO,613,122.87536704730833,644.0,6257.0,0.4745131835677376,0.009482129832239242,0,120,265
Backfill_FIFO,613,122.87536704730833,644.0,6257.0,0.4745131835677376,0.009482129832239242,0,120,265
RF_SRPT_proxy,613,122.87536704730833,644.0,6257.0,0.4745131835677376,0.009482129832239242,0,120,265
FIFO,760,123.07176315789472,406.0,10115.0,0.21198145596473883,0.016901408450704224,0,120,266
Backfill_FIFO,760,123.07176315789472,406.0,10115.0,0.21198145596473883,0.016901408450704224,0,120,266
RF_SRPT_proxy,760,123.07176315789472,406.0,10115.0,0.21198145596473883,0.016901408450704224,0,120,266
FIFO,642,145.33866043613708,591.9499999999945,10115.0,0.1473389747075301,0.013075965130759652,0,120,267
Backfill_FIFO,642,145.33866043613708,591.9499999999945,10115.0,0.1473389747075301,0.013075965130759652,0,120,267
RF_SRPT_proxy,642,145.33866043613708,591.9499999999945,10115.0,0.1473389747075301,0.013075965130759652,0,120,267
FIFO,604,127.58552980132451,651.0,10115.0,0.17868269484264296,0.012420382165605096,0,120,268
Backfill_FIFO,604,127.00109271523179,651.0,10115.0,0.17868269484264296,0.012420382165605096,44,120,268
RF_SRPT_proxy,604,127.01445364238413,651.0,10115.0,0.17868269484264296,0.0031847133757961785,11,120,268
FIFO,280,314.3377857142857,2197.1500000000115,10115.0,0.278961600963915,0.0035810205908683975,0,120,269
Backfill_FIFO,280,314.3377857142857,2197.1500000000115,10115.0,0.278961600963915,0.0035810205908683975,0,120,269
RF_SRPT_proxy,280,314.33778571428576,2197.1500000000115,10115.0,0.278961600963915,0.021486123545210387,0,120,269
FIFO,763,103.92872870249019,390.3999999999994,10115.0,0.20680834466139408,0.002618486514794449,0,120,270
Backfill_FIFO,763,103.88154652686764,390.3999999999994,10115.0,0.20680834466139408,0.002618486514794449,5,120,270
RF_SRPT_proxy,763,103.88154652686764,390.3999999999994,10115.0,0.20680834466139408,0.018067556952081697,2,120,270
FIFO,664,120.19990963855423,350.85,10115.0,0.16624555322128848,0.009458039333433418,0,120,271
Backfill_FIFO,664,119.76165662650604,349.35000000000025,10115.0,0.16624555322128848,0.009458039333433418,41,120,271
RF_SRPT_proxy,664,119.77381024096387,349.35000000000025,10115.0,0.16624555322128848,0.0006005104338687885,9,120,271
FIFO,373,181.50554959785524,579.3999999999984,10115.0,0.2583235077854672,0.001156737998843262,0,120,272
Backfill_FIFO,373,163.28034852546918,579.3999999999984,10115.0,0.2583235077854672,0.0002891844997108155,32,120,272
RF_SRPT_proxy,373,157.41707774798928,462.59999999999934,10115.0,0.25832350778546725,0.01735106998264893,20,120,272
FIFO,644,150.70965838509315,393.0,10115.0,0.34869141435986145,0.0023391812865497076,0,120,273
Backfill_FIFO,644,150.63201863354035,393.0,10115.0,0.34869141435986145,0.0023391812865497076,4,120,273
RF_SRPT_proxy,644,150.63201863354035,393.0,10115.0,0.34869141435986145,0.0023391812865497076,0,120,273
FIFO,723,100.49582295988937,253.69999999999993,9047.0,0.1993093186968055,0.0005889281507656066,0,120,274
Backfill_FIFO,723,100.49582295988937,253.69999999999993,9047.0,0.1993093186968055,0.0005889281507656066,0,120,274
RF_SRPT_proxy,723,100.49582295988937,253.69999999999993,9047.0,0.1993093186968055,0.001177856301531213,0,120,274
FIFO,662,240.8667824773414,877.9504999999999,9047.0,0.3965358072197047,0.004524886877828055,0,120,275
Backfill_FIFO,662,179.69879154078552,851.1519999999988,9047.0,0.3965358072197045,0.004977375565610859,123,120,275
RF_SRPT_proxy,662,186.15796072507553,853.8999999999999,9047.0,0.39653580721970444,0.017873303167420813,84,120,275
FIFO,581,146.00065404475043,644.0,10115.0,0.22635015344373038,0.009784244856999498,0,120,276
Backfill_FIFO,581,145.9972117039587,644.0,10115.0,0.22635015344373038,0.009784244856999498,1,120,276
RF_SRPT_proxy,581,145.9972117039587,644.0,10115.0,0.22635015344373038,0.024586051179126944,1,120,276
FIFO,1047,68.64132760267431,272.0,4176.0,0.2236277114264048,0.010367990654205607,0,120,277
Backfill_FIFO,1047,67.99853868194843,272.0,4176.0,0.2236277114264048,0.010367990654205607,94,120,277
RF_SRPT_proxy,1047,68.00624641833812,272.0,4176.0,0.2236277114264048,0.0020443925233644858,13,120,277
FIFO,576,128.4954861111111,602.5,10115.0,0.1683409694760257,0.007483629560336763,0,120,278
Backfill_FIFO,576,127.39305555555558,602.5,10115.0,0.1683409694760257,0.006314312441534144,12,120,278
RF_SRPT_proxy,576,127.3392361111111,602.5,10115.0,0.16834096947602567,0.019878391019644528,3,120,278
FIFO,455,179.31432967032964,867.199999999998,9047.0,0.23096007424192178,0.004535752401280683,0,120,279
Backfill_FIFO,455,171.42641758241757,867.199999999998,9047.0,0.23096007424192178,0.004535752401280683,29,120,279
RF_SRPT_proxy,455,171.7429010989011,867.199999999998,9047.0,0.23096007424192178,0.020010672358591247,11,120,279
FIFO,553,275.433670886076,1047.0100000000002,10115.0,0.39753280297413074,0.007002074688796681,0,120,280
Backfill_FIFO,553,179.2979204339964,854.0,10115.0,0.39753280297413085,0.004927385892116182,92,120,280
RF_SRPT_proxy,553,179.66853526220618,854.0,10115.0,0.39753280297413085,0.01996887966804979,61,120,280
FIFO,699,298.02537911301863,1042.900000000005,10115.0,0.4157532964656452,0.009134505594884677,0,120,281
Backfill_FIFO,699,226.6590414878398,951.0,10115.0,0.4157532964656452,0.008677780315140443,101,120,281
RF_SRPT_proxy,699,226.2679971387697,951.0,10115.0,0.4157532964656451,0.021009362868234755,83,120,281
FIFO,680,114.54822058823531,376.5499999999986,6257.0,0.23571467123488368,0.0,0,120,282
Backfill_FIFO,680,114.54822058823531,376.5499999999986,6257.0,0.23571467123488368,0.0,0,120,282
RF_SRPT_proxy,680,114.54822058823528,376.5499999999986,6257.0,0.23571467123488368,0.0,0,120,282
FIFO,590,155.6320677966102,700.0,9047.0,0.21983476336538813,0.0020335536349771225,0,120,283
Backfill_FIFO,590,155.6320677966102,700.0,9047.0,0.21983476336538813,0.0020335536349771225,0,120,283
RF_SRPT_proxy,590,155.6320677966102,700.0,9047.0,0.21983476336538813,0.0020335536349771225,0,120,283
FIFO,334,317.97152694610776,2147.0,10115.0,0.3946716839677047,0.025830258302583026,0,120,284
Backfill_FIFO,334,317.97152694610776,2147.0,10115.0,0.3946716839677047,0.025830258302583026,0,120,284
RF_SRPT_proxy,334,317.9715269461078,2147.0,10115.0,0.3946716839677047,0.025830258302583026,0,120,284
FIFO,776,102.6389175257732,393.25,10115.0,0.3129182731916296,0.011817670230725942,0,120,285
Backfill_FIFO,776,102.6389175257732,393.25,10115.0,0.3129182731916296,0.011817670230725942,0,120,285
RF_SRPT_proxy,776,102.6389175257732,393.25,10115.0,0.3129182731916296,0.011817670230725942,0,120,285
FIFO,863,117.65169177288529,452.0,10115.0,0.2489912598863074,0.006086142322097378,0,120,286
Backfill_FIFO,863,100.91009269988413,396.69999999999993,10115.0,0.24899125988630735,0.0049157303370786515,75,120,286
RF_SRPT_proxy,863,99.70035921205098,405.79999999999995,10115.0,0.2489912598863074,0.018726591760299626,27,120,286
FIFO,593,148.05839797639126,630.7999999999995,10115.0,0.2806540822211237,0.011376564277588168,0,120,287
Backfill_FIFO,593,147.46983136593593,630.7999999999995,10115.0,0.2806540822211237,0.01121404193076548,45,120,287
RF_SRPT_proxy,593,147.48344013490726,630.7999999999995,10115.0,0.2806540822211237,0.0017877458150495694,11,120,287
FIFO,581,218.202082616179,1303.0,9047.0,0.5491813504016062,0.0026402640264026403,0,120,288
Backfill_FIFO,581,218.1521686746988,1303.0,9047.0,0.5491813504016063,0.0,2,120,288
RF_SRPT_proxy,581,218.1521686746988,1303.0,9047.0,0.5491813504016063,0.0,2,120,288
FIFO,893,141.15239641657334,449.5999999999975,10115.0,0.34918996951721865,0.0058451047247929854,0,120,289
Backfill_FIFO,893,141.15239641657334,449.5999999999975,10115.0,0.34918996951721865,0.0058451047247929854,0,120,289
RF_SRPT_proxy,893,141.15239641657337,449.5999999999975,10115.0,0.34918996951721865,0.0058451047247929854,0,120,289
FIFO,572,149.9387062937063,854.0,10115.0,0.26505091036414563,0.013236684525685471,0,120,290
Backfill_FIFO,572,149.51912587412588,854.0,10115.0,0.26505091036414563,0.013236684525685471,26,120,290
RF_SRPT_proxy,572,149.53323426573428,854.0,10115.0,0.26505091036414563,0.004254648597541759,13,120,290
FIFO,425,111.07802352941177,622.0,6257.0,0.34365596365404083,0.011803506335705607,0,120,291
Backfill_FIFO,425,108.37920000000001,622.0,6257.0,0.34365596365404083,0.011629925360180524,32,120,291
RF_SRPT_proxy,425,108.39818823529413,622.0,6257.0,0.34365596365404083,0.001562228779725742,8,120,291
FIFO,918,98.61405228758171,351.0,10115.0,0.20352964038556604,0.005953693495038589,0,120,292
Backfill_FIFO,918,98.32211328976037,351.0,10115.0,0.203529640385566,0.006835722160970232,13,120,292
RF_SRPT_proxy,918,98.32211328976037,351.0,10115.0,0.203529640385566,0.01962513781697905,5,120,292
FIFO,751,166.27684420772303,647.0,9047.0,0.35405161816992753,0.00820251732428228,0,120,293
Backfill_FIFO,751,147.05314247669773,638.5,9047.0,0.3540516181699276,0.00820251732428228,116,120,293
RF_SRPT_proxy,751,149.34351531291614,651.0,9047.0,0.35405161816992753,0.0,34,120,293
FIFO,861,181.42406504065045,658.0,9047.0,0.3967486390516194,0.009502262443438913,0,120,294
Backfill_FIFO,861,139.20317073170733,622.0,9047.0,0.3967486390516193,0.009502262443438913,162,120,294
RF_SRPT_proxy,861,141.57243902439026,651.0,9047.0,0.39674863905161917,0.0006033182503770739,67,120,294
FIFO,751,132.4748069241012,596.0,9047.0,0.23393616783648355,0.009060022650056626,0,120,295
Backfill_FIFO,751,130.7863914780293,596.0,9047.0,0.23393616783648355,0.00883352208380521,20,120,295
RF_SRPT_proxy,751,130.78905459387482,596.0,9047.0,0.23393616783648355,0.021970554926387317,10,120,295
FIFO,559,1537.4317889087658,4297.0,12542.0,0.38813740166374316,0.011593294689017703,0,120,296
Backfill_FIFO,559,276.3404830053667,1982.0,9047.0,0.5380810535720865,0.009869967100109666,261,120,296
RF_SRPT_proxy,559,276.2294991055456,1982.0,9047.0,0.5380810535720865,0.0015666614444618519,166,120,296
FIFO,464,155.46163793103452,404.6499999999997,10115.0,0.24224152661064427,0.0,0,120,297
Backfill_FIFO,464,150.98534482758623,404.6499999999997,10115.0,0.24224152661064421,0.0,27,120,297
RF_SRPT_proxy,464,151.31293103448277,404.6499999999997,10115.0,0.24224152661064421,0.017756732761171946,10,120,297
FIFO,723,104.17522821576763,350.9,9047.0,0.16761760919826105,0.00893236920459379,0,120,298
Backfill_FIFO,723,103.71464730290457,349.89999999999975,9047.0,0.16761760919826105,0.00893236920459379,44,120,298
RF_SRPT_proxy,723,103.7258091286307,349.89999999999975,9047.0,0.16761760919826105,0.0005671345526726216,10,120,298
FIFO,670,158.61110447761195,406.0,10115.0,0.2826709826577691,0.0025846471956577927,0,120,299
Backfill_FIFO,670,145.43050746268656,406.0,10115.0,0.282670982657769,0.002843111915223572,45,120,299
RF_SRPT_proxy,670,145.24841791044776,540.55,10115.0,0.282670982657769,0.01783406565003877,13,120,299
FIFO,805,6024.733838509318,11245.060000000001,19795.07,0.2483248225994527,0.00040749796251018743,0,64,0
Backfill_FIFO,805,1063.5576521739133,9762.818,11303.03,0.43489287793571724,0.00013583265417006248,762,64,0
RF_SRPT_proxy,805,1076.474434782609,9775.418,11187.02,0.4394027405058497,0.00027166530834012495,440,64,0
FIFO,792,6299.462563131314,14559.04,22861.04,0.25637440327654604,0.00789127575624726,0,64,1
Backfill_FIFO,792,599.8767171717172,7711.235499999984,10154.01,0.5772089537317031,0.00394563787812363,778,64,1
RF_SRPT_proxy,792,596.1179292929294,7685.155499999982,10260.01,0.5712455921857046,0.0070144673388864535,401,64,1
FIFO,638,335.51346394984324,1440.0,11135.0,0.5400447666423439,0.00991407799074686,0,64,2
Backfill_FIFO,638,193.97114420062698,1408.5499999999993,11326.0,0.5309375310403054,0.007931262392597489,132,64,2
RF_SRPT_proxy,638,171.5510815047022,852.3,10896.0,0.5518904622395833,0.013218770654329148,83,64,2
FIFO,804,201.76766169154226,1016.2499999999995,9241.0,0.5818969385753705,0.011884550084889643,0,64,3
Backfill_FIFO,804,133.50024875621892,649.0999999999995,9049.0,0.5942435196568681,0.014148273910582909,93,64,3
RF_SRPT_proxy,804,130.5450248756219,650.0,9062.0,0.5933910405401677,0.011884550084889643,19,64,3
FIFO,915,4102.460415300547,7842.07,16139.08,0.27816747962283156,0.0014656616415410384,0,64,4
Backfill_FIFO,915,1258.3970819672134,8723.31,10342.04,0.43408913589884107,0.00638609715242881,891,64,4
RF_SRPT_proxy,915,1271.0977377049182,8833.183000000005,10316.03,0.43518361298205327,0.00628140703517588,434,64,4
FIFO,620,6833.0842741935485,14833.13,22827.03,0.27016428515612856,0.0034644889878742884,0,64,5
Backfill_FIFO,620,818.9377903225806,9392.011,11440.01,0.5390771723265542,0.0,579,64,5
RF_SRPT_proxy,620,849.3920322580647,9357.0015,11382.01,0.5418241806313212,0.001979707993071022,317,64,5
FIFO,592,6586.212719594596,13173.524500000001,21840.07,0.25044412614491385,0.0032674653804263265,0,64,6
Backfill_FIFO,592,1216.6369763513514,8705.014500000001,10218.0,0.5353021380009543,0.0026450910222498834,528,64,6
RF_SRPT_proxy,592,1316.7231418918923,8723.0,10244.02,0.5339424606837698,0.0029562782013381047,386,64,6
FIFO,698,152.8968481375358,657.4999999999989,10115.0,0.5806377691701681,0.01386001386001386,0,64,7
Backfill_FIFO,698,152.88681948424068,657.4999999999989,10115.0,0.5806377691701681,0.011088011088011088,1,64,7
RF_SRPT_proxy,698,152.88681948424068,657.4999999999989,10115.0,0.5806377691701681,0.011088011088011088,1,64,7
FIFO,720,6093.446055555556,12876.9495,20795.050000000003,0.2187494064092176,0.00896551724137931,0,64,8
Backfill_FIFO,720,603.4965833333333,8089.34,10152.01,0.44807923196982696,0.004137931034482759,677,64,8
RF_SRPT_proxy,720,609.10725,8055.319,10096.01,0.4505646135205891,0.004137931034482759,351,64,8
FIFO,1143,70.52495188101486,248.29999999999632,10115.0,0.3094729690589471,0.0,0,64,9
Backfill_FIFO,1143,70.52232720909885,248.29999999999632,10115.0,0.3094729690589471,0.0,1,64,9
RF_SRPT_proxy,1143,70.52232720909885,248.29999999999632,10115.0,0.3094729690589471,0.0,0,64,9
FIFO,875,128.8536457142857,637.3999999999992,10674.0,0.4523260851426364,0.014958448753462604,0,64,10
Backfill_FIFO,875,108.24106285714286,432.09999999999695,10127.0,0.4767580362212403,0.014958448753462604,80,64,10
RF_SRPT_proxy,875,107.76792,409.1999999999998,10127.0,0.4767580362212403,0.014958448753462604,36,64,10
FIFO,535,152.09413084112148,680.8999999999953,9047.0,0.39678094041878526,0.011535048802129548,0,64,11
Backfill_FIFO,535,152.09413084112148,680.8999999999953,9047.0,0.39678094041878526,0.011535048802129548,0,64,11
RF_SRPT_proxy,535,152.0941308411215,680.8999999999953,9047.0,0.39678094041878526,0.011535048802129548,0,64,11
FIFO,619,128.30835218093702,367.8000000000002,10115.0,0.4621991820625308,0.0,0,64,12
Backfill_FIFO,619,128.30835218093702,367.8000000000002,10115.0,0.4621991820625308,0.0,0,64,12
RF_SRPT_proxy,619,128.30835218093702,367.8000000000002,10115.0,0.4621991820625308,0.0,0,64,12
FIFO,980,5184.551397959185,11752.120000000003,20453.120000000003,0.4804767522937821,0.00123373710183939,0,64,13
Backfill_FIFO,980,1890.9666020408167,12270.050000000001,13812.050000000001,0.7114981970000823,0.00785105428443248,816,64,13
RF_SRPT_proxy,980,1935.7105204081638,12924.3295,14273.04,0.6885182604319043,0.008075370121130552,437,64,13
FIFO,1257,6233.106626889418,15126.029999999999,23234.039999999997,0.3892186658360428,0.004798080767692923,0,64,14
Backfill_FIFO,1257,583.3039777247416,3352.6020000000008,13639.01,0.6630336110011833,0.0,1212,64,14
RF_SRPT_proxy,1257,537.5449801113763,2644.4000000000287,13583.01,0.6657671643311197,0.0,521,64,14
FIFO,780,85.53983333333335,293.4499999999978,10115.0,0.3910280118481216,0.008675078864353312,0,64,15
Backfill_FIFO,780,83.83598717948718,293.4499999999978,10115.0,0.3910280118481216,0.007886435331230283,33,64,15
RF_SRPT_proxy,780,83.83598717948719,293.4499999999978,10115.0,0.3910280118481216,0.007886435331230283,7,64,15
FIFO,375,208.88357333333332,984.0,10115.0,0.24064164645637667,0.037,0,64,16
Backfill_FIFO,375,194.55024,898.0,10115.0,0.24064164645637667,0.037,37,64,16
RF_SRPT_proxy,375,196.17432,898.0,10115.0,0.24064164645637667,0.036,19,64,16
FIFO,968,5962.227427685952,14438.990000000002,22631.04,0.25710918810238065,0.007816091954022988,0,64,17
Backfill_FIFO,968,498.23032024793395,3763.0,10575.01,0.550226271210382,0.0034482758620689655,863,64,17
RF_SRPT_proxy,968,503.9573140495869,3763.0,10092.01,0.5765599043513138,0.004137931034482759,416,64,17
FIFO,855,89.92927485380119,322.49999999999886,10115.0,0.17027733409540288,0.005461767626613704,0,64,18
Backfill_FIFO,855,88.99360233918131,322.49999999999886,10115.0,0.17027733409540285,0.005461767626613704,21,64,18
RF_SRPT_proxy,855,88.99360233918131,322.49999999999886,10115.0,0.17027733409540285,0.005958291956305859,6,64,18
FIFO,856,109.33102803738319,340.0,10115.0,0.33751492407624817,0.0019102196752626551,0,64,19
Backfill_FIFO,856,106.08219626168226,340.0,10115.0,0.33751492407624817,0.0019102196752626551,45,64,19
RF_SRPT_proxy,856,106.30766355140189,340.0,10115.0,0.33751492407624817,0.0019102196752626551,11,64,19
FIFO,785,304.5502675159236,1237.8019999999956,10830.0,0.6277968100761772,0.020657995409334353,0,64,20
Backfill_FIFO,785,166.44570700636942,854.0,10645.02,0.6387061229687685,0.014537107880642693,196,64,20
RF_SRPT_proxy,785,171.54501910828026,773.8,11909.0,0.5709160679423125,0.020657995409334353,117,64,20
FIFO,587,148.30209540034073,664.8999999999995,10232.0,0.4579720217516126,0.011022044088176353,0,64,21
Backfill_FIFO,587,126.6921976149915,610.6999999999924,10232.0,0.4579720217516126,0.01002004008016032,75,64,21
RF_SRPT_proxy,587,127.37022146507667,648.1999999999996,10232.0,0.4579720217516126,0.01002004008016032,26,64,21
FIFO,591,2963.729340101523,8060.039999999999,16313.039999999999,0.31071289919751316,0.007095553453169348,0,64,22
Backfill_FIFO,591,734.5268527918782,9152.5,11202.0,0.4524791959583112,0.0033112582781456954,490,64,22
RF_SRPT_proxy,591,735.3359052453471,9130.0,11146.0,0.4547525527655665,0.003547776726584674,314,64,22
FIFO,545,2408.043302752294,5571.01,14217.01,0.30488830891437446,0.005501076297536474,0,64,23
Backfill_FIFO,545,789.4757431192661,9149.0,11202.0,0.38694877135500355,0.0035876584549150922,445,64,23
RF_SRPT_proxy,545,790.3709357798165,9134.2,11146.0,0.3888928886343755,0.0035876584549150922,332,64,23
FIFO,467,2826.183361884369,6802.040000000001,15036.04,0.23799885168609886,0.0057251908396946565,0,64,24
Backfill_FIFO,467,852.0104710920771,9154.1,11192.0,0.31974269602450406,0.0057251908396946565,274,64,24
RF_SRPT_proxy,467,851.6447109207709,9141.106,11136.0,0.321350597513133,0.0057251908396946565,202,64,24
FIFO,318,7781.81921383648,12446.3215,20650.02,0.23715296246535117,0.0027677830058123443,0,64,25
Backfill_FIFO,318,1233.7348427672955,8699.6185,10134.0,0.4832458474411636,0.00249100470523111,257,64,25
RF_SRPT_proxy,318,1243.9677044025161,8694.073,10078.0,0.485931079377729,0.0027677830058123443,266,64,25
FIFO,345,198.25765217391307,1030.8000000000009,10115.0,0.4155748269896194,0.015384615384615385,0,64,26
Backfill_FIFO,345,197.08084057971016,1027.800000000001,10115.0,0.4155748269896194,0.013846153846153847,16,64,26
RF_SRPT_proxy,345,197.08084057971018,1027.800000000001,10115.0,0.4155748269896194,0.013846153846153847,2,64,26
FIFO,673,1224.842719167905,2986.0699999999997,11432.07,0.19386835468664032,0.002394688146293676,0,64,27
Backfill_FIFO,673,337.93780089153046,1382.8,10145.0,0.21846393312592402,0.009143354740394035,569,64,27
RF_SRPT_proxy,673,487.7567459138188,1518.2399999999998,10184.03,0.21762667642991046,0.0019592903015130075,357,64,27
FIFO,459,3918.9379084967322,9629.031,18244.03,0.31566427890212584,0.0,0,64,28
Backfill_FIFO,459,905.3012854030503,8508.202999999998,10147.01,0.567555228014829,0.0,421,64,28
RF_SRPT_proxy,459,904.1687799564271,8513.244999999999,10138.01,0.5680590741396734,0.0,291,64,28
FIFO,662,6972.413051359517,14856.98,23376.03,0.25585008396555153,0.003277920861624912,0,64,29
Backfill_FIFO,662,713.543821752266,8071.0,10445.01,0.5725948791127294,0.0,651,64,29
RF_SRPT_proxy,662,709.5846676737161,8066.799999999999,10306.01,0.5803176242096845,0.0,358,64,29
FIFO,990,3047.257616161616,8651.9845,17115.050000000003,0.289333679459014,0.004294013639808032,0,64,30
Backfill_FIFO,990,320.9726363636364,1440.0,10255.01,0.482882063559665,0.004294013639808032,899,64,30
RF_SRPT_proxy,990,320.92520202020205,1440.0,10255.01,0.482882063559665,0.004294013639808032,426,64,30
FIFO,991,4929.499424823412,12184.060000000001,16149.050000000001,0.22841389083258767,0.002976190476190476,0,64,31
Backfill_FIFO,991,306.49628657921295,2036.0,7357.01,0.5013813143858713,0.0008503401360544217,879,64,31
RF_SRPT_proxy,991,308.88446014127146,2051.5,7301.01,0.5052269951349194,0.0008503401360544217,464,64,31
FIFO,469,6133.308848614075,12527.87,20605.07,0.2459432248122065,0.0009090909090909091,0,64,32
Backfill_FIFO,469,2182.929232409382,8779.416000000001,10288.01,0.4925809134401361,0.007272727272727273,352,64,32
RF_SRPT_proxy,469,2251.4883155650327,8885.046,10120.01,0.5007581379150077,0.007272727272727273,318,64,32
FIFO,675,5860.603481481482,13061.54,21101.04,0.22584175001711995,0.0076818798011748755,0,64,33
Backfill_FIFO,675,620.5343259259258,7932.908999999992,10134.0,0.4702482534814735,0.0022593764121102574,532,64,33
RF_SRPT_proxy,675,618.4795555555555,7916.247999999993,10078.0,0.47286126223271013,0.0024853140533212833,367,64,33
FIFO,1007,5607.894865938431,11190.897000000003,15961.090000000002,0.27910045861921084,0.00210637177461822,0,64,34
Backfill_FIFO,1007,514.8225124131084,5380.4,7419.01,0.600450402285817,0.0014481305950500263,783,64,34
RF_SRPT_proxy,1007,522.4560278053625,5353.849,7309.0,0.6094879653936924,0.0014481305950500263,510,64,34
FIFO,757,571.0675429326288,2095.01,11397.0,0.6887202378504209,0.006147540983606557,0,64,35
Backfill_FIFO,757,298.0812285336856,1784.6039999999887,11392.01,0.6890219154285547,0.0,204,64,35
RF_SRPT_proxy,757,273.58978863936596,1478.0079999999998,11700.0,0.670884149639423,0.0,170,64,35
FIFO,486,319.1638065843622,1549.0,10127.0,0.5982868353164807,0.005758157389635317,0,64,36
Backfill_FIFO,486,229.07944444444445,1303.0,10127.0,0.5982868353164807,0.007037747920665387,60,64,36
RF_SRPT_proxy,486,229.57327160493824,1303.0,10127.0,0.5982868353164807,0.006397952655150352,20,64,36
FIFO,734,6975.62476839237,15583.060000000001,24296.050000000003,0.30064402427940967,0.0007669888019634913,0,64,37
Backfill_FIFO,734,1256.3933242506814,10037.03,11521.03,0.6340112165399928,0.0,612,64,37
RF_SRPT_proxy,734,1377.1898773841963,10918.7035,12323.02,0.5927493622580955,0.0012271820831415861,368,64,37
FIFO,836,2016.9161961722486,4782.03,12986.029999999999,0.318266131770545,0.002145922746781116,0,64,38
Backfill_FIFO,836,522.9807296650717,4754.0,10147.01,0.4073134386539729,0.0019313304721030042,776,64,38
RF_SRPT_proxy,836,538.8726913875599,6275.0,10096.01,0.40937098271062017,0.002145922746781116,444,64,38
FIFO,1015,387.7835763546798,2130.0,11486.0,0.5649333495668639,0.012779552715654952,0,64,39
Backfill_FIFO,1015,166.17370443349753,1045.6,10986.0,0.5906448619265429,0.00867183934276586,271,64,39
RF_SRPT_proxy,1015,184.9833497536946,1202.799999999993,10687.0,0.6071698749064283,0.009584664536741214,132,64,39
FIFO,709,117.0072496473907,393.0,10115.0,0.2953647371632476,0.007032348804500703,0,64,40
Backfill_FIFO,709,116.42614950634697,393.0,10115.0,0.2953647371632476,0.007501172058134084,14,64,40
RF_SRPT_proxy,709,116.36550070521862,393.0,10115.0,0.2953647371632476,0.007501172058134084,2,64,40
FIFO,768,134.30223958333335,395.5999999999999,9047.0,0.43960972041837076,0.0019093078758949881,0,64,41
Backfill_FIFO,768,128.23453125,395.5999999999999,9047.0,0.43960972041837076,0.0019093078758949881,48,64,41
RF_SRPT_proxy,768,128.40380208333335,395.5999999999999,9047.0,0.43960972041837076,0.0019093078758949881,12,64,41
FIFO,879,2980.1466211604106,8935.548999999999,12699.04,0.25734316549469494,0.00015664160401002505,0,64,42
Backfill_FIFO,879,578.9263253697385,5891.550999999997,7445.030000000001,0.4389520461762746,0.0,742,64,42
RF_SRPT_proxy,879,593.1056769055747,5888.041000000001,7329.02,0.4459001547742739,0.0,428,64,42
FIFO,593,1075.4267790893762,4284.206,12537.0,0.6301396693911024,0.010081915563957152,0,64,43
Backfill_FIFO,593,392.39128161888704,2545.4200000000005,12532.0,0.6303910816434926,0.010081915563957152,193,64,43
RF_SRPT_proxy,593,240.55050590219227,963.7999999999993,12532.0,0.6303910816434927,0.006931316950220542,114,64,43
FIFO,753,1860.069216467464,4741.286000000001,12997.080000000002,0.21002366192540944,0.002001556766373846,0,64,44
Backfill_FIFO,753,1430.3203851261626,8793.846000000001,10327.04,0.2643249504153659,0.007783831869231625,649,64,44
RF_SRPT_proxy,753,1478.851540504648,8843.466000000002,10147.04,0.2690138538862071,0.007783831869231625,412,64,44
FIFO,829,105.99820265379977,401.1999999999989,6257.0,0.5649183414575674,0.005891016200294551,0,64,45
Backfill_FIFO,829,105.95718938480097,401.1999999999989,6257.0,0.5649183414575674,0.005400098183603338,6,64,45
RF_SRPT_proxy,829,105.95718938480097,401.1999999999989,6257.0,0.5649183414575674,0.005400098183603338,2,64,45
FIFO,606,1479.6466171617162,3343.5600000000004,12159.060000000001,0.2788326185628247,0.010032412409322426,0,64,46
Backfill_FIFO,606,368.76684818481846,1143.0025,10493.03,0.3231042453002136,0.0018521376755672172,549,64,46
RF_SRPT_proxy,606,371.30331683168316,1144.0025,10466.03,0.32393778147611846,0.0018521376755672172,311,64,46
FIFO,603,5607.7991542288555,10728.760000000002,18977.06,0.21499184101258303,0.003987118540101212,0,64,47
Backfill_FIFO,603,824.736815920398,5915.019,10135.0,0.40255678997594974,0.0032203649746971323,516,64,47
RF_SRPT_proxy,603,841.7998839137646,5926.01,10146.0,0.4021203495373793,0.0032203649746971323,330,64,47
FIFO,599,4039.8446243739577,7708.540000000001,15935.04,0.21667829297102484,0.008140756302521009,0,64,48
Backfill_FIFO,599,795.7450584307177,9172.531,11220.01,0.30773388487398845,0.0070903361344537815,559,64,48
RF_SRPT_proxy,599,802.4890984974959,9139.327000000001,11164.01,0.3092775145870524,0.0070903361344537815,307,64,48
FIFO,683,148.3004831625183,852.0,10115.0,0.3078686916862333,0.013866231647634585,0,64,49
Backfill_FIFO,683,148.3004831625183,852.0,10115.0,0.3078686916862333,0.013866231647634585,0,64,49
RF_SRPT_proxy,683,148.3004831625183,852.0,10115.0,0.3078686916862333,0.013866231647634585,0,64,49
FIFO,570,5384.397298245614,10845.12,19438.02,0.232425041113048,0.0020639834881320948,0,64,50
Backfill_FIFO,570,548.073105263158,5292.124500000001,10221.01,0.4420191935685661,0.0030959752321981426,536,64,50
RF_SRPT_proxy,570,545.9626491228072,5287.299999999999,10221.01,0.4420191935685661,0.0025799793601651187,351,64,50
FIFO,462,4479.1446103896105,10483.730000000001,18767.03,0.25546301000511273,0.0039011703511053317,0,64,51
Backfill_FIFO,462,942.0441558441557,9151.951,11202.0,0.4279844646184834,0.0036410923276983093,322,64,51
RF_SRPT_proxy,462,941.7628787878788,9152.75,11146.0,0.4301347544102144,0.0036410923276983093,215,64,51
FIFO,944,3475.6709004237296,7611.040000000001,16222.03,0.30995189778190524,0.0002260397830018083,0,64,52
Backfill_FIFO,944,476.6236758474576,3971.899999999997,10147.01,0.4955202551663002,0.0,893,64,52
RF_SRPT_proxy,944,487.7677860169492,3977.0,10143.01,0.49571566865999345,0.0,397,64,52
FIFO,1118,5329.719239713776,9822.03,18009.04,0.2797088328191702,0.008488964346349746,0,64,53
Backfill_FIFO,1118,395.9085241502683,2193.1499999999996,10134.0,0.4970680440688526,0.0035842293906810036,944,64,53
RF_SRPT_proxy,1118,398.75465116279076,2129.0,10082.0,0.49963177530189967,0.003961516694963215,516,64,53
FIFO,500,3084.5154600000005,4686.33,13274.03,0.2796863999902441,0.005063965884861407,0,64,54
Backfill_FIFO,500,872.1868600000001,9159.129500000001,11202.0,0.3314198950243259,0.00453091684434968,343,64,54
RF_SRPT_proxy,500,873.3409800000001,9142.3,11146.0,0.33308502279405156,0.00453091684434968,278,64,54
FIFO,551,197.26125226860256,1128.5,10483.0,0.3753149574757941,0.017321785476349102,0,64,55
Backfill_FIFO,551,165.66778584392017,951.0,10115.0,0.3889695204368512,0.011325782811459028,22,64,55
RF_SRPT_proxy,551,165.66778584392017,951.0,10115.0,0.3889695204368512,0.011325782811459028,22,64,55
FIFO,496,2505.9554838709687,5294.040000000001,14068.02,0.21282229348906245,0.011783610069630423,0,64,56
Backfill_FIFO,496,856.0524395161293,8313.545000000002,10147.01,0.29506113438835674,0.00856989823245849,428,64,56
RF_SRPT_proxy,496,862.491370967742,8261.765,10091.01,0.29669857439939107,0.00856989823245849,261,64,56
FIFO,682,171.98740469208212,897.3999999999992,9047.0,0.4936082554127059,0.021160409556313993,0,64,57
Backfill_FIFO,682,161.25866568914955,853.8999999999999,9047.0,0.4936082554127059,0.021843003412969283,56,64,57
RF_SRPT_proxy,682,161.27039589442816,853.8999999999999,9047.0,0.4936082554127059,0.021843003412969283,11,64,57
FIFO,509,178.92962671905696,880.3999999999985,10115.0,0.3233245103188334,0.015129682997118156,0,64,58
Backfill_FIFO,509,178.92962671905696,880.3999999999985,10115.0,0.3233245103188334,0.015129682997118156,0,64,58
RF_SRPT_proxy,509,178.92962671905696,880.3999999999985,10115.0,0.3233245103188334,0.015129682997118156,0,64,58
FIFO,579,115.07635578583766,394.30000000000007,6257.0,0.36714763215198976,0.012101910828025478,0,64,59
Backfill_FIFO,579,115.07635578583766,394.30000000000007,6257.0,0.36714763215198976,0.012101910828025478,0,64,59
RF_SRPT_proxy,579,115.07635578583766,394.30000000000007,6257.0,0.36714763215198976,0.012101910828025478,0,64,59
FIFO,794,5883.260982367759,12571.57,20605.08,0.399137498988417,0.010798816568047338,0,64,60
Backfill_FIFO,794,1591.4296977329977,12251.03,13735.03,0.5987799151262323,0.0019230769230769232,709,64,60
RF_SRPT_proxy,794,1606.1517254408063,12269.0,13684.02,0.601011990457209,0.0019230769230769232,474,64,60
FIFO,570,2772.170421052632,7590.140000000001,16105.04,0.2868216435953435,0.0012174336498660824,0,64,61
Backfill_FIFO,570,254.59226315789473,697.3044999999997,10138.01,0.4556391286819356,0.0009739469198928658,522,64,61
RF_SRPT_proxy,570,254.55903508771928,697.3089999999997,10138.01,0.4556391286819356,0.0009739469198928658,317,64,61
FIFO,653,3803.4025880551303,9677.04,17829.03,0.3207512211562407,0.002313030069390902,0,64,62
Backfill_FIFO,653,721.971822358346,8968.01,11021.01,0.5188892074801904,0.0025700334104343356,565,64,62
RF_SRPT_proxy,653,670.374088820827,8064.6,10091.01,0.5667106805494447,0.0025700334104343356,373,64,62
FIFO,953,2552.0638614900327,6674.8460000000005,15219.04,0.2562662589304253,0.005240174672489083,0,64,63
Backfill_FIFO,953,473.7146274921301,3914.0,10152.01,0.3841728332923726,0.0,940,64,63
RF_SRPT_proxy,953,473.6076390346275,3914.0,10143.01,0.3845137139086426,0.0,458,64,63
FIFO,1202,75.22025790349417,190.0,4176.0,0.5115635991005149,0.009812286689419795,0,64,64
Backfill_FIFO,1202,75.22025790349417,190.0,4176.0,0.5115635991005149,0.009812286689419795,0,64,64
RF_SRPT_proxy,1202,75.22025790349417,190.0,4176.0,0.5115635991005149,0.009812286689419795,0,64,64
FIFO,307,6624.189804560261,12446.83,20441.02,0.2168993430168236,0.00552655818237642,0,64,65
Backfill_FIFO,307,1245.070553745928,8701.813,10134.0,0.437501855989121,0.00552655818237642,209,64,65
RF_SRPT_proxy,307,1250.6407491856678,8697.934000000001,10078.0,0.43993290420656417,0.00552655818237642,218,64,65
FIFO,1097,4680.781166818597,12442.070000000002,16380.070000000002,0.22472041409354476,0.011854360711261643,0,64,66
Backfill_FIFO,1097,502.0192069279856,5410.044000000001,7445.030000000001,0.49441521569170976,0.0011289867344058708,945,64,66
RF_SRPT_proxy,1097,506.731804922516,5358.256000000001,7324.02,0.5025841154558902,0.0011289867344058708,450,64,66
FIFO,694,5913.195850144093,13042.060000000001,21541.06,0.3463896708701312,0.01062103555096622,0,64,67
Backfill_FIFO,694,1397.6550288184442,10962.113500000001,12459.01,0.5988919411408896,0.0013276294438707775,524,64,67
RF_SRPT_proxy,694,1539.5529250720467,11256.01,12654.02,0.5896624696020519,0.0001475143826523086,398,64,67
FIFO,342,5173.748333333335,10353.130000000001,18718.03,0.21238280392287545,0.004803616840915513,0,64,68
Backfill_FIFO,342,811.2749122807018,5897.619,10125.0,0.3926308834876543,0.003673354054817745,262,64,68
RF_SRPT_proxy,342,811.0586842105262,5903.0195,10125.0,0.39263088348765435,0.003673354054817745,202,64,68
FIFO,561,269.1114438502674,1098.0,10687.0,0.5104922799750866,0.008912655971479501,0,64,69
Backfill_FIFO,561,159.91998217468804,700.0,10333.0,0.527981321600092,0.008021390374331552,125,64,69
RF_SRPT_proxy,561,171.33689839572196,898.0,10333.0,0.527981321600092,0.008912655971479501,39,64,69
FIFO,775,4255.6508,10544.07,18563.07,0.3402692440892051,0.00041446482229820747,0,64,70
Backfill_FIFO,775,1512.4348387096777,8830.053000000002,10344.04,0.6106358634416539,0.0066314371567713195,696,64,70
RF_SRPT_proxy,775,1534.4608516129038,8859.937000000002,10154.04,0.6220619376006995,0.007045901979069526,435,64,70
FIFO,421,3838.181282660333,7592.030000000001,15520.03,0.1605885643222017,0.0002959455460195324,0,64,71
Backfill_FIFO,421,921.3393586698337,8648.01,10147.01,0.24562302943798212,0.0,371,64,71
RF_SRPT_proxy,421,952.7709026128266,8693.01,10096.01,0.2468637943046311,0.0,214,64,71
FIFO,423,9422.219385342793,15642.341,23695.04,0.3747321111625576,0.0029356818788364024,0,64,72
Backfill_FIFO,423,1838.740921985816,11963.621999999994,13619.0,0.6519782923328621,0.0024019215372297837,350,64,72
RF_SRPT_proxy,423,1601.8488179669032,11959.353999999994,13563.0,0.6546702324914285,0.0024019215372297837,277,64,72
FIFO,243,5052.608312757202,7604.030000000001,15878.03,0.23900499350557025,0.003368794326241135,0,64,73
Backfill_FIFO,243,2841.408230452675,8728.01,10209.01,0.37172345379534844,0.0028368794326241137,207,64,73
RF_SRPT_proxy,243,2841.9148559670784,8779.973000000002,10135.0,0.37443793359953137,0.0028368794326241137,183,64,73
FIFO,709,124.05036671368123,360.60000000000036,10115.0,0.4732751328472566,0.0025220680958385876,0,64,74
Backfill_FIFO,709,117.82187588152325,360.60000000000036,10115.0,0.4732751328472566,0.0,41,64,74
RF_SRPT_proxy,709,116.91778561354019,350.20000000000005,10115.0,0.4732751328472566,0.0,10,64,74
FIFO,964,99.46470954356847,478.6999999999998,9048.0,0.5098858971768623,0.0166256157635468,0,64,75
Backfill_FIFO,964,93.18255186721993,404.1999999999989,9047.0,0.5099422568427379,0.017857142857142856,31,64,75
RF_SRPT_proxy,964,93.1068257261411,404.1999999999989,9047.0,0.5099422568427379,0.017857142857142856,6,64,75
FIFO,1010,4413.911603960396,12064.264500000001,20715.06,0.2855402710712038,0.0011135857461024498,0,64,76
Backfill_FIFO,1010,824.0988316831683,8548.4,10254.02,0.5768453589573894,0.0,989,64,76
RF_SRPT_proxy,1010,823.5355544554454,8569.0,10254.02,0.5768453589573895,0.0,490,64,76
FIFO,512,5716.179550781251,11387.530000000002,19635.08,0.19677259698426233,0.013022074003493728,0,64,77
Backfill_FIFO,512,975.8340234375,5921.360000000001,10135.0,0.3812181236895659,0.0033349213911386373,434,64,77
RF_SRPT_proxy,512,996.03337890625,5933.0,10146.0,0.38080481801633653,0.0033349213911386373,311,64,77
FIFO,712,3848.482528089889,10399.04,18894.04,0.26438948307243987,0.008211406389967155,0,64,78
Backfill_FIFO,712,1097.645238764045,9711.325499999999,11277.0,0.44297113316928305,0.0074649148999701405,512,64,78
RF_SRPT_proxy,712,1114.317514044944,9732.044500000002,11167.0,0.44733459915375706,0.0074649148999701405,406,64,78
FIFO,486,6212.068086419755,10271.552500000002,18985.050000000003,0.5299865377214569,0.0,0,64,79
Backfill_FIFO,486,3633.81755144033,11223.0375,12818.03,0.7849740496760227,0.0,440,64,79
RF_SRPT_proxy,486,3785.692880658438,11941.855000000003,12603.02,0.798365861354559,0.0,358,64,79
FIFO,740,3445.244756756757,9752.060000000001,17926.06,0.24162066636505738,0.009574468085106383,0,64,80
Backfill_FIFO,740,1020.5116891891893,8751.03,10235.03,0.4231845497766005,0.0006079027355623101,618,64,80
RF_SRPT_proxy,740,1040.3909864864866,8714.1005,10119.02,0.42803616975754555,0.0006079027355623101,379,64,80
FIFO,847,3599.2676623376633,7620.366000000001,15907.060000000001,0.2088678804411375,0.010194902548725637,0,64,81
Backfill_FIFO,847,893.6103069657618,8731.839,10235.03,0.32461789621036763,0.0,723,64,81
RF_SRPT_proxy,847,911.5662691853603,8692.729,10119.02,0.3283394939677951,0.0,411,64,81
FIFO,596,178.213389261745,596.0,10115.0,0.5219588231432278,0.005707762557077625,0,64,82
Backfill_FIFO,596,170.74692953020133,596.0,10115.0,0.5219588231432278,0.0,40,64,82
RF_SRPT_proxy,596,170.72008389261745,596.0,10115.0,0.5219588231432278,0.0,7,64,82
FIFO,477,3985.1963731656183,9696.038,17788.03,0.3625276423597779,0.0,0,64,83
Backfill_FIFO,477,1045.701530398323,10043.217999999997,11885.01,0.5425870553011737,0.0,400,64,83
RF_SRPT_proxy,477,1107.0680503144656,10637.409999999996,12483.01,0.5165943613058872,0.0,304,64,83
FIFO,656,3701.1218292682934,9181.827500000001,17719.07,0.42009395412329775,0.0,0,64,84
Backfill_FIFO,656,1963.0231097560977,9949.042500000001,11459.04,0.6495896846234505,0.00676818950930626,529,64,84
RF_SRPT_proxy,656,2378.6726981707316,12203.567500000001,13457.04,0.5531434981011802,0.00676818950930626,344,64,84
FIFO,884,95.77471719457014,349.349999999999,10115.0,0.24791622899159663,0.01199760047990402,0,64,85
Backfill_FIFO,884,95.77471719457014,349.349999999999,10115.0,0.24791622899159663,0.01199760047990402,0,64,85
RF_SRPT_proxy,884,95.77471719457014,349.349999999999,10115.0,0.24791622899159663,0.01199760047990402,0,64,85
FIFO,543,3727.168747697975,7265.2300000000005,15463.03,0.23398980453297322,0.0011869436201780415,0,64,86
Backfill_FIFO,543,1304.305819521179,8725.902,10209.01,0.35441158027933156,0.0,353,64,86
RF_SRPT_proxy,543,1324.35014732965,8716.01,10099.0,0.3582722415276263,0.0,330,64,86
FIFO,991,3509.882401614531,6131.06,10332.060000000001,0.27222971697137355,0.00010198878123406426,0,64,87
Backfill_FIFO,991,508.8977295660951,3861.040000000001,5657.0,0.49720589880347354,0.006119326874043855,869,64,87
RF_SRPT_proxy,991,536.2117053481334,3903.645000000003,5657.0,0.4972058988034733,0.006119326874043855,507,64,87
FIFO,703,149.85883357041254,504.0999999999975,10115.0,0.33805454075012353,0.0,0,64,88
Backfill_FIFO,703,149.85741109530585,504.0999999999975,10115.0,0.33805454075012353,0.0,1,64,88
RF_SRPT_proxy,703,149.85741109530585,504.0999999999975,10115.0,0.33805454075012353,0.0,0,64,88
FIFO,1339,178.1852949962659,1101.1,10337.0,0.503866329689465,0.00550357732526142,0,64,89
Backfill_FIFO,1339,131.99485436893204,664.0,9689.0,0.5375648931778305,0.005228398458998349,147,64,89
RF_SRPT_proxy,1339,131.3622927557879,683.0999999999999,9685.0,0.5377869127516778,0.003026967528893781,106,64,89
FIFO,600,6514.384516666668,12415.090000000002,20382.08,0.3019160454765902,0.01345575431375653,0,64,90
Backfill_FIFO,600,1363.4948833333335,10011.0105,11495.01,0.5353346358278508,0.004432483773943328,470,64,90
RF_SRPT_proxy,600,1377.2733333333338,10098.1005,11472.0,0.5364083849535831,0.004432483773943328,372,64,90
FIFO,487,169.14425051334706,898.0,10115.0,0.3393523367986901,0.03026227303295225,0,64,91
Backfill_FIFO,487,169.14425051334706,898.0,10115.0,0.3393523367986901,0.03026227303295225,0,64,91
RF_SRPT_proxy,487,169.14425051334706,898.0,10115.0,0.3393523367986901,0.03026227303295225,0,64,91
FIFO,388,496.81448453608255,1554.399999999996,11008.0,0.587065349844999,0.006831767719897523,0,64,92
Backfill_FIFO,388,254.7861082474227,1392.049999999997,10477.0,0.6168192584798845,0.009393680614859094,103,64,92
RF_SRPT_proxy,388,254.04899484536085,1393.599999999999,11027.0,0.5860538107457831,0.009393680614859094,33,64,92
FIFO,387,2033.9928423772612,5198.209999999999,13779.01,0.25385447287667984,0.005589714924538848,0,64,93
Backfill_FIFO,387,987.0484237726098,8563.421,10134.0,0.34516117232213345,0.0036333147009502517,293,64,93
RF_SRPT_proxy,387,986.5837984496126,8550.414999999999,10125.0,0.34546798225308645,0.0036333147009502517,226,64,93
FIFO,361,6237.7508587257635,11628.050000000001,20287.050000000003,0.31650814208602285,0.0,0,64,94
Backfill_FIFO,361,3288.3441274238235,10240.01,11769.01,0.5455867999012876,0.0071301247771836,312,64,94
RF_SRPT_proxy,361,3319.54728531856,10377.03,11579.01,0.5545393348745924,0.006654783125371361,267,64,94
FIFO,509,140.56805500982318,898.0,10115.0,0.3378902561943895,0.042068361086765996,0,64,95
Backfill_FIFO,509,140.5641257367387,898.0,10115.0,0.3378902561943895,0.042068361086765996,2,64,95
RF_SRPT_proxy,509,140.5641257367387,898.0,10115.0,0.3378902561943895,0.042068361086765996,0,64,95
FIFO,449,201.62636971046774,899.0,10522.0,0.45300643517748523,0.015012510425354461,0,64,96
Backfill_FIFO,449,193.32521158129177,899.0,10522.0,0.45300643517748523,0.0158465387823186,33,64,96
RF_SRPT_proxy,449,203.81075723830736,1018.6039999999977,10522.0,0.45300643517748523,0.0158465387823186,36,64,96
FIFO,768,565.8996484375,2289.5865,12664.0,0.6184302004574979,0.009758602978941962,0,64,97
Backfill_FIFO,768,319.3194661458334,1342.0200000000004,12575.01,0.6228066664435057,0.007704160246533128,187,64,97
RF_SRPT_proxy,768,320.80192708333345,1399.0,11993.0,0.6530309395975777,0.005649717514124294,159,64,97
FIFO,689,4217.19496371553,11374.530000000002,20635.14,0.3207645258737038,0.001429388221841052,0,64,98
Backfill_FIFO,689,2386.955674891147,8766.01,11013.180000000004,0.6010090544636064,0.005002858776443682,623,64,98
RF_SRPT_proxy,689,2779.8503773584916,9585.304000000002,10805.050000000001,0.6125858647981733,0.005002858776443682,415,64,98
FIFO,843,1296.9184697508897,3146.87,7299.07,0.21450604109496135,0.013571323204012392,0,64,99
Backfill_FIFO,843,281.341447212337,1906.0100000000002,5657.0,0.2767711877983031,0.004277917096916949,786,64,99
RF_SRPT_proxy,843,315.1635112692764,2375.5,5657.0,0.2767711877983031,0.002950287653046172,389,64,99
FIFO,681,169.66152716593245,681.0,9047.0,0.5049392301142644,0.002452483139178418,0,64,100
Backfill_FIFO,681,132.76578560939794,575.0,9047.0,0.5049392301142644,0.0,72,64,100
RF_SRPT_proxy,681,130.284140969163,506.0,9047.0,0.5049392301142644,0.0,45,64,100
FIFO,1055,120.01890995260665,370.59999999999945,10115.0,0.435808937453658,0.006881720430107527,0,64,101
Backfill_FIFO,1055,111.62649289099527,369.39999999999964,10115.0,0.435808937453658,0.004731182795698925,82,64,101
RF_SRPT_proxy,1055,110.73454976303319,371.4999999999998,10115.0,0.435808937453658,0.005591397849462366,33,64,101
FIFO,926,112.25642548596113,394.0,10115.0,0.18413908412629756,0.007848568790397045,0,64,102
Backfill_FIFO,926,112.25642548596113,394.0,10115.0,0.18413908412629756,0.007848568790397045,0,64,102
RF_SRPT_proxy,926,112.25642548596113,394.0,10115.0,0.18413908412629756,0.007848568790397045,0,64,102
FIFO,548,3901.6673540145994,10832.650000000001,19214.050000000003,0.2576744489628032,0.006864988558352402,0,64,103
Backfill_FIFO,548,795.065291970803,8082.3235,10147.01,0.4879240038290837,0.003559623696923468,511,64,103
RF_SRPT_proxy,548,794.886587591241,8077.9,10138.01,0.48835715747900726,0.003559623696923468,301,64,103
FIFO,894,4606.5861633109635,11712.04,15695.04,0.3044954284721479,0.005578800557880056,0,64,104
Backfill_FIFO,894,352.43063758389263,3763.0,7357.01,0.6495937792238291,0.0,767,64,104
RF_SRPT_proxy,894,356.00857941834454,3763.0,7301.01,0.6545762750205112,0.0,337,64,104
FIFO,585,5435.416547008548,11993.878,20471.07,0.3421637656672319,0.01013684744044602,0,64,105
Backfill_FIFO,585,1552.282136752137,10333.01,11855.03,0.590842739194882,0.0,532,64,105
RF_SRPT_proxy,585,1551.200102564103,10343.0,11734.02,0.596935951910556,0.0,295,64,105
FIFO,700,4523.723342857144,9888.050000000001,18291.04,0.3973393316823428,0.006689791873141724,0,64,106
Backfill_FIFO,700,664.1795571428573,8271.33,10714.01,0.6783407528437065,0.0022299306243805748,634,64,106
RF_SRPT_proxy,700,742.0310428571429,9879.319,11915.01,0.6099658841557836,0.0032210109018830525,340,64,106
FIFO,736,84.70474184782609,315.25,6257.0,0.5428395478314288,0.007907542579075427,0,64,107
Backfill_FIFO,736,84.66126358695652,315.25,6257.0,0.5428395478314288,0.007907542579075427,4,64,107
RF_SRPT_proxy,736,84.66126358695652,315.25,6257.0,0.5428395478314288,0.007907542579075427,2,64,107
FIFO,642,133.8492834890966,515.0,9047.0,0.32419593295774846,0.007633587786259542,0,64,108
Backfill_FIFO,642,133.8492834890966,515.0,9047.0,0.32419593295774846,0.007633587786259542,0,64,108
RF_SRPT_proxy,642,133.8492834890966,515.0,9047.0,0.32419593295774846,0.007633587786259542,0,64,108
FIFO,760,171.29544736842107,740.0,10115.0,0.40194932301964903,0.009868421052631578,0,64,109
Backfill_FIFO,760,165.30202631578948,700.0,10115.0,0.40194932301964903,0.008634868421052632,55,64,109
RF_SRPT_proxy,760,165.24018421052634,700.0,10115.0,0.40194932301964903,0.01069078947368421,24,64,109
FIFO,807,3894.7648079306073,10760.037,19169.03,0.3850396958254408,0.007922136713444997,0,64,110
Backfill_FIFO,807,756.2873234200744,9249.099999999966,12909.01,0.57175859965007,0.0,752,64,110
RF_SRPT_proxy,807,779.4448822800497,9449.79999999993,13576.01,0.5436676520176954,0.0,382,64,110
FIFO,551,6534.519600725954,12304.060000000001,20506.050000000003,0.3335124572991873,0.008843036109064112,0,64,111
Backfill_FIFO,551,1632.8852450090744,10318.51,11802.01,0.5794795229795607,0.0,426,64,111
RF_SRPT_proxy,551,1682.126787658802,10693.01,12065.0,0.566848166183175,0.0,388,64,111
FIFO,1241,3143.8687751813054,7712.049999999999,16574.059999999998,0.2727956201777054,0.004997001798920648,0,64,112
Backfill_FIFO,1241,380.86572119258665,1440.0,10152.01,0.44536313267643557,0.0029982010793523886,1229,64,112
RF_SRPT_proxy,1241,380.8327155519743,1440.0,10143.01,0.44575830809222317,0.0029982010793523886,538,64,112
FIFO,551,5098.321687840291,11415.590000000002,19786.090000000004,0.23990417834258812,0.01296126867947545,0,64,113
Backfill_FIFO,551,1410.766860254084,8715.01,10235.03,0.46377642899556726,0.0030497102775236353,514,64,113
RF_SRPT_proxy,551,1428.6090381125232,8729.04,10166.02,0.4669246828220387,0.0030497102775236353,304,64,113
FIFO,1326,125.81867269984917,513.75,10115.0,0.49248806112518534,0.0,0,64,114
Backfill_FIFO,1326,103.06301659125188,424.25,10115.0,0.49248806112518534,0.0,113,64,114
RF_SRPT_proxy,1326,101.47930618401206,444.0,10115.0,0.49248806112518534,0.0,53,64,114
FIFO,585,4069.4274017094012,10654.27,18933.08,0.29575710603973304,0.005270500697566269,0,64,115
Backfill_FIFO,585,1211.174341880342,8705.01,10209.0,0.548495734079611,0.00449542706557123,519,64,115
RF_SRPT_proxy,585,1314.1909572649577,8716.818000000001,10161.02,0.5510857127747757,0.00449542706557123,374,64,115
FIFO,629,4887.485230524644,9405.850000000002,17693.050000000003,0.2990799541080396,0.009247367069098381,0,64,116
Backfill_FIFO,629,733.6485214626392,8074.812,10152.01,0.5212402846363676,0.004366812227074236,616,64,116
RF_SRPT_proxy,629,733.4864228934819,8070.204,10143.01,0.5217027866512258,0.004366812227074236,330,64,116
FIFO,442,6617.26040723982,12735.830000000002,21330.08,0.28773536340756817,0.0131852879944483,0,64,117
Backfill_FIFO,442,1761.5163122171948,8719.01,10235.03,0.5996482980814419,0.0034698126301179735,400,64,117
RF_SRPT_proxy,442,1758.2154298642533,8761.969500000001,10161.02,0.6040159669317157,0.0029493407356002777,269,64,117
FIFO,859,2975.9825727590223,6135.05,14549.05,0.218908119484176,0.00022993791676247414,0,64,118
Backfill_FIFO,859,643.5246798603029,3798.711,10184.03,0.31273525075841796,0.0068981375028742235,776,64,118
RF_SRPT_proxy,859,681.1524447031435,3919.1510000000035,10194.03,0.3124284680132637,0.0068981375028742235,399,64,118
FIFO,790,4293.993556962027,11331.070000000002,19397.08,0.28388721234072345,0.01046314817664256,0,64,119
Backfill_FIFO,790,996.981,8834.2345,10325.03,0.5333236773888312,0.0,665,64,119
RF_SRPT_proxy,790,1017.9135063291142,8804.559,10215.02,0.5390672723841956,0.0,345,64,119
FIFO,620,1687.4681129032263,4219.02,12668.02,0.2618678659554729,0.0103505057633498,0,64,120
Backfill_FIFO,620,700.5298387096774,9122.88,11202.0,0.2961388469274459,0.007998118089861209,525,64,120
RF_SRPT_proxy,620,701.4505806451614,9106.869999999999,11146.0,0.2976267148108065,0.007998118089861209,345,64,120
FIFO,825,2861.267224242424,9012.09,17676.08,0.2715926670923361,0.0004375888852423148,0,64,121
Backfill_FIFO,825,1321.5050666666668,8723.01,10327.04,0.46486638097049104,0.007001422163877037,776,64,121
RF_SRPT_proxy,825,1357.7763757575758,8833.158000000003,10194.03,0.47093187982941986,0.007001422163877037,449,64,121
FIFO,916,3355.1082423580797,10485.02,18419.02,0.35751957355935615,0.009494324045407636,0,64,122
Backfill_FIFO,916,580.6110152838429,3763.0,12116.01,0.5435089749662845,0.0026831785345717233,697,64,122
RF_SRPT_proxy,916,504.64236899563326,3914.75,10084.0,0.653030560866844,0.0022703818369453044,418,64,122
FIFO,753,3021.1930677290848,9135.050000000001,17521.050000000003,0.22751528251018066,0.008094186902133923,0,64,123
Backfill_FIFO,753,578.9201062416998,7851.817999999999,10147.01,0.39285529832187016,0.002698062300711307,695,64,123
RF_SRPT_proxy,753,578.7834395750333,7842.424,10138.01,0.39320405490081395,0.002698062300711307,315,64,123
FIFO,627,3698.881977671452,8752.24,13503.04,0.21322587358106027,0.004945598417408506,0,64,124
Backfill_FIFO,627,456.103620414673,5309.71,7357.01,0.3913543001844499,0.004451038575667656,556,64,124
RF_SRPT_proxy,627,461.09374800637966,5275.799999999999,7301.01,0.394356054847206,0.004451038575667656,339,64,124
FIFO,575,2373.360052173914,5964.91,13904.01,0.256554638677529,0.0036241263266891016,0,64,125
Backfill_FIFO,575,663.2299652173912,8086.3,10134.0,0.35199706549425197,0.0010354646647683149,461,64,125
RF_SRPT_proxy,575,664.0615304347826,8064.2,10078.0,0.35395299282781795,0.0010354646647683149,290,64,125
FIFO,744,2913.162580645162,7629.050000000001,11553.050000000001,0.38068657498723274,0.012377514182568335,0,64,126
Backfill_FIFO,744,199.10532258064518,898.0,7491.030000000001,0.5871143267556331,0.009283135636926251,679,64,126
RF_SRPT_proxy,744,190.8450806451613,854.0,7515.08,0.5852354246603162,0.009283135636926251,380,64,126
FIFO,424,5407.2252594339625,12381.04,20494.03,0.2695073911082277,0.004168837936425221,0,64,127
Backfill_FIFO,424,1059.6604716981133,9326.922999999992,10996.0,0.5023001599303158,0.0,300,64,127
RF_SRPT_proxy,424,980.3256839622642,8513.00099999999,10133.0,0.545079695903854,0.0020844189682126106,256,64,127
FIFO,714,6251.499229691877,14305.7335,22595.03,0.3558759935260099,0.00934361130576968,0,64,128
Backfill_FIFO,714,1044.2981652661065,11021.656500000006,13460.02,0.597400951113,0.003737444522307872,561,64,128
RF_SRPT_proxy,714,888.3835014005604,11139.456500000006,13563.0,0.5928650556661508,0.007241298761971502,386,64,128
FIFO,553,3966.85506329114,9234.25,17511.06,0.3921579296259764,0.002028397565922921,0,64,129
Backfill_FIFO,553,900.8978661844486,9390.2,11452.01,0.5996415507108578,0.002028397565922921,534,64,129
RF_SRPT_proxy,553,1013.0392224231466,10745.4,12765.01,0.5379628402293656,0.002028397565922921,329,64,129
FIFO,619,6130.452649434573,10791.061000000002,15584.060000000001,0.361839684116735,0.004032258064516129,0,64,130
Backfill_FIFO,619,903.9803877221326,5966.330000000001,7445.030000000001,0.7574088146933262,0.004342431761786601,516,64,130
RF_SRPT_proxy,619,928.5921001615511,5933.0,7329.02,0.7693977295267657,0.004342431761786601,387,64,130
FIFO,389,187.72413881748074,880.3999999999985,10115.0,0.22630069628954524,0.009589041095890411,0,64,131
Backfill_FIFO,389,187.72413881748074,880.3999999999985,10115.0,0.22630069628954524,0.009589041095890411,0,64,131
RF_SRPT_proxy,389,187.72413881748074,880.3999999999985,10115.0,0.22630069628954524,0.009589041095890411,0,64,131
FIFO,890,5048.133067415731,11374.04,19673.04,0.22451059610004362,0.00611427366645583,0,64,132
Backfill_FIFO,890,369.0606067415731,4110.199999999986,10138.01,0.4356679405031165,0.002108370229812355,821,64,132
RF_SRPT_proxy,890,368.9966067415731,4110.199999999986,10138.01,0.4356679405031165,0.002108370229812355,402,64,132
FIFO,1013,151.21798617966436,596.0,10115.0,0.5459512462153979,0.015706806282722512,0,64,133
Backfill_FIFO,1013,143.72134254689044,596.0,10115.0,0.5459512462153979,0.008054772452678213,62,64,133
RF_SRPT_proxy,1013,143.01156959526162,596.0,10115.0,0.5459512462153979,0.008457511075312122,26,64,133
FIFO,707,4915.711131541726,11750.02,19931.03,0.40585127048909425,0.005707762557077625,0,64,134
Backfill_FIFO,707,957.8462093352194,10535.806999999908,13454.0,0.6012363496102461,0.0018264840182648401,566,64,134
RF_SRPT_proxy,707,951.7719094766621,10660.206999999913,13563.0,0.5964044715517403,0.002054794520547945,392,64,134
FIFO,469,3200.5676119402983,7211.035999999999,15818.029999999999,0.22689365642007892,0.0005483959418700301,0,64,135
Backfill_FIFO,469,548.4859061833689,5299.4,10115.0,0.354820629170786,0.0,295,64,135
RF_SRPT_proxy,469,546.9724733475479,5287.599999999999,10115.0,0.35482062917078605,0.0,222,64,135
FIFO,957,3050.106196447231,8210.092,12981.09,0.2708623689584233,0.0016284987277353689,0,64,136
Backfill_FIFO,957,813.1300626959252,5995.240000000001,7537.040000000001,0.4665079114695556,0.0072264631043257,840,64,136
RF_SRPT_proxy,957,845.878390804598,6023.838000000001,7357.040000000001,0.47792166266086605,0.007531806615776081,473,64,136
FIFO,568,1361.0758274647887,3350.5199999999995,12059.07,0.22650385476191365,0.010056989607777405,0,64,137
Backfill_FIFO,568,562.4030633802818,2449.2565,10587.03,0.2579973646852564,0.0,514,64,137
RF_SRPT_proxy,568,561.8025704225352,2496.4345000000003,10466.02,0.2609803764796695,0.0,291,64,137
FIFO,671,839.5004470938896,2188.025,10432.02,0.14620356888574795,0.008858267716535433,0,64,138
Backfill_FIFO,671,189.95980625931446,1331.52,10125.0,0.15063689429012345,0.006151574803149607,508,64,138
RF_SRPT_proxy,671,189.7644709388972,1413.0100000000002,10125.0,0.15063689429012345,0.0034448818897637795,264,64,138
FIFO,519,171.14703275529865,519.1999999999986,10198.0,0.4424780958122916,0.0,0,64,139
Backfill_FIFO,519,154.17013487475916,519.1999999999986,10198.0,0.4424780958122916,0.0,39,64,139
RF_SRPT_proxy,519,153.45718689788055,558.8999999999994,10198.0,0.4424780958122916,0.0,14,64,139
FIFO,1166,5187.441758147514,12032.810000000001,15839.060000000001,0.25916366796506546,0.002965682813161983,0,64,140
Backfill_FIFO,1166,457.38766723842207,5403.040000000001,7445.030000000001,0.5513623030019691,0.00014122299110295156,1024,64,140
RF_SRPT_proxy,1166,468.04174099485436,5342.802500000002,7329.02,0.5600897373344252,0.00014122299110295156,496,64,140
FIFO,595,4872.541277310926,10869.94,15665.04,0.19789256093904006,0.005420054200542005,0,64,141
Backfill_FIFO,595,495.3248907563025,5309.0160000000005,7357.01,0.4213661368969866,0.003695491500369549,514,64,141
RF_SRPT_proxy,595,500.7008235294118,5281.009,7301.01,0.42459808749919514,0.0034491254003449125,290,64,141
FIFO,350,4698.116542857144,9784.36,18069.06,0.256278538294535,0.0032462262619704593,0,64,142
Backfill_FIFO,350,1419.0334857142857,5929.01,10548.0,0.4390132996924773,0.0019477357571822756,280,64,142
RF_SRPT_proxy,350,1419.782428571429,5971.565500000001,10548.0,0.4390132996924773,0.0019477357571822756,194,64,142
FIFO,596,2859.068993288591,7427.040000000001,16021.050000000001,0.31611200942471,0.00026961445133459155,0,64,143
Backfill_FIFO,596,286.385889261745,692.51,11159.01,0.4538436929972955,0.0,543,64,143
RF_SRPT_proxy,596,286.24001677852345,692.5274999999999,11159.01,0.4538436929972955,0.0,311,64,143
FIFO,483,4243.870517598343,9724.43,18007.04,0.3026303163061504,0.0017730496453900709,0,64,144
Backfill_FIFO,483,657.2887577639751,5293.902,10541.0,0.5169790542583721,0.0,341,64,144
RF_SRPT_proxy,483,657.3696066252588,5294.5,10697.0,0.5094396756976255,0.0,227,64,144
FIFO,934,144.88749464668095,411.24999999999864,10115.0,0.49884918553818586,0.00910643141718839,0,64,145
Backfill_FIFO,934,125.74616702355462,453.79999999999745,10115.0,0.49884918553818586,0.008537279453614115,97,64,145
RF_SRPT_proxy,934,125.03203426124199,506.5499999999988,10115.0,0.49884918553818586,0.00796812749003984,30,64,145
FIFO,546,3819.0235531135536,9387.580000000002,17650.08,0.2517037502450413,0.0027818687612502046,0,64,146
Backfill_FIFO,546,1363.879652014652,8713.01,10235.02,0.43405790395377836,0.0027818687612502046,526,64,146
RF_SRPT_proxy,546,1400.269340659341,8725.295000000002,10171.02,0.4367891645208643,0.0027818687612502046,316,64,146
FIFO,478,2841.1092677824277,7469.0215,16138.02,0.215408679027074,0.0005232862375719519,0,64,147
Backfill_FIFO,478,319.54033472803343,679.2514999999996,11159.01,0.31152132405226807,0.0,435,64,147
RF_SRPT_proxy,478,327.51928870292886,681.8044999999997,11159.01,0.31152132405226807,0.0,313,64,147
FIFO,795,4197.404,10442.367,19037.05,0.2808836266402226,0.0005843681519357195,0,64,148
Backfill_FIFO,795,1117.3875094339626,9856.01,11396.03,0.4692156518130656,0.0005843681519357195,776,64,148
RF_SRPT_proxy,795,1116.2805786163524,9860.0,11275.02,0.4742515440798554,0.0005843681519357195,406,64,148
FIFO,367,3494.7805177111727,5223.3099999999995,13564.01,0.2024631756436703,0.003470213996529786,0,64,149
Backfill_FIFO,367,1129.7680108991826,9697.006,11202.0,0.2451537706715318,0.002891844997108155,272,64,149
RF_SRPT_proxy,367,1131.3676021798367,9679.853000000001,11146.0,0.24638547811434583,0.002891844997108155,224,64,149
FIFO,795,7946.4188553459135,16317.640000000001,25127.04,0.29537074713635186,0.00047938638542665386,0,64,150
Backfill_FIFO,795,719.4132704402516,8109.314999999939,11576.01,0.6411356398383383,0.0,738,64,150
RF_SRPT_proxy,795,773.937496855346,9609.106999999987,12064.01,0.6152011294855527,0.0,410,64,150
FIFO,301,687.569003322259,3133.0,11381.0,0.5715054336037035,0.018683274021352312,0,64,151
Backfill_FIFO,301,394.0839534883722,2835.0,11740.0,0.5540292453018526,0.016903914590747332,91,64,151
RF_SRPT_proxy,301,398.34308970099676,2835.0,11740.0,0.5540292453018526,0.016903914590747332,36,64,151
FIFO,624,264.07046474358975,1210.7500000000005,10830.0,0.5813435480147738,0.019123997532387416,0,64,152
Backfill_FIFO,624,199.8380769230769,951.0,10706.0,0.5880768377545302,0.01850709438618137,70,64,152
RF_SRPT_proxy,624,219.73871794871795,1448.4500000000007,11381.0,0.5531983678938582,0.01850709438618137,26,64,152
FIFO,363,2421.329228650138,4783.599999999999,13690.0,0.6841610721785976,0.015610651974288337,0,64,153
Backfill_FIFO,363,914.5807988980716,4584.0,13504.0,0.6935844992687351,0.017447199265381085,192,64,153
RF_SRPT_proxy,363,1099.6109090909092,5675.402999999999,12932.0,0.7242626877609805,0.015610651974288337,89,64,153
FIFO,607,158.20350906095553,740.0,10115.0,0.2904143984799802,0.010894495412844037,0,64,154
Backfill_FIFO,607,157.1063097199341,700.0,10115.0,0.29041439847998024,0.00974770642201835,26,64,154
RF_SRPT_proxy,607,157.1063097199341,700.0,10115.0,0.29041439847998024,0.00974770642201835,3,64,154
FIFO,418,2177.7988038277517,6198.04,11312.04,0.5454363330740963,0.0,0,64,155
Backfill_FIFO,418,390.2701674641149,2045.0499999999947,8602.05,0.7172706060982559,0.0,183,64,155
RF_SRPT_proxy,418,398.08995215311006,1619.1999999999834,9350.0,0.6598927932820856,0.0,149,64,155
FIFO,966,4114.063892339545,7613.580000000002,16341.080000000002,0.2209710762786945,0.011830201809324982,0,64,156
Backfill_FIFO,966,444.26370600414094,3777.0300000000007,10161.02,0.35536846056362964,0.0,906,64,156
RF_SRPT_proxy,966,449.7565527950312,3760.7625000000003,10166.02,0.35519367807226937,0.0,466,64,156
FIFO,687,6346.448180494907,12416.170000000002,20572.07,0.25624321326499955,0.0029222676797194622,0,64,157
Backfill_FIFO,687,1047.146055312955,8714.217,10209.01,0.5163530372007182,0.002483927527761543,546,64,157
RF_SRPT_proxy,687,1135.134337700146,8716.01,10114.02,0.5212025802116771,0.002483927527761543,412,64,157
FIFO,629,259.4829252782194,1273.0,10354.0,0.545954339431017,0.007963594994311717,0,64,158
Backfill_FIFO,629,154.83710651828298,731.8000000000012,10335.0,0.5469580290729318,0.006825938566552901,91,64,158
RF_SRPT_proxy,629,152.6956120826709,700.0,10476.0,0.5395963373872423,0.006825938566552901,52,64,158
FIFO,1023,6003.223059628544,14655.04,22598.04,0.2226231883315434,0.013279678068410463,0,64,159
Backfill_FIFO,1023,461.4337829912023,3701.699999999986,10160.01,0.4951616892939823,0.006438631790744467,978,64,159
RF_SRPT_proxy,1023,464.55956989247323,3701.699999999986,10106.01,0.49780751402816287,0.006438631790744467,438,64,159
FIFO,671,97.6512518628912,244.0,10115.0,0.2648515740855166,0.000594883997620464,0,64,160
Backfill_FIFO,671,97.6512518628912,244.0,10115.0,0.2648515740855166,0.000594883997620464,0,64,160
RF_SRPT_proxy,671,97.6512518628912,244.0,10115.0,0.2648515740855166,0.001189767995240928,0,64,160
FIFO,1122,3106.457718360072,7416.840000000001,16280.04,0.4052305012476167,0.011521053353449459,0,64,161
Backfill_FIFO,1122,760.7799554367202,8154.039000000001,10254.02,0.6433738933151341,0.0017830201618433685,1095,64,161
RF_SRPT_proxy,1122,760.6802139037433,8148.9535000000005,10254.02,0.6433738933151342,0.001371553970648745,515,64,161
FIFO,900,4750.224277777778,10168.060000000001,18842.06,0.3067712606795648,0.010501750291715286,0,64,162
Backfill_FIFO,900,520.7779333333333,3977.0,10255.01,0.5636466956151188,0.0039673278879813305,828,64,162
RF_SRPT_proxy,900,520.7036111111112,3977.0,10255.01,0.5636466956151188,0.0039673278879813305,374,64,162
FIFO,527,4295.343396584441,10845.550000000001,19218.050000000003,0.3054583380354016,0.007709880068532267,0,64,163
Backfill_FIFO,527,926.536679316888,9151.706,11215.01,0.5234336494823679,0.0037121644774414622,494,64,163
RF_SRPT_proxy,527,925.9941176470588,9151.5,11159.01,0.5260604312820986,0.0037121644774414622,283,64,163
FIFO,490,3217.9003469387767,5406.700000000001,13680.050000000001,0.14691442785296838,0.007105263157894737,0,64,164
Backfill_FIFO,490,404.05961224489806,3688.008999999999,10125.0,0.19849844135802475,0.005263157894736842,380,64,164
RF_SRPT_proxy,490,403.90869387755106,3681.7545000000005,10125.0,0.19849844135802472,0.005263157894736842,262,64,164
FIFO,570,5338.7186491228085,10559.6,19233.04,0.2841193979783618,0.004034291477559254,0,64,165
Backfill_FIFO,570,610.0208245614035,5292.124500000001,10656.01,0.512807302742185,0.0025214321734745334,525,64,165
RF_SRPT_proxy,570,592.3314210526316,5287.299999999999,10297.01,0.5306860677122535,0.002773575390821987,329,64,165
FIFO,757,3189.1489828269496,5710.240000000001,10398.04,0.174996381529596,0.0018779342723004694,0,64,166
Backfill_FIFO,757,271.92799207397627,3166.01,5657.0,0.3216580121972777,0.0009389671361502347,675,64,166
RF_SRPT_proxy,757,276.15346103038314,3139.402,5657.0,0.32165801219727763,0.0009389671361502347,388,64,166
FIFO,298,302.57546979865776,2004.0499999999965,10115.0,0.3959799551254325,0.01924839596700275,0,64,167
Backfill_FIFO,298,302.57546979865776,2004.0499999999965,10115.0,0.3959799551254325,0.01924839596700275,0,64,167
RF_SRPT_proxy,298,302.57546979865776,2004.0499999999965,10115.0,0.3959799551254325,0.01924839596700275,0,64,167
FIFO,895,2169.4227821229056,5879.610000000001,14549.02,0.21588337382431946,0.008578670306102555,0,64,168
Backfill_FIFO,895,441.96006703910615,3150.0,10134.0,0.30993600981226566,0.003509456034314681,753,64,168
RF_SRPT_proxy,895,441.84256983240226,3150.0,10125.0,0.3102115084876544,0.003314486254630532,434,64,168
FIFO,993,5652.651107754281,11075.03,15848.03,0.3615586051448509,0.005580357142857143,0,64,169
Backfill_FIFO,993,352.7376435045317,3105.5999999999985,7344.0,0.7802276172513279,0.0003720238095238095,793,64,169
RF_SRPT_proxy,993,390.566495468278,2604.5999999999985,7543.0,0.7596435928799883,0.0003720238095238095,454,64,169
FIFO,541,3533.2580406654342,8077.029999999999,16356.029999999999,0.39039648264470356,0.007733952049497293,0,64,170
Backfill_FIFO,541,862.1628096118301,9855.0,11902.0,0.536492739206121,0.007733952049497293,360,64,170
RF_SRPT_proxy,541,874.3036044362294,10047.0,12048.0,0.5299914161712528,0.007733952049497293,269,64,170
FIFO,948,4931.35700421941,10104.68,18909.03,0.2574823667250515,0.003409090909090909,0,64,171
Backfill_FIFO,948,473.75308016877636,3914.0,10152.01,0.47958402295456765,0.0009090909090909091,936,64,171
RF_SRPT_proxy,948,473.3111392405063,3914.0,10143.01,0.4800095629280658,0.0009090909090909091,469,64,171
FIFO,201,270.81213930348264,2147.0,9047.0,0.2315619775547143,0.016233766233766232,0,64,172
Backfill_FIFO,201,270.81213930348264,2147.0,9047.0,0.2315619775547143,0.016233766233766232,0,64,172
RF_SRPT_proxy,201,270.81213930348264,2147.0,9047.0,0.2315619775547143,0.016233766233766232,0,64,172
FIFO,850,4547.383364705882,11388.6555,15246.060000000001,0.2892524056215179,0.0056967572304995615,0,64,173
Backfill_FIFO,850,382.94725882352947,3943.0,7357.01,0.5994227996495863,0.0021910604732690623,725,64,173
RF_SRPT_proxy,850,385.86335294117646,3943.0,7301.01,0.6040204754205243,0.0026292725679228747,349,64,173
FIFO,592,4449.378885135135,10496.224499999998,19092.07,0.30637577866098337,0.0014290250873293109,0,64,174
Backfill_FIFO,592,1286.9532432432436,8710.01,10244.02,0.5710012097301645,0.001905366783105748,569,64,174
RF_SRPT_proxy,592,1321.346435810811,8723.0,10254.02,0.5704443537753975,0.0015878056525881232,358,64,174
FIFO,357,4600.021904761906,9690.050000000001,17972.050000000003,0.22209569968541426,0.0017328292375551355,0,64,175
Backfill_FIFO,357,1396.6826890756304,5929.01,10135.0,0.39383473305685746,0.000630119722747322,285,64,175
RF_SRPT_proxy,357,1397.4169467787117,5971.212,10135.0,0.3938347330568575,0.000630119722747322,200,64,175
FIFO,634,6040.409211356468,10554.050000000001,19449.050000000003,0.3598151464178199,0.006309885487263379,0,64,176
Backfill_FIFO,634,866.3793848580442,9351.130000000001,11422.0,0.6126827852773158,0.0035054919373685442,557,64,176
RF_SRPT_proxy,634,889.944069400631,9343.113000000001,11364.0,0.6158098181483195,0.004673989249824725,351,64,176
FIFO,791,314.6383438685209,1437.0,11113.0,0.5485433989893593,0.008064516129032258,0,64,177
Backfill_FIFO,791,179.3411504424779,1370.5,11051.0,0.5516209205473487,0.007526881720430108,142,64,177
RF_SRPT_proxy,791,160.37275600505689,858.0,10204.0,0.5974091329840014,0.007526881720430108,80,64,177
FIFO,559,5522.1314311270135,11955.549000000003,20410.04,0.383518401628255,0.004088934321492461,0,64,178
Backfill_FIFO,559,1141.2707871198568,11589.239000000001,13632.01,0.5742092265167611,0.0,496,64,178
RF_SRPT_proxy,559,1145.1790339892666,11620.6,13637.01,0.5739986931129883,0.0005111167901865576,304,64,178
FIFO,1006,95.83849900596424,307.0,9047.0,0.34524044356900074,0.003369839932603201,0,64,179
Backfill_FIFO,1006,95.83849900596424,307.0,9047.0,0.34524044356900074,0.002527379949452401,1,64,179
RF_SRPT_proxy,1006,95.83849900596421,307.0,9047.0,0.34524044356900074,0.002527379949452401,1,64,179
FIFO,741,129.6425101214575,406.0,9047.0,0.3068708377086327,0.00887409872434831,0,64,180
Backfill_FIFO,741,128.1863697705803,406.0,9047.0,0.3068708377086327,0.007210205213533,36,64,180
RF_SRPT_proxy,741,128.13508771929824,406.0,9047.0,0.3068708377086327,0.007210205213533,9,64,180
FIFO,590,5609.371288135594,13112.314499999999,21638.059999999998,0.31880101128087507,0.0007988131918292822,0,64,181
Backfill_FIFO,590,1946.6821355932211,8757.01,10899.03,0.6329219582069461,0.006846970215679562,551,64,181
RF_SRPT_proxy,590,2011.2334576271194,8895.616000000002,11258.03,0.6127391213343943,0.006846970215679562,318,64,181
FIFO,659,5561.90837632777,11875.720000000001,15844.02,0.5190494929238288,0.0009854644000985464,0,64,182
Backfill_FIFO,659,901.2542185128983,10503.01,12556.01,0.6549716467950409,0.0,581,64,182
RF_SRPT_proxy,659,918.3006525037937,10518.4,12546.01,0.6554937025297289,0.0,399,64,182
FIFO,327,247.7784097859327,1454.0,10115.0,0.37443051393351456,0.004069175991861648,0,64,183
Backfill_FIFO,327,247.7784097859327,1454.0,10115.0,0.37443051393351456,0.004069175991861648,0,64,183
RF_SRPT_proxy,327,247.7784097859327,1454.0,10115.0,0.37443051393351456,0.004069175991861648,0,64,183
FIFO,943,6910.614167550371,13402.03,22212.03,0.39869130126923336,0.005986743639084883,0,64,184
Backfill_FIFO,943,1095.448377518558,5903.299999999995,13851.01,0.6393572125448794,0.005131494547787043,934,64,184
RF_SRPT_proxy,943,1026.1254294803819,6121.3009999999995,13989.01,0.6330500260226593,0.0036348086380158223,515,64,184
FIFO,872,4675.070103211011,11836.94,20461.050000000003,0.31371618269834634,0.006230529595015576,0,64,185
Backfill_FIFO,872,588.9923623853211,4675.399999999935,11435.01,0.5613429721530635,0.0,785,64,185
RF_SRPT_proxy,872,533.8498509174312,5199.0,10228.01,0.6275866468648349,0.0,426,64,185
FIFO,638,2989.678918495298,5908.3415,14769.04,0.22151049779428794,0.018155526992287917,0,64,186
Backfill_FIFO,638,1205.5723354231982,8756.03,10235.03,0.3196373046628832,0.005141388174807198,526,64,186
RF_SRPT_proxy,638,1229.4260971786837,8717.917,10119.02,0.3233018021847717,0.005141388174807198,314,64,186
FIFO,683,1064.7938653001465,4320.9,13211.0,0.5969050811705208,0.02075368651010377,0,64,187
Backfill_FIFO,683,411.2914494875549,2497.3999999999996,13113.0,0.6013660510442882,0.015838339705079193,208,64,187
RF_SRPT_proxy,683,420.60862371888726,3888.7,12532.0,0.6292461719872127,0.015838339705079193,129,64,187
FIFO,603,211.0782089552239,1194.0,6257.0,0.7478110453791753,0.008964143426294821,0,64,188
Backfill_FIFO,603,153.12464344941958,852.0,6257.0,0.7478110453791753,0.007470119521912351,68,64,188
RF_SRPT_proxy,603,148.05996683250416,848.8999999999993,6257.0,0.7478110453791753,0.007470119521912351,62,64,188
FIFO,556,168.25908273381296,777.75,10115.0,0.3796347086628769,0.00804953560371517,0,64,189
Backfill_FIFO,556,168.24829136690647,777.75,10115.0,0.3796347086628769,0.00804953560371517,2,64,189
RF_SRPT_proxy,556,168.24829136690647,777.75,10115.0,0.3796347086628769,0.00804953560371517,0,64,189
FIFO,514,2956.6850000000004,4962.070000000001,13640.02,0.23151380064646168,0.005809547865622632,0,64,190
Backfill_FIFO,514,455.1550583657588,3756.4165000000003,10138.01,0.3114864624412237,0.003283657489264966,468,64,190
RF_SRPT_proxy,514,454.9839299610896,3760.413,10138.01,0.3114864624412238,0.003283657489264966,287,64,190
FIFO,471,2608.495690021233,7855.040000000001,16096.04,0.2863144517028723,0.0,0,64,191
Backfill_FIFO,471,380.5571337579617,774.01,10068.01,0.45773979835017053,0.0,214,64,191
RF_SRPT_proxy,471,381.260042462845,786.02,10068.0,0.4577402529983612,0.0,203,64,191
FIFO,310,226.42106451612904,1454.0,10115.0,0.3151198135504202,0.0199468085106383,0,64,192
Backfill_FIFO,310,226.42106451612904,1454.0,10115.0,0.3151198135504202,0.0199468085106383,0,64,192
RF_SRPT_proxy,310,226.42106451612904,1454.0,10115.0,0.3151198135504202,0.0199468085106383,0,64,192
FIFO,849,5490.001566548882,13403.240000000002,21535.04,0.299572247464191,0.0004910385465259023,0,64,193
Backfill_FIFO,849,610.8621672555948,5852.399999999901,11576.01,0.557299132605384,0.0,791,64,193
RF_SRPT_proxy,849,633.2387043580684,6590.199999999974,11578.01,0.557202864052739,0.0,450,64,193
FIFO,767,107.56078226857889,332.4999999999983,9047.0,0.30263665614292035,0.002352941176470588,0,64,194
Backfill_FIFO,767,106.61423728813561,332.4999999999983,9047.0,0.30263665614292035,0.002352941176470588,17,64,194
RF_SRPT_proxy,767,106.53079530638854,332.4999999999983,9047.0,0.30263665614292035,0.002352941176470588,5,64,194
FIFO,413,5257.0005811138035,10518.669999999998,14471.07,0.2970758344277583,0.0,0,64,195
Backfill_FIFO,413,1789.925665859565,6045.040000000001,7537.040000000001,0.5703837574581666,0.007326901941629015,314,64,195
RF_SRPT_proxy,413,1830.623317191284,6165.854000000001,7347.040000000001,0.585134311955903,0.007326901941629015,232,64,195
FIFO,481,159.78072765072767,700.0,10115.0,0.31441199834713296,0.008256880733944955,0,64,196
Backfill_FIFO,481,159.77656964656967,700.0,10115.0,0.31441199834713296,0.008256880733944955,1,64,196
RF_SRPT_proxy,481,159.77656964656967,700.0,10115.0,0.31441199834713296,0.008256880733944955,0,64,196
FIFO,267,292.21505617977533,2147.0,10115.0,0.2818785509608255,0.016129032258064516,0,64,197
Backfill_FIFO,267,292.21505617977533,2147.0,10115.0,0.2818785509608255,0.016129032258064516,0,64,197
RF_SRPT_proxy,267,292.21505617977533,2147.0,10115.0,0.2818785509608255,0.016129032258064516,0,64,197
FIFO,682,3347.48815249267,8448.4495,13398.04,0.3529171407720831,0.004425809457255998,0,64,198
Backfill_FIFO,682,462.8585923753666,5299.740000000001,7357.01,0.6427064756946099,0.002795248078266946,591,64,198
RF_SRPT_proxy,682,465.57366568914955,5270.701,7301.01,0.6476361446909404,0.002562310738411367,353,64,198
FIFO,710,120.076,359.7999999999993,10115.0,0.27568132878151264,0.008792497069167644,0,64,199
Backfill_FIFO,710,120.01121126760565,359.7999999999993,10115.0,0.27568132878151264,0.008792497069167644,5,64,199
RF_SRPT_proxy,710,120.01121126760565,359.7999999999993,10115.0,0.27568132878151264,0.008792497069167644,0,64,199
FIFO,279,7283.0740501792125,12088.049999999985,20171.050000000003,0.30625415005354206,0.009113001215066828,0,64,200
Backfill_FIFO,279,1560.7911827956993,9839.01,11261.0,0.5485718651485217,0.010328068043742407,208,64,200
RF_SRPT_proxy,279,1647.0781003584232,10480.309,11856.0,0.521041478866186,0.010328068043742407,208,64,200
FIFO,1054,4521.716480075902,9528.060000000001,18040.06,0.26527520123963005,0.0005398110661268556,0,64,201
Backfill_FIFO,1054,785.3281024667933,8290.713,10245.03,0.4671123995610555,0.0,1026,64,201
RF_SRPT_proxy,1054,784.9390986717269,8180.0,10171.02,0.47051136925057674,0.0,480,64,201
FIFO,646,1449.6156191950465,2729.34,11204.09,0.29696861118350526,0.0008917424647761727,0,64,202
Backfill_FIFO,646,562.6260681114552,1121.255,10207.04,0.3259772712632654,0.0008917424647761727,616,64,202
RF_SRPT_proxy,646,612.0708513931888,1454.0,10222.04,0.3254989265229838,0.0008025682182985554,383,64,202
FIFO,818,2014.8968704156478,4761.51,13537.060000000001,0.21775126601529435,0.012057877813504822,0,64,203
Backfill_FIFO,818,922.8518581907093,8678.127,10235.03,0.2880022777778864,0.003215434083601286,757,64,203
RF_SRPT_proxy,818,934.7307823960881,8681.1785,10166.02,0.2899573238224006,0.003215434083601286,354,64,203
FIFO,788,2346.124276649747,5933.040000000001,14613.04,0.20785947270810864,0.0021479713603818618,0,64,204
Backfill_FIFO,788,540.0947588832489,7756.433499999996,10152.01,0.2991977735505087,0.0009546539379474941,779,64,204
RF_SRPT_proxy,788,539.9653680203046,7734.553499999994,10143.01,0.29946325489795445,0.0009546539379474941,383,64,204
FIFO,743,106.83951547779274,393.9,10115.0,0.23721459079955515,0.009289617486338797,0,64,205
Backfill_FIFO,743,106.83951547779274,393.9,10115.0,0.23721459079955515,0.009289617486338797,0,64,205
RF_SRPT_proxy,743,106.83951547779274,393.9,10115.0,0.23721459079955515,0.009289617486338797,0,64,205
FIFO,971,3460.4102471678693,7256.050000000001,15377.050000000001,0.27648205340913895,0.007016005262003947,0,64,206
Backfill_FIFO,971,462.55503604531407,3443.5,10152.01,0.41878193179232487,0.00526200394650296,926,64,206
RF_SRPT_proxy,971,466.71536560247165,3443.5,10096.01,0.42110480866946437,0.00526200394650296,469,64,206
FIFO,678,5609.516489675517,12436.35,20920.050000000003,0.39155152406124755,0.0024489795918367346,0,64,207
Backfill_FIFO,678,936.1302359882009,11575.6355,13632.01,0.6008855231867862,0.0024489795918367346,622,64,207
RF_SRPT_proxy,678,959.2540117994104,11354.61,13387.02,0.611882066429833,0.0021768707482993197,353,64,207
FIFO,686,992.9014723032072,3014.0300000000007,11082.02,0.2864792051674695,0.0018884369552585707,0,64,208
Backfill_FIFO,686,208.85405247813412,753.01,10068.0,0.3153325666716329,0.010604299825682742,338,64,208
RF_SRPT_proxy,686,208.3227259475219,769.75,10068.0,0.3153325666716329,0.001452643811737362,259,64,208
FIFO,944,4832.647743644069,12370.901500000002,20460.04,0.3551444478786454,0.0065298507462686565,0,64,209
Backfill_FIFO,944,651.0747033898307,5080.0,11581.01,0.6274296982193264,0.0023320895522388058,903,64,209
RF_SRPT_proxy,944,681.3397457627118,5150.01,12718.01,0.5713369944963876,0.004430970149253731,430,64,209
FIFO,667,6016.583178410795,11236.080000000002,20106.08,0.3874268040516226,0.00366246703779666,0,64,210
Backfill_FIFO,667,1243.7683208395802,7517.51,13161.0,0.5918725261307082,0.002929973630237328,565,64,210
RF_SRPT_proxy,667,1345.985907046477,8204.117,11152.0,0.6984966209116079,0.0017579841781423966,410,64,210
FIFO,572,3103.1472202797204,5369.280000000001,13654.03,0.2540727830789702,0.0009704027171276079,0,64,211
Backfill_FIFO,572,735.880402097902,9149.9135,11202.0,0.3096873239014238,0.0,402,64,211
RF_SRPT_proxy,572,736.9067132867132,9135.9045,11146.0,0.3112432623671047,0.0,264,64,211
FIFO,525,5396.089200000001,11863.050000000001,20433.050000000003,0.2292484059220234,0.0028546959748786756,0,64,212
Backfill_FIFO,525,800.0440761904763,8083.804,10147.01,0.4616378756525322,0.002569226377390808,475,64,212
RF_SRPT_proxy,525,799.8060571428572,8084.0,10138.01,0.46204769383981675,0.002569226377390808,263,64,212
FIFO,805,569.619552795031,2602.3999999999996,7497.0,0.8025698951455583,0.012116892373485389,0,64,213
Backfill_FIFO,805,146.43073291925467,749.5999999999992,7497.0,0.8025698951455583,0.012116892373485389,185,64,213
RF_SRPT_proxy,805,130.20464596273294,648.7999999999997,8239.0,0.7302908731528402,0.012116892373485389,58,64,213
FIFO,786,302.26024173027986,1450.5200000000004,11381.0,0.5887803874741895,0.008928571428571428,0,64,214
Backfill_FIFO,786,169.8668193384224,650.0,11027.01,0.6076814648616216,0.006827731092436975,166,64,214
RF_SRPT_proxy,786,176.66958015267176,726.25,10232.0,0.6548973406805854,0.009978991596638655,52,64,214
FIFO,415,3830.90686746988,6678.030000000001,15049.03,0.2083984711140851,0.010126582278481013,0,64,215
Backfill_FIFO,415,917.1563132530121,8524.522999999996,10134.0,0.3094725521758437,0.009563994374120956,354,64,215
RF_SRPT_proxy,415,916.9708674698796,8525.641999999998,10125.0,0.30974763888888895,0.009563994374120956,272,64,215
FIFO,476,350.75886554621854,1440.0,10333.0,0.48452645838877867,0.003228410008071025,0,64,216
Backfill_FIFO,476,219.8870168067227,1400.25,9049.0,0.5532779196078296,0.00645682001614205,88,64,216
RF_SRPT_proxy,476,217.9059243697479,1400.25,9049.0,0.5532779196078296,0.00645682001614205,49,64,216
FIFO,806,2646.086091811415,5449.050000000001,13830.04,0.1758422344923623,0.0021347248576850096,0,64,217
Backfill_FIFO,806,287.8883498759306,3142.0075,10138.01,0.23987993074762706,0.0023719165085388993,725,64,217
RF_SRPT_proxy,806,287.8300868486353,3134.5,10138.01,0.23987993074762706,0.0023719165085388993,366,64,217
FIFO,567,1541.6534920634924,4303.299999999999,12977.0,0.6230396100432496,0.01227390180878553,0,64,218
Backfill_FIFO,567,403.9731569664903,2832.047000000001,12886.0,0.6274394707070658,0.013565891472868217,238,64,218
RF_SRPT_proxy,567,432.48627865961197,3745.421,12886.0,0.6274394707070658,0.014857881136950904,149,64,218
FIFO,700,99.48531428571428,351.0,5657.0,0.24582405855024744,0.007518796992481203,0,64,219
Backfill_FIFO,700,99.48531428571428,351.0,5657.0,0.24582405855024744,0.007518796992481203,0,64,219
RF_SRPT_proxy,700,99.48531428571428,351.0,5657.0,0.24582405855024744,0.007518796992481203,0,64,219
FIFO,715,150.05945454545454,456.69999999999095,9047.0,0.24355591805294574,0.004970178926441352,0,64,220
Backfill_FIFO,715,144.00910489510488,456.69999999999095,9047.0,0.24355591805294574,0.005964214711729622,45,64,220
RF_SRPT_proxy,715,144.0091048951049,456.69999999999095,9047.0,0.24355591805294574,0.005964214711729622,17,64,220
FIFO,924,4150.047727272728,8576.500000000002,16938.11,0.25122278691180705,0.002730748225013654,0,64,221
Backfill_FIFO,924,1383.0215800865806,9875.04,11410.04,0.37293814914047185,0.00797378481703987,840,64,221
RF_SRPT_proxy,924,1402.7739177489184,9900.719500000003,11220.04,0.3792534785275942,0.00797378481703987,398,64,221
FIFO,838,5648.354892601433,12272.081500000002,20205.06,0.32295797651522706,0.0026639040994524197,0,64,222
Backfill_FIFO,838,1098.4910381861578,10040.638500000001,11533.03,0.5657997328515364,0.0017759360663016132,754,64,222
RF_SRPT_proxy,838,1227.2745823389023,11326.4615,12745.02,0.5119949041248076,0.0019239307384934143,445,64,222
FIFO,720,75.129875,272.0,10115.0,0.1616699498733317,0.010516252390057362,0,64,223
Backfill_FIFO,720,75.129875,272.0,10115.0,0.1616699498733317,0.010516252390057362,0,64,223
RF_SRPT_proxy,720,75.129875,272.0,10115.0,0.1616699498733317,0.010516252390057362,0,64,223
FIFO,864,4353.612199074075,8493.080000000002,17056.08,0.24656511096409606,0.00022318937618569356,0,64,224
Backfill_FIFO,864,1277.4668287037039,8723.01,10327.04,0.4072255222999524,0.006695681285570807,831,64,224
RF_SRPT_proxy,864,1324.3246180555554,8838.223500000002,10199.03,0.41233668866671636,0.006695681285570807,444,64,224
FIFO,396,182.1667676767677,1111.0,10115.0,0.2937042932062531,0.0,0,64,225
Backfill_FIFO,396,182.1667676767677,1111.0,10115.0,0.2937042932062531,0.0,0,64,225
RF_SRPT_proxy,396,182.1667676767677,1111.0,10115.0,0.2937042932062531,0.0,0,64,225
FIFO,737,7334.067883310719,14792.029999999999,23216.039999999997,0.491610697314497,0.004270462633451958,0,64,226
Backfill_FIFO,737,1081.9566485753053,12984.44,15061.01,0.7578013435540676,0.0,695,64,226
RF_SRPT_proxy,737,1110.2027272727273,13867.42,15922.01,0.7168224120749355,0.0,413,64,226
FIFO,658,118.60734042553192,422.3499999999975,10115.0,0.33697099565929317,0.021052631578947368,0,64,227
Backfill_FIFO,658,118.60734042553192,422.3499999999975,10115.0,0.33697099565929317,0.021052631578947368,0,64,227
RF_SRPT_proxy,658,118.60734042553192,422.3499999999975,10115.0,0.33697099565929317,0.021052631578947368,0,64,227
FIFO,566,152.34114840989398,887.0,10115.0,0.37742363792943645,0.011954992967651195,0,64,228
Backfill_FIFO,566,152.33231448763252,887.0,10115.0,0.37742363792943645,0.011954992967651195,2,64,228
RF_SRPT_proxy,566,152.33231448763252,887.0,10115.0,0.37742363792943645,0.011954992967651195,2,64,228
FIFO,719,109.64204450625871,369.6000000000006,10115.0,0.2575838096267919,0.007038123167155425,0,64,229
Backfill_FIFO,719,109.64204450625871,369.6000000000006,10115.0,0.2575838096267919,0.007038123167155425,0,64,229
RF_SRPT_proxy,719,109.64204450625871,369.6000000000006,10115.0,0.2575838096267919,0.007038123167155425,0,64,229
FIFO,464,7882.4054525862075,13058.4215,21231.02,0.3378343127546981,0.0026576467745832327,0,64,230
Backfill_FIFO,464,1335.993275862069,9841.853,11882.0,0.6036498107036907,0.0024160425223483935,395,64,230
RF_SRPT_proxy,464,1507.818556034483,11097.26,13091.01,0.5479002040928281,0.0026576467745832327,331,64,230
FIFO,757,1603.2444121532367,4879.01,10504.0,0.757120035001547,0.015166340508806261,0,64,231
Backfill_FIFO,757,268.7608850726552,2216.0220000000004,11456.0,0.6942029371208318,0.016634050880626222,307,64,231
RF_SRPT_proxy,757,277.59956406869225,1838.5999999999754,11458.0,0.6940817636285783,0.016634050880626222,200,64,231
FIFO,803,3031.856699875468,9057.049,17645.04,0.23714929348594563,0.003000750187546887,0,64,232
Backfill_FIFO,803,536.9255666251557,6593.599999999992,10147.01,0.41238835573545807,0.001000250062515629,739,64,232
RF_SRPT_proxy,803,536.7812079701122,6593.599999999992,10138.01,0.41275445275071243,0.001000250062515629,341,64,232
FIFO,587,5964.435042589438,13263.84,21274.04,0.26299250937116314,0.002591344908007256,0,64,233
Backfill_FIFO,587,731.9812776831346,8099.024,10147.01,0.5513853996460536,0.0028504793988079814,539,64,233
RF_SRPT_proxy,587,752.1323509369678,8073.109,10096.01,0.5541707232919246,0.002591344908007256,371,64,233
FIFO,423,772.2596217494089,2900.0290000000005,10788.02,0.22319648322861843,0.0,0,64,234
Backfill_FIFO,423,288.7663356973996,1263.399999999991,10068.0,0.23915853446563368,0.009918994875185981,191,64,234
RF_SRPT_proxy,423,288.25262411347524,1264.3999999999912,10068.0,0.23915853446563368,0.0,182,64,234
FIFO,697,4025.6076040172165,10886.07,19324.07,0.3005671387905085,0.01101749837977965,0,64,235
Backfill_FIFO,697,1237.508350071736,9773.02,11303.03,0.5138604807460921,0.0006480881399870382,649,64,235
RF_SRPT_proxy,697,1252.5198852223816,9784.01,11187.02,0.519189241611037,0.0006480881399870382,333,64,235
FIFO,840,2950.857297619048,5826.129500000001,14645.02,0.17710614443297107,0.01038781163434903,0,64,236
Backfill_FIFO,840,547.8549880952381,4366.099999999891,11215.01,0.23127246675159,0.0039242843951985225,730,64,236
RF_SRPT_proxy,840,551.6439047619048,4366.099999999891,11159.01,0.23243307671054592,0.0039242843951985225,408,64,236
FIFO,629,4584.429507154215,9718.02,17929.02,0.3322107860956705,0.0061617458279845955,0,64,237
Backfill_FIFO,629,767.9516693163753,8572.228000000001,10624.01,0.5606370690657297,0.0,558,64,237
RF_SRPT_proxy,629,834.3740540540541,9354.206,11377.01,0.523530684083516,0.0020539152759948653,305,64,237
FIFO,375,9445.606506666667,15573.839999999997,23739.03,0.3536980842769798,0.004669260700389105,0,64,238
Backfill_FIFO,375,1598.327386666667,11718.014000000001,13231.0,0.6346042954873969,0.004669260700389105,281,64,238
RF_SRPT_proxy,375,1603.5808533333336,12091.257000000001,13563.0,0.6190702229295695,0.004669260700389105,282,64,238
FIFO,432,189.3742824074074,898.0,10115.0,0.369151909293129,0.019936204146730464,0,64,239
Backfill_FIFO,432,189.3742824074074,898.0,10115.0,0.369151909293129,0.019936204146730464,0,64,239
RF_SRPT_proxy,432,189.36504629629633,898.0,10115.0,0.369151909293129,0.019936204146730464,0,64,239
FIFO,736,6185.8099048913045,13506.330000000002,22072.08,0.27557313250778825,0.00044533511467379205,0,64,240
Backfill_FIFO,736,1740.181902173913,9812.782500000001,11410.04,0.5330807101958016,0.006680026720106881,717,64,240
RF_SRPT_proxy,736,1752.3765489130433,9951.072500000002,11220.04,0.5421078914658509,0.006234691605433089,402,64,240
FIFO,850,102.13399999999999,401.9499999999996,6257.0,0.5691531703242367,0.011116051578479324,0,64,241
Backfill_FIFO,850,99.98105882352941,401.9499999999996,6257.0,0.5691531703242367,0.009337483325922631,32,64,241
RF_SRPT_proxy,850,99.974,401.9499999999996,6257.0,0.5691531703242367,0.009337483325922631,3,64,241
FIFO,299,238.29919732441473,1166.1999999999948,10115.0,0.28457109259144836,0.016008537886873,0,64,242
Backfill_FIFO,299,238.29919732441473,1166.1999999999948,10115.0,0.28457109259144836,0.016008537886873,0,64,242
RF_SRPT_proxy,299,238.29919732441473,1166.1999999999948,10115.0,0.28457109259144836,0.016008537886873,0,64,242
FIFO,716,3989.0493435754206,7277.290000000001,15747.050000000001,0.19055966534208,0.0008006405124099279,0,64,243
Backfill_FIFO,716,310.8833938547487,3143.5075,10138.01,0.29599029574097874,0.0,663,64,243
RF_SRPT_proxy,716,310.80245810055874,3139.5025,10138.01,0.2959902957409788,0.0,326,64,243
FIFO,491,2770.2510386965387,4937.015,13483.02,0.1359918446845551,0.008440046565774156,0,64,244
Backfill_FIFO,491,442.0889816700612,3681.01,10138.01,0.18086199971382458,0.005820721769499418,445,64,244
RF_SRPT_proxy,491,441.9729735234217,3675.055000000001,10138.01,0.18086199971382458,0.005820721769499418,263,64,244
FIFO,213,346.5450234741784,2782.9999999999636,10115.0,0.3518160973028917,0.013353115727002967,0,64,245
Backfill_FIFO,213,346.5403286384976,2782.9999999999636,10115.0,0.3518160973028917,0.013353115727002967,1,64,245
RF_SRPT_proxy,213,346.5403286384976,2782.9999999999636,10115.0,0.3518160973028917,0.013353115727002967,0,64,245
FIFO,375,6734.67688,12620.137,20857.03,0.31210399855288595,0.0002860411899313501,0,64,246
Backfill_FIFO,375,1263.79464,10261.014000000001,11774.0,0.5528760371103705,0.0,297,64,246
RF_SRPT_proxy,375,1265.2134133333334,10246.257000000001,11718.0,0.5555182164991893,0.0,231,64,246
FIFO,831,111.47178098676295,400.0,10115.0,0.4064838266188828,0.007936507936507936,0,64,247
Backfill_FIFO,831,111.46456077015645,400.0,10115.0,0.4064838266188828,0.007936507936507936,2,64,247
RF_SRPT_proxy,831,111.46456077015645,400.0,10115.0,0.4064838266188828,0.007936507936507936,2,64,247
FIFO,863,2959.7479142526067,8220.899,12134.09,0.2971533657318967,0.001370097619455386,0,64,248
Backfill_FIFO,863,1162.7552607184243,6068.950000000001,7630.0700000000015,0.4725625955716983,0.000941942113375578,717,64,248
RF_SRPT_proxy,863,1300.7122827346473,6704.702000000002,7441.060000000001,0.4845661348777926,0.0012844665182394246,433,64,248
FIFO,638,367.7099059561129,1494.299999999999,11385.0,0.6295018630599473,0.0025806451612903226,0,64,249
Backfill_FIFO,638,236.35230407523514,1191.4514999999994,11375.02,0.6300541635036685,0.0,119,64,249
RF_SRPT_proxy,638,238.2189655172414,1224.808499999998,11035.01,0.6494673508168547,0.005161290322580645,95,64,249
FIFO,385,244.59589610389614,953.1999999999969,10115.0,0.432179229872096,0.01592356687898089,0,64,250
Backfill_FIFO,385,205.653038961039,854.0,10115.0,0.4321792298720959,0.015127388535031847,47,64,250
RF_SRPT_proxy,385,205.89218181818183,854.0,10115.0,0.4321792298720959,0.01751592356687898,34,64,250
FIFO,590,7464.845525423728,13078.04,21173.03,0.43402420714435996,0.0026340996168582377,0,64,251
Backfill_FIFO,590,1132.7112542372884,11349.03,13402.03,0.6856877322759125,0.0021551724137931034,506,64,251
RF_SRPT_proxy,590,1123.8862372881358,11033.220000000001,13046.02,0.7043993155455645,0.0023946360153256703,371,64,251
FIFO,397,151.43574307304786,898.0,9047.0,0.26300188209834746,0.023578363384188627,0,64,252
Backfill_FIFO,397,151.43574307304786,898.0,9047.0,0.26300188209834746,0.023578363384188627,0,64,252
RF_SRPT_proxy,397,151.43574307304786,898.0,9047.0,0.26300188209834746,0.023578363384188627,0,64,252
FIFO,602,6475.524634551496,14348.0795,22963.07,0.28436167850841587,0.01032091598129334,0,64,253
Backfill_FIFO,602,1465.788388704319,9780.86,11303.03,0.5777050161687841,0.0,565,64,253
RF_SRPT_proxy,602,1479.1472591362128,9791.0,11187.02,0.5836958483051118,0.0,351,64,253
FIFO,779,3285.1240308087304,6241.050000000001,14703.050000000001,0.1478064898736997,0.010853478046373951,0,64,254
Backfill_FIFO,779,310.62341463414634,3143.203,10138.01,0.21436220825758706,0.00740009866798224,714,64,254
RF_SRPT_proxy,779,310.55029525032097,3139.201,10138.01,0.214362208257587,0.00740009866798224,372,64,254
FIFO,641,3998.2432449297985,7096.050000000001,15126.060000000001,0.2852977070284662,0.0026128266033254156,0,64,255
Backfill_FIFO,641,660.1078627145087,8094.01,10147.01,0.42529082304787336,0.0026128266033254156,592,64,255
RF_SRPT_proxy,641,682.6502652106084,8069.01,10096.01,0.42743917987155305,0.0023752969121140144,368,64,255
FIFO,480,137.26254166666666,654.4999999999959,9047.0,0.2957052989768708,0.01267710663683818,0,64,256
Backfill_FIFO,480,136.66045833333334,652.4999999999977,9047.0,0.2957052989768708,0.01267710663683818,10,64,256
RF_SRPT_proxy,480,136.658375,652.4999999999977,9047.0,0.2957052989768708,0.01267710663683818,2,64,256
FIFO,413,5839.434600484263,10329.45,18860.04,0.3047064419584342,0.008330939385234128,0,64,257
Backfill_FIFO,413,787.2965859564166,5882.208,10849.01,0.5297050775687137,0.007469118069520253,385,64,257
RF_SRPT_proxy,413,795.2119370460049,5903.014,11174.01,0.5142984195999244,0.007469118069520253,261,64,257
FIFO,519,2110.9131406551064,4513.5999999999785,14656.0,0.6831077742264261,0.01436130007558579,0,64,258
Backfill_FIFO,519,735.6509248554914,3037.003,13337.0,0.7506656323807827,0.013605442176870748,241,64,258
RF_SRPT_proxy,519,398.87317919075144,3235.0,13023.0,0.7687650724919373,0.01889644746787604,82,64,258
FIFO,731,148.06941176470588,908.5,10639.0,0.4409917502085488,0.00856269113149847,0,64,259
Backfill_FIFO,731,109.42235294117648,384.5,10115.0,0.46383699757476526,0.007339449541284404,69,64,259
RF_SRPT_proxy,731,108.3074418604651,363.0,10115.0,0.46383699757476526,0.009174311926605505,47,64,259
FIFO,779,3595.9794865211816,9023.02,17674.02,0.4830483120050646,0.003482702577199907,0,64,260
Backfill_FIFO,779,753.1769704749679,10251.226999999997,12896.01,0.6620191460260771,0.0,711,64,260
RF_SRPT_proxy,779,736.7366238767652,9996.708999999975,12909.01,0.6613524605948674,0.0,405,64,260
FIFO,282,9051.07953900709,15538.029999999999,23957.039999999997,0.3072946325876444,0.005667506297229219,0,64,261
Backfill_FIFO,282,1763.0772695035457,9997.56,11420.0,0.6446470932300791,0.005982367758186398,192,64,261
RF_SRPT_proxy,282,1857.9706737588651,10638.9115,12015.0,0.6127232463327094,0.006612090680100755,200,64,261
FIFO,784,107.84095663265308,498.6499999999901,10115.0,0.17740334782810183,0.011844331641285956,0,64,262
Backfill_FIFO,784,107.84095663265308,498.6499999999901,10115.0,0.17740334782810183,0.011844331641285956,0,64,262
RF_SRPT_proxy,784,107.84095663265308,498.6499999999901,10115.0,0.17740334782810183,0.011844331641285956,0,64,262
FIFO,1131,1527.7785322723255,3516.5550000000003,12119.05,0.19615152480753445,0.009261123414535936,0,64,263
Backfill_FIFO,1131,217.9749690539346,1440.0,10138.01,0.23448094218872842,0.0038252466277431045,1053,64,263
RF_SRPT_proxy,1131,217.83195402298853,1440.0,10138.01,0.23448094218872836,0.0038252466277431045,532,64,263
FIFO,390,3741.0013076923083,7509.119999999999,16146.02,0.2822223649678838,0.0,0,64,264
Backfill_FIFO,390,1072.2547435897436,8676.410999999998,10147.01,0.44907494416766613,0.0,349,64,264
RF_SRPT_proxy,390,1072.0163846153848,8693.0155,10138.01,0.44947360963529825,0.0,233,64,264
FIFO,624,3575.422243589744,7006.590000000001,15485.04,0.20410642732639053,0.0048449612403100775,0,64,265
Backfill_FIFO,624,694.9229487179487,8075.5545,10152.01,0.31132713535607726,0.0031492248062015503,611,64,265
RF_SRPT_proxy,624,694.7595512820513,8070.7015,10143.01,0.31160337921447884,0.0031492248062015503,330,64,265
FIFO,690,126.66346376811593,559.5499999999963,6257.0,0.5842498120854643,0.006595636732623034,0,64,266
Backfill_FIFO,690,123.9069420289855,559.5499999999963,6257.0,0.5842498120854643,0.005580923389142567,30,64,266
RF_SRPT_proxy,690,123.90404347826086,559.5499999999963,6257.0,0.5842498120854643,0.005580923389142567,8,64,266
FIFO,764,6601.761492146597,11930.050000000001,20576.04,0.3429126011826133,0.005172026085001125,0,64,267
Backfill_FIFO,764,707.2441623036648,7692.900000000067,12042.0,0.5859311907023336,0.004722284686305375,693,64,267
RF_SRPT_proxy,764,788.4566753926704,6838.400000000025,12628.0,0.5587411623723078,0.005172026085001125,403,64,267
FIFO,658,2714.933039513679,5016.090000000002,13876.090000000002,0.1482156748023939,0.004857621440536013,0,64,268
Backfill_FIFO,658,610.4287234042554,3776.46,10161.02,0.20240625871898202,0.005025125628140704,609,64,268
RF_SRPT_proxy,658,610.915227963526,3783.9170000000004,10161.02,0.20240625871898202,0.005025125628140704,304,64,268
FIFO,588,601.898486394558,1678.0465000000002,10316.04,0.2532888104350119,0.0023576961940047153,0,64,269
Backfill_FIFO,588,205.09005102040817,913.0,10115.0,0.25832303509639154,0.008869428539351073,171,64,269
RF_SRPT_proxy,588,210.6437755102041,916.0065000000002,10115.0,0.2583230350963915,0.008644886044683957,188,64,269
FIFO,545,3500.2752660550464,7557.4400000000005,16347.04,0.31559985878941993,0.005229379605419538,0,64,270
Backfill_FIFO,545,754.1138165137614,8077.8,10134.0,0.5090905383486284,0.0038031851675778463,470,64,270
RF_SRPT_proxy,545,753.3691743119267,8068.608,10125.0,0.509543063271605,0.0038031851675778463,330,64,270
FIFO,601,999.3982529118136,1994.0299999999997,10395.029999999999,0.12750393660179435,0.011302337528898022,0,64,271
Backfill_FIFO,601,240.97236272878533,898.0,10138.01,0.1307364311234404,0.012072951451322887,540,64,271
RF_SRPT_proxy,601,241.66613976705491,898.0,10138.01,0.1307364311234404,0.012072951451322887,236,64,271
FIFO,581,2279.1319965576595,8531.02,17008.02,0.23913082851869294,0.007984031936127744,0,64,272
Backfill_FIFO,581,672.4048020654046,8076.0,10134.0,0.40133628518477404,0.002439565313816811,430,64,272
RF_SRPT_proxy,581,672.0953184165234,8063.0,10125.0,0.40169302854938277,0.002439565313816811,310,64,272
FIFO,663,976.8298642533938,1768.06,6378.139999999999,0.3148363614823445,0.0024803034724248615,0,64,273
Backfill_FIFO,663,247.93049773755658,1072.0,5657.0,0.3549709016484003,0.015465421651590313,622,64,273
RF_SRPT_proxy,663,264.88392156862744,1256.0999999999958,5657.0,0.3549709016484004,0.0019696527575138604,365,64,273
FIFO,644,3973.877732919256,7656.040000000001,15937.04,0.26586625451228707,0.010251153254741158,0,64,274
Backfill_FIFO,644,747.3483850931677,9168.7355,11220.01,0.3776396930851665,0.005638134290107637,607,64,274
RF_SRPT_proxy,644,753.6211801242237,9136.7085,11164.01,0.37953397863424504,0.005638134290107637,350,64,274
FIFO,494,7108.676659919029,15426.029999999999,23414.03,0.2759867552902576,0.008947368421052631,0,64,275
Backfill_FIFO,494,972.4036639676114,9377.7265,11420.0,0.5658460742529555,0.002368421052631579,356,64,275
RF_SRPT_proxy,494,1005.6750202429151,9555.1,11557.0,0.5591383722392275,0.004736842105263158,254,64,275
FIFO,367,5626.583242506813,10284.35,18868.050000000003,0.209866614172172,0.003067484662576687,0,64,276
Backfill_FIFO,367,1336.949046321526,5928.110000000001,10135.0,0.3907028879655896,0.003551824346141427,298,64,276
RF_SRPT_proxy,367,1337.3064305177113,5970.110000000001,10135.0,0.3907028879655896,0.003551824346141427,265,64,276
FIFO,798,3032.1571804511286,8464.193000000001,16764.04,0.19161894019132625,0.0,0,64,277
Backfill_FIFO,798,379.8741854636592,5053.8255,10138.01,0.3168578032695766,0.0,743,64,277
RF_SRPT_proxy,798,379.8028070175438,5043.409,10138.01,0.31685780326957663,0.0,393,64,277
FIFO,699,977.6637339055795,2852.0,11195.0,0.1327479901741849,0.004741476631293746,0,64,278
Backfill_FIFO,699,194.492017167382,1256.6000000000008,10125.0,0.14677666666666667,0.003612553623842854,491,64,278
RF_SRPT_proxy,699,192.64351931330472,1251.7280000000017,10125.0,0.14677666666666667,0.0,276,64,278
FIFO,550,1439.8405454545455,4301.95,13062.0,0.6516807969922294,0.003569303985722784,0,64,279
Backfill_FIFO,550,435.00474545454546,3511.0,12888.0,0.660479094530765,0.001784651992861392,238,64,279
RF_SRPT_proxy,550,468.2555636363636,4332.249999999993,12886.0,0.6605816056427518,0.00297441998810232,117,64,279
FIFO,853,3729.9783001172336,7710.080000000002,16246.080000000002,0.24294810174977594,0.0020042311546598374,0,64,280
Backfill_FIFO,853,1343.8411371629545,8728.814,10342.04,0.38164175509619,0.00812827079389823,833,64,280
RF_SRPT_proxy,853,1355.407491207503,8839.878000000002,10199.03,0.3869931059007573,0.00812827079389823,414,64,280
FIFO,574,3369.9820557491294,7750.350000000001,16220.050000000001,0.29951176480844705,0.004384762948753083,0,64,281
Backfill_FIFO,574,503.31315331010455,5286.0070000000005,10221.01,0.4753048672079618,0.005206906001644286,535,64,281
RF_SRPT_proxy,574,502.2624216027876,5281.0070000000005,10221.01,0.4753048672079619,0.004658810633050151,350,64,281
FIFO,420,179.33485714285715,708.1999999999998,5657.0,0.5535190430550644,0.002609262883235486,0,64,282
Backfill_FIFO,420,166.41580952380957,700.0,5657.0,0.5535190430550644,0.002609262883235486,24,64,282
RF_SRPT_proxy,420,166.52057142857146,700.0,5657.0,0.5535190430550644,0.002609262883235486,16,64,282
FIFO,396,251.097297979798,1015.0,10115.0,0.37517691276878395,0.011128775834658187,0,64,283
Backfill_FIFO,396,235.98871212121213,911.25,10115.0,0.37517691276878395,0.010333863275039745,44,64,283
RF_SRPT_proxy,396,236.51143939393938,911.25,10115.0,0.37517691276878395,0.010333863275039745,14,64,283
FIFO,841,3631.4903091557676,9474.09,17895.07,0.2825424103363384,0.0013505908835115363,0,64,284
Backfill_FIFO,841,1318.9648038049943,8724.01,10327.04,0.4895997508422065,0.007878446820483961,810,64,284
RF_SRPT_proxy,841,1367.1040784780027,8841.03,10199.03,0.49574481209855265,0.007878446820483961,411,64,284
FIFO,673,2882.597384843983,7056.08,15410.08,0.2702626477888175,0.0033879164313946925,0,64,285
Backfill_FIFO,673,981.936820208024,5926.41,10115.0,0.4117418708292141,0.003049124788255223,424,64,285
RF_SRPT_proxy,673,998.8216493313524,6007.62,10115.0,0.4117418708292141,0.009824957651044608,320,64,285
FIFO,420,747.1598095238098,2902.46,11103.01,0.6555896796932769,0.020642201834862386,0,64,286
Backfill_FIFO,420,385.0124523809524,1891.0,12369.0,0.5884888648662988,0.020642201834862386,114,64,286
RF_SRPT_proxy,420,364.90742857142857,1886.0,12493.0,0.5826477843217202,0.020642201834862386,69,64,286
FIFO,785,91.76183439490447,333.3999999999985,10115.0,0.2935186681290163,0.008036739380022962,0,64,287
Backfill_FIFO,785,91.76183439490447,333.3999999999985,10115.0,0.2935186681290163,0.008036739380022962,0,64,287
RF_SRPT_proxy,785,91.76183439490447,333.3999999999985,10115.0,0.2935186681290163,0.007462686567164179,0,64,287
FIFO,449,693.9861469933186,3295.0,7497.0,0.7991309961484595,0.0,0,64,288
Backfill_FIFO,449,232.59639198218264,2154.7999999999997,7497.0,0.7991309961484595,0.0,82,64,288
RF_SRPT_proxy,449,229.39817371937642,1812.7999999999897,8239.0,0.7271616795879355,0.0,38,64,288
FIFO,381,7232.306981627296,12270.03,20723.03,0.38255113525115536,0.00028768699654775604,0,64,289
Backfill_FIFO,381,1684.3373490813656,11855.02,13374.0,0.5927634703412407,0.0,316,64,289
RF_SRPT_proxy,381,1750.0148556430445,11865.070000000002,13341.01,0.5942292714227599,0.0,251,64,289
FIFO,855,105.84045614035087,341.7999999999997,5657.0,0.35216593517986566,0.00392156862745098,0,64,290
Backfill_FIFO,855,104.65098245614034,341.7999999999997,5657.0,0.35216593517986566,0.00392156862745098,24,64,290
RF_SRPT_proxy,855,104.65098245614034,341.7999999999997,5657.0,0.35216593517986566,0.00392156862745098,6,64,290
FIFO,261,1833.5655938697319,5038.0,12532.0,0.5962365157696298,0.010964912280701754,0,64,291
Backfill_FIFO,261,437.1126053639847,3596.0,12315.0,0.6067426728075518,0.01206140350877193,118,64,291
RF_SRPT_proxy,261,433.38045977011495,3914.0,12458.0,0.5997781357862417,0.01206140350877193,58,64,291
FIFO,582,4840.3798797250865,10532.910000000002,19079.06,0.3382989976969515,0.0011058451816745656,0,64,292
Backfill_FIFO,582,1318.6690721649486,8710.01,11004.02,0.586551721552669,0.0014218009478672985,563,64,292
RF_SRPT_proxy,582,1354.8542439862545,8723.0,10689.02,0.6038371034014346,0.0014218009478672985,344,64,292
FIFO,599,5907.563722871453,12140.501,21014.1,0.4058465692380355,0.001021682370303099,0,64,293
Backfill_FIFO,599,2455.679248747914,11090.04,12591.04,0.6773467791878197,0.00794641843569077,490,64,293
RF_SRPT_proxy,599,2741.7289482470796,12370.248000000001,13622.04,0.626080997458898,0.008059938699057781,398,64,293
FIFO,822,6823.714391727494,15091.029999999999,23873.03,0.3130503219139965,0.002742857142857143,0,64,294
Backfill_FIFO,822,768.9518004866181,7784.9,11662.01,0.6408380482063126,0.0009142857142857143,810,64,294
RF_SRPT_proxy,822,789.5937104622872,8179.549999999956,12033.01,0.6210798234658247,0.0018285714285714285,412,64,294
FIFO,1039,2502.7298075072194,5368.100000000002,9439.100000000002,0.16383052773834364,0.011215440792905582,0,64,295
Backfill_FIFO,1039,204.77277189605394,1440.0,5213.01,0.29664488162788877,0.008607198748043818,895,64,295
RF_SRPT_proxy,1039,207.85138594802697,1440.0,5157.01,0.29986615003170436,0.008607198748043818,362,64,295
FIFO,792,2777.418926767677,9726.03,18010.03,0.23740928687549384,0.001365001365001365,0,64,296
Backfill_FIFO,792,909.0907575757577,8581.267999999996,10209.0,0.41882146918466545,0.001638001638001638,607,64,296
RF_SRPT_proxy,792,921.8366161616161,8569.488500000001,10146.0,0.421422075587054,0.001638001638001638,399,64,296
FIFO,712,4353.790884831461,9908.04,18297.04,0.2981741204366253,0.009283819628647215,0,64,297
Backfill_FIFO,712,683.2606882022473,9481.68,11577.01,0.471253269073254,0.005570291777188329,651,64,297
RF_SRPT_proxy,712,682.8660814606743,9475.67,11521.01,0.4735438827493207,0.005570291777188329,354,64,297
FIFO,846,142.07611111111112,911.75,6257.0,0.616530242378536,0.006208425720620843,0,64,298
Backfill_FIFO,846,100.53001182033098,389.25,6257.0,0.616530242378536,0.004434589800443459,81,64,298
RF_SRPT_proxy,846,99.66358156028369,369.0,6257.0,0.616530242378536,0.005321507760532151,52,64,298
FIFO,667,4989.588095952025,11816.590000000002,20497.090000000004,0.3791935935707824,0.009682104243989027,0,64,299
Backfill_FIFO,667,1597.1695202398805,11340.726,12824.03,0.6060782152602384,0.0,539,64,299
RF_SRPT_proxy,667,1610.8833133433286,11315.01,12713.02,0.6113704859147359,0.0,375,64,299
